[2026-06-17 05:00:25] Processing 300gt02.live
  - Error on attempt 1: [Errno 8] nodename nor servname provided, or not known

[2026-06-17 05:00:25] PERMANENTLY FAILED: 300gt02.live
  - Attempts: 1/2
  - Final Error: [Errno 8] nodename nor servname provided, or not known

[2026-06-17 05:00:25] Processing oregoncoastmags.net
  - Error on attempt 1: [Errno 8] nodename nor servname provided, or not known

[2026-06-17 05:00:25] Processing nilayohe.innovationcast.net
  - Error on attempt 1: [Errno 8] nodename nor servname provided, or not known

[2026-06-17 05:00:25] PERMANENTLY FAILED: oregoncoastmags.net
  - Attempts: 1/2
  - Final Error: [Errno 8] nodename nor servname provided, or not known

[2026-06-17 05:00:25] PERMANENTLY FAILED: nilayohe.innovationcast.net
  - Attempts: 1/2
  - Final Error: [Errno 8] nodename nor servname provided, or not known

[2026-06-17 05:00:25] Processing metrics.companycapital.com
  - Error on attempt 1: [Errno 8] nodename nor servname provided, or not known

[2026-06-17 05:00:25] PERMANENTLY FAILED: metrics.companycapital.com
  - Attempts: 1/2
  - Final Error: [Errno 8] nodename nor servname provided, or not known

[2026-06-17 05:00:25] Processing wensnas.direct.quickconnect.to
  - Error on attempt 1: [Errno 8] nodename nor servname provided, or not known

[2026-06-17 05:00:25] PERMANENTLY FAILED: wensnas.direct.quickconnect.to
  - Attempts: 1/2
  - Final Error: [Errno 8] nodename nor servname provided, or not known

[2026-06-17 05:00:25] Processing api.app.emailsellerscale.com
  - Error on attempt 1: [Errno 8] nodename nor servname provided, or not known

[2026-06-17 05:00:25] PERMANENTLY FAILED: api.app.emailsellerscale.com
  - Attempts: 1/2
  - Final Error: [Errno 8] nodename nor servname provided, or not known

[2026-06-17 05:00:25] Processing a1bc1d6af85b4fa9b86ae0756cc43008.plex.direct
  - Error on attempt 1: [Errno 8] nodename nor servname provided, or not known

[2026-06-17 05:00:25] Processing klyx7.info
  - Error on attempt 1: [Errno 8] nodename nor servname provided, or not known

[2026-06-17 05:00:25] PERMANENTLY FAILED: klyx7.info
  - Attempts: 1/2
  - Final Error: [Errno 8] nodename nor servname provided, or not known

[2026-06-17 05:00:25] Processing auth.radlar.com
  - Error on attempt 1: [Errno 8] nodename nor servname provided, or not known

[2026-06-17 05:00:25] Processing devstudio-lb.workers.dev
  - Error on attempt 1: [Errno 8] nodename nor servname provided, or not known

[2026-06-17 05:00:25] PERMANENTLY FAILED: devstudio-lb.workers.dev
  - Attempts: 1/2
  - Final Error: [Errno 8] nodename nor servname provided, or not known

[2026-06-17 05:00:25] PERMANENTLY FAILED: a1bc1d6af85b4fa9b86ae0756cc43008.plex.direct
  - Attempts: 1/2
  - Final Error: [Errno 8] nodename nor servname provided, or not known

[2026-06-17 05:00:25] Processing 38365988a806400abc5d3e481e31c787.plex.direct
  - Error on attempt 1: [Errno 8] nodename nor servname provided, or not known

[2026-06-17 05:00:25] PERMANENTLY FAILED: 38365988a806400abc5d3e481e31c787.plex.direct
  - Attempts: 1/2
  - Final Error: [Errno 8] nodename nor servname provided, or not known

[2026-06-17 05:00:25] Processing rvremote.radlar.com
  - Error on attempt 1: [Errno 8] nodename nor servname provided, or not known

[2026-06-17 05:00:25] PERMANENTLY FAILED: auth.radlar.com
  - Attempts: 1/2
  - Final Error: [Errno 8] nodename nor servname provided, or not known

[2026-06-17 05:00:25] PERMANENTLY FAILED: rvremote.radlar.com
  - Attempts: 1/2
  - Final Error: [Errno 8] nodename nor servname provided, or not known

[2026-06-17 05:00:26] Processing master-mages.esohost.ru
  - Error on attempt 1: [Errno 61] Connection refused

[2026-06-17 05:00:26] PERMANENTLY FAILED: master-mages.esohost.ru
  - Attempts: 1/2
  - Final Error: [Errno 61] Connection refused

[2026-06-17 05:00:26] Processing vaupelklein.direct.quickconnect.to
  - Error on attempt 1: [Errno 61] Connection refused

[2026-06-17 05:00:26] PERMANENTLY FAILED: vaupelklein.direct.quickconnect.to
  - Attempts: 1/2
  - Final Error: [Errno 61] Connection refused

[2026-06-17 05:00:26] Processing ww25.sendy.parknicollect.com
  - Error on attempt 1: [Errno 61] Connection refused

[2026-06-17 05:00:26] PERMANENTLY FAILED: ww25.sendy.parknicollect.com
  - Attempts: 1/2
  - Final Error: [Errno 61] Connection refused

[2026-06-17 05:00:26] Processing ww7.alla-cart.com
  - Error on attempt 1: [Errno 8] nodename nor servname provided, or not known

[2026-06-17 05:00:26] PERMANENTLY FAILED: ww7.alla-cart.com
  - Attempts: 1/2
  - Final Error: [Errno 8] nodename nor servname provided, or not known

[2026-06-17 05:00:26] Processing cluster-hkwnnrpvejhsmvjghvqfjn7l7g.cloudworkstations.dev
  - Error on attempt 1: [Errno 8] nodename nor servname provided, or not known

[2026-06-17 05:00:26] PERMANENTLY FAILED: cluster-hkwnnrpvejhsmvjghvqfjn7l7g.cloudworkstations.dev
  - Attempts: 1/2
  - Final Error: [Errno 8] nodename nor servname provided, or not known

[2026-06-17 05:00:26] Processing api.sitemap.sketchappdata.com
  - Error on attempt 1: [Errno 8] nodename nor servname provided, or not known

[2026-06-17 05:00:26] PERMANENTLY FAILED: api.sitemap.sketchappdata.com
  - Attempts: 1/2
  - Final Error: [Errno 8] nodename nor servname provided, or not known

[2026-06-17 05:00:26] Processing galacticbussing.com
  - Error on attempt 1: [Errno 8] nodename nor servname provided, or not known

[2026-06-17 05:00:26] PERMANENTLY FAILED: galacticbussing.com
  - Attempts: 1/2
  - Final Error: [Errno 8] nodename nor servname provided, or not known

[2026-06-17 05:00:26] Processing 7107bb593d995e0a825776eb.keenetic.io
  - Error on attempt 1: [Errno 8] nodename nor servname provided, or not known

[2026-06-17 05:00:26] PERMANENTLY FAILED: 7107bb593d995e0a825776eb.keenetic.io
  - Attempts: 1/2
  - Final Error: [Errno 8] nodename nor servname provided, or not known

[2026-06-17 05:00:26] Processing koru.help
  - Error on attempt 1: [Errno 8] nodename nor servname provided, or not known

[2026-06-17 05:00:26] PERMANENTLY FAILED: koru.help
  - Attempts: 1/2
  - Final Error: [Errno 8] nodename nor servname provided, or not known

[2026-06-17 05:00:26] Processing dart.peisze.com
  - Error on attempt 1: [Errno 8] nodename nor servname provided, or not known

[2026-06-17 05:00:26] PERMANENTLY FAILED: dart.peisze.com
  - Attempts: 1/2
  - Final Error: [Errno 8] nodename nor servname provided, or not known

[2026-06-17 05:00:26] Processing api.www.hbgwcf.51.222.141.36.sslip.io
  - Error on attempt 1: [SSL: TLSV1_ALERT_INTERNAL_ERROR] tlsv1 alert internal error (_ssl.c:1006)

[2026-06-17 05:00:26] PERMANENTLY FAILED: api.www.hbgwcf.51.222.141.36.sslip.io
  - Attempts: 1/2
  - Final Error: [SSL: TLSV1_ALERT_INTERNAL_ERROR] tlsv1 alert internal error (_ssl.c:1006)

[2026-06-17 05:00:26] Processing nz-trinity.help
  - Error on attempt 1: [Errno 8] nodename nor servname provided, or not known

[2026-06-17 05:00:26] PERMANENTLY FAILED: nz-trinity.help
  - Attempts: 1/2
  - Final Error: [Errno 8] nodename nor servname provided, or not known

[2026-06-17 05:00:26] Processing onepot-wonders.com
  - Error on attempt 1: [Errno 61] Connection refused

[2026-06-17 05:00:26] PERMANENTLY FAILED: onepot-wonders.com
  - Attempts: 1/2
  - Final Error: [Errno 61] Connection refused

[2026-06-17 05:00:26] Processing ccindianapolis.info
  - Error on attempt 1: [Errno 61] Connection refused

[2026-06-17 05:00:26] PERMANENTLY FAILED: ccindianapolis.info
  - Attempts: 1/2
  - Final Error: [Errno 61] Connection refused

[2026-06-17 05:00:26] Processing test.staging.dnsociety.com
  - Error on attempt 1: [SSL: TLSV1_UNRECOGNIZED_NAME] tlsv1 unrecognized name (_ssl.c:1006)

[2026-06-17 05:00:26] PERMANENTLY FAILED: test.staging.dnsociety.com
  - Attempts: 1/2
  - Final Error: [SSL: TLSV1_UNRECOGNIZED_NAME] tlsv1 unrecognized name (_ssl.c:1006)

[2026-06-17 05:00:26] Processing amr-20260108-153248-10-sd0npkuonnnn-0.centraluseuap.redis.azure.net
  - Error on attempt 1: [Errno 8] nodename nor servname provided, or not known

[2026-06-17 05:00:26] PERMANENTLY FAILED: amr-20260108-153248-10-sd0npkuonnnn-0.centraluseuap.redis.azure.net
  - Attempts: 1/2
  - Final Error: [Errno 8] nodename nor servname provided, or not known

[2026-06-17 05:00:26] Processing fiicgr28beujrjj.xyz
  - Error on attempt 1: [Errno 8] nodename nor servname provided, or not known

[2026-06-17 05:00:26] PERMANENTLY FAILED: fiicgr28beujrjj.xyz
  - Attempts: 1/2
  - Final Error: [Errno 8] nodename nor servname provided, or not known

[2026-06-17 05:00:26] Processing bestofwallonia.eu
  - Error on attempt 1: [Errno 8] nodename nor servname provided, or not known

[2026-06-17 05:00:26] PERMANENTLY FAILED: bestofwallonia.eu
  - Attempts: 1/2
  - Final Error: [Errno 8] nodename nor servname provided, or not known

[2026-06-17 05:00:26] Processing af31da70323542ccacbdbff0ae16b829-0.lambdaspaces.com
  - Error on attempt 1: [Errno 8] nodename nor servname provided, or not known

[2026-06-17 05:00:26] PERMANENTLY FAILED: af31da70323542ccacbdbff0ae16b829-0.lambdaspaces.com
  - Attempts: 1/2
  - Final Error: [Errno 8] nodename nor servname provided, or not known

[2026-06-17 05:00:26] Processing servicegen-vaasauto-sectigo-ca-ynx0z.vfidev.com
  - Error on attempt 1: [Errno 8] nodename nor servname provided, or not known

[2026-06-17 05:00:26] PERMANENTLY FAILED: servicegen-vaasauto-sectigo-ca-ynx0z.vfidev.com
  - Attempts: 1/2
  - Final Error: [Errno 8] nodename nor servname provided, or not known

[2026-06-17 05:00:26] Processing login.krentavest-app.net
  - Error on attempt 1: [Errno 8] nodename nor servname provided, or not known

[2026-06-17 05:00:26] PERMANENTLY FAILED: login.krentavest-app.net
  - Attempts: 1/2
  - Final Error: [Errno 8] nodename nor servname provided, or not known

[2026-06-17 05:00:26] Processing 8e045be5586ddb8fa05c03fb.keenetic.io
  - Error on attempt 1: [Errno 8] nodename nor servname provided, or not known

[2026-06-17 05:00:26] PERMANENTLY FAILED: 8e045be5586ddb8fa05c03fb.keenetic.io
  - Attempts: 1/2
  - Final Error: [Errno 8] nodename nor servname provided, or not known

[2026-06-17 05:00:26] Processing api.shibserv2.almased.uk
  - Error on attempt 1: [Errno 8] nodename nor servname provided, or not known

[2026-06-17 05:00:26] PERMANENTLY FAILED: api.shibserv2.almased.uk
  - Attempts: 1/2
  - Final Error: [Errno 8] nodename nor servname provided, or not known

[2026-06-17 05:00:26] Processing custom-ssl-test-1767886652858.eu1.prod.hubspot-at-test.com
  - Error on attempt 1: [SSL: SSLV3_ALERT_HANDSHAKE_FAILURE] ssl/tls alert handshake failure (_ssl.c:1006)

[2026-06-17 05:00:26] PERMANENTLY FAILED: custom-ssl-test-1767886652858.eu1.prod.hubspot-at-test.com
  - Attempts: 1/2
  - Final Error: [SSL: SSLV3_ALERT_HANDSHAKE_FAILURE] ssl/tls alert handshake failure (_ssl.c:1006)

[2026-06-17 05:00:26] Processing smtpa.aslat.it
  - Error on attempt 1: [Errno 8] nodename nor servname provided, or not known

[2026-06-17 05:00:26] Processing sm2040.cc
  - Error on attempt 1: [Errno 8] nodename nor servname provided, or not known

[2026-06-17 05:00:26] PERMANENTLY FAILED: smtpa.aslat.it
  - Attempts: 1/2
  - Final Error: [Errno 8] nodename nor servname provided, or not known

[2026-06-17 05:00:26] PERMANENTLY FAILED: sm2040.cc
  - Attempts: 1/2
  - Final Error: [Errno 8] nodename nor servname provided, or not known

[2026-06-17 05:00:26] Processing 92.tenant.api.powerplatform.com
  - Error on attempt 1: [Errno 8] nodename nor servname provided, or not known

[2026-06-17 05:00:26] PERMANENTLY FAILED: 92.tenant.api.powerplatform.com
  - Attempts: 1/2
  - Final Error: [Errno 8] nodename nor servname provided, or not known

[2026-06-17 05:00:27] Processing dodaeconnect.moveat.com
  - Error on attempt 1: [SSL: TLSV1_UNRECOGNIZED_NAME] tlsv1 unrecognized name (_ssl.c:1006)

[2026-06-17 05:00:27] PERMANENTLY FAILED: dodaeconnect.moveat.com
  - Attempts: 1/2
  - Final Error: [SSL: TLSV1_UNRECOGNIZED_NAME] tlsv1 unrecognized name (_ssl.c:1006)

[2026-06-17 05:00:27] Processing chicken-road-game.lat
  - Error on attempt 1: [Errno 8] nodename nor servname provided, or not known

[2026-06-17 05:00:27] PERMANENTLY FAILED: chicken-road-game.lat
  - Attempts: 1/2
  - Final Error: [Errno 8] nodename nor servname provided, or not known

[2026-06-17 05:00:27] Processing d2b45e89.sni.cloudflaressl.com
  - Error on attempt 1: [SSL: SSLV3_ALERT_HANDSHAKE_FAILURE] ssl/tls alert handshake failure (_ssl.c:1006)

[2026-06-17 05:00:27] PERMANENTLY FAILED: d2b45e89.sni.cloudflaressl.com
  - Attempts: 1/2
  - Final Error: [SSL: SSLV3_ALERT_HANDSHAKE_FAILURE] ssl/tls alert handshake failure (_ssl.c:1006)

[2026-06-17 05:00:27] Processing mail.cattlecall.me
  - Error on attempt 1: [Errno 8] nodename nor servname provided, or not known

[2026-06-17 05:00:27] PERMANENTLY FAILED: mail.cattlecall.me
  - Attempts: 1/2
  - Final Error: [Errno 8] nodename nor servname provided, or not known

[2026-06-17 05:00:27] Processing app.livescifi.com
  - Error on attempt 1: [Errno 8] nodename nor servname provided, or not known

[2026-06-17 05:00:27] PERMANENTLY FAILED: app.livescifi.com
  - Attempts: 1/2
  - Final Error: [Errno 8] nodename nor servname provided, or not known

[2026-06-17 05:00:27] Processing d.moveat.com
  - Error on attempt 1: [SSL: TLSV1_UNRECOGNIZED_NAME] tlsv1 unrecognized name (_ssl.c:1006)

[2026-06-17 05:00:27] PERMANENTLY FAILED: d.moveat.com
  - Attempts: 1/2
  - Final Error: [SSL: TLSV1_UNRECOGNIZED_NAME] tlsv1 unrecognized name (_ssl.c:1006)

[2026-06-17 05:00:27] Processing emiratesbet872.com
  - Error on attempt 1: [Errno 8] nodename nor servname provided, or not known

[2026-06-17 05:00:27] PERMANENTLY FAILED: emiratesbet872.com
  - Attempts: 1/2
  - Final Error: [Errno 8] nodename nor servname provided, or not known

[2026-06-17 05:00:27] Processing sbx.ccwu.cc
  - Error on attempt 1: [Errno 8] nodename nor servname provided, or not known

[2026-06-17 05:00:27] PERMANENTLY FAILED: sbx.ccwu.cc
  - Attempts: 1/2
  - Final Error: [Errno 8] nodename nor servname provided, or not known

[2026-06-17 05:00:27] Processing ae2024.direct.quickconnect.to
  - Error on attempt 1: [Errno 61] Connection refused

[2026-06-17 05:00:27] PERMANENTLY FAILED: ae2024.direct.quickconnect.to
  - Attempts: 1/2
  - Final Error: [Errno 61] Connection refused

[2026-06-17 05:00:27] Processing vdi.segelferien.com
  - Error on attempt 1: [Errno 8] nodename nor servname provided, or not known

[2026-06-17 05:00:27] PERMANENTLY FAILED: vdi.segelferien.com
  - Attempts: 1/2
  - Final Error: [Errno 8] nodename nor servname provided, or not known

[2026-06-17 05:00:27] Processing supereyenutrition.com
  - Error on attempt 1: [Errno 8] nodename nor servname provided, or not known

[2026-06-17 05:00:27] PERMANENTLY FAILED: supereyenutrition.com
  - Attempts: 1/2
  - Final Error: [Errno 8] nodename nor servname provided, or not known

[2026-06-17 05:00:27] Processing hlg7989s.cc
  - Error on attempt 1: [Errno 8] nodename nor servname provided, or not known

[2026-06-17 05:00:27] PERMANENTLY FAILED: hlg7989s.cc
  - Attempts: 1/2
  - Final Error: [Errno 8] nodename nor servname provided, or not known

[2026-06-17 05:00:27] Processing admin.ai-ci.vanweverwijkbouwkeuringen.nl
  - Error on attempt 1: [SSL: TLSV1_ALERT_INTERNAL_ERROR] tlsv1 alert internal error (_ssl.c:1006)

[2026-06-17 05:00:27] PERMANENTLY FAILED: admin.ai-ci.vanweverwijkbouwkeuringen.nl
  - Attempts: 1/2
  - Final Error: [SSL: TLSV1_ALERT_INTERNAL_ERROR] tlsv1 alert internal error (_ssl.c:1006)

[2026-06-17 05:00:27] Processing skywatch.bpc2.com.br
  - Error on attempt 1: [Errno 8] nodename nor servname provided, or not known

[2026-06-17 05:00:27] PERMANENTLY FAILED: skywatch.bpc2.com.br
  - Attempts: 1/2
  - Final Error: [Errno 8] nodename nor servname provided, or not known

[2026-06-17 05:00:27] Processing vehicle-service.ad.fda-74b7bcb8.core.build.vwn.cloud
  - Error on attempt 1: [Errno 8] nodename nor servname provided, or not known

[2026-06-17 05:00:27] PERMANENTLY FAILED: vehicle-service.ad.fda-74b7bcb8.core.build.vwn.cloud
  - Attempts: 1/2
  - Final Error: [Errno 8] nodename nor servname provided, or not known

[2026-06-17 05:00:27] Processing online.yaoxinyule.com
  - Error on attempt 1: [Errno 8] nodename nor servname provided, or not known

[2026-06-17 05:00:27] PERMANENTLY FAILED: online.yaoxinyule.com
  - Attempts: 1/2
  - Final Error: [Errno 8] nodename nor servname provided, or not known

[2026-06-17 05:00:27] Processing 69861127.xyz
  - Error on attempt 1: [Errno 8] nodename nor servname provided, or not known

[2026-06-17 05:00:27] PERMANENTLY FAILED: 69861127.xyz
  - Attempts: 1/2
  - Final Error: [Errno 8] nodename nor servname provided, or not known

[2026-06-17 05:00:27] Processing api.shestakovfoto.viewbook.com
  - Error on attempt 1: [SSL: TLSV1_ALERT_INTERNAL_ERROR] tlsv1 alert internal error (_ssl.c:1006)

[2026-06-17 05:00:27] PERMANENTLY FAILED: api.shestakovfoto.viewbook.com
  - Attempts: 1/2
  - Final Error: [SSL: TLSV1_ALERT_INTERNAL_ERROR] tlsv1 alert internal error (_ssl.c:1006)

[2026-06-17 05:00:27] Processing autoconfig.segelferien.com
  - Error on attempt 1: [Errno 8] nodename nor servname provided, or not known

[2026-06-17 05:00:27] PERMANENTLY FAILED: autoconfig.segelferien.com
  - Attempts: 1/2
  - Final Error: [Errno 8] nodename nor servname provided, or not known

[2026-06-17 05:00:27] Processing betting-spa.platinumcasino.wiki
  - Error on attempt 1: [Errno 8] nodename nor servname provided, or not known

[2026-06-17 05:00:27] PERMANENTLY FAILED: betting-spa.platinumcasino.wiki
  - Attempts: 1/2
  - Final Error: [Errno 8] nodename nor servname provided, or not known

[2026-06-17 05:00:27] Processing ru-69165.info
  - Error on attempt 1: [Errno 8] nodename nor servname provided, or not known

[2026-06-17 05:00:27] PERMANENTLY FAILED: ru-69165.info
  - Attempts: 1/2
  - Final Error: [Errno 8] nodename nor servname provided, or not known

[2026-06-17 05:00:27] Processing edu.segelferien.com
  - Error on attempt 1: [Errno 8] nodename nor servname provided, or not known

[2026-06-17 05:00:27] PERMANENTLY FAILED: edu.segelferien.com
  - Attempts: 1/2
  - Final Error: [Errno 8] nodename nor servname provided, or not known

[2026-06-17 05:00:28] Processing necikarsa.com.tr
  - Error on attempt 1: [Errno 8] nodename nor servname provided, or not known

[2026-06-17 05:00:28] PERMANENTLY FAILED: necikarsa.com.tr
  - Attempts: 1/2
  - Final Error: [Errno 8] nodename nor servname provided, or not known

[2026-06-17 05:00:28] Processing staging.wwwerzhaomv.lightspeedsystems.help
  - Error on attempt 1: [Errno 8] nodename nor servname provided, or not known

[2026-06-17 05:00:28] PERMANENTLY FAILED: staging.wwwerzhaomv.lightspeedsystems.help
  - Attempts: 1/2
  - Final Error: [Errno 8] nodename nor servname provided, or not known

[2026-06-17 05:00:28] Processing patricksmall.com
  - Error on attempt 1: [Errno 61] Connection refused

[2026-06-17 05:00:28] PERMANENTLY FAILED: patricksmall.com
  - Attempts: 1/2
  - Final Error: [Errno 61] Connection refused

[2026-06-17 05:00:28] Processing 2eedeb3b-d775-4632-b198-6b169ac841dc.autodarts.direct
  - Error on attempt 1: [Errno 8] nodename nor servname provided, or not known

[2026-06-17 05:00:28] PERMANENTLY FAILED: 2eedeb3b-d775-4632-b198-6b169ac841dc.autodarts.direct
  - Attempts: 1/2
  - Final Error: [Errno 8] nodename nor servname provided, or not known

[2026-06-17 05:00:28] Processing smail.aslat.it
  - Error on attempt 1: [Errno 8] nodename nor servname provided, or not known

[2026-06-17 05:00:28] PERMANENTLY FAILED: smail.aslat.it
  - Attempts: 1/2
  - Final Error: [Errno 8] nodename nor servname provided, or not known

[2026-06-17 05:00:28] Processing 0b06f8cd.sni.cloudflaressl.com
  - Error on attempt 1: [SSL: SSLV3_ALERT_HANDSHAKE_FAILURE] ssl/tls alert handshake failure (_ssl.c:1006)

[2026-06-17 05:00:28] PERMANENTLY FAILED: 0b06f8cd.sni.cloudflaressl.com
  - Attempts: 1/2
  - Final Error: [SSL: SSLV3_ALERT_HANDSHAKE_FAILURE] ssl/tls alert handshake failure (_ssl.c:1006)

[2026-06-17 05:00:28] Processing ssntana056.workers.dev
  - Error on attempt 1: [Errno 8] nodename nor servname provided, or not known

[2026-06-17 05:00:28] PERMANENTLY FAILED: ssntana056.workers.dev
  - Attempts: 1/2
  - Final Error: [Errno 8] nodename nor servname provided, or not known

[2026-06-17 05:00:28] Processing bradwilsonphd.com
  - Error on attempt 1: [Errno 8] nodename nor servname provided, or not known

[2026-06-17 05:00:28] PERMANENTLY FAILED: bradwilsonphd.com
  - Attempts: 1/2
  - Final Error: [Errno 8] nodename nor servname provided, or not known

[2026-06-17 05:00:28] Processing b9044d6c794202b4150629b0.keenetic.io
  - Error on attempt 1: [Errno 8] nodename nor servname provided, or not known

[2026-06-17 05:00:28] PERMANENTLY FAILED: b9044d6c794202b4150629b0.keenetic.io
  - Attempts: 1/2
  - Final Error: [Errno 8] nodename nor servname provided, or not known

[2026-06-17 05:00:28] Processing production-mongodb-backup-066f102b.mongo.ondigitalocean.com
  - Error on attempt 1: [Errno 8] nodename nor servname provided, or not known

[2026-06-17 05:00:28] PERMANENTLY FAILED: production-mongodb-backup-066f102b.mongo.ondigitalocean.com
  - Attempts: 1/2
  - Final Error: [Errno 8] nodename nor servname provided, or not known

[2026-06-17 05:00:28] Processing kareemnelson.shop
  - Error on attempt 1: [Errno 8] nodename nor servname provided, or not known

[2026-06-17 05:00:28] PERMANENTLY FAILED: kareemnelson.shop
  - Attempts: 1/2
  - Final Error: [Errno 8] nodename nor servname provided, or not known

[2026-06-17 05:00:29] Processing synology-reserve-hlk9soetsacjgf.direct.quickconnect.to
  - Error on attempt 1: [Errno 8] nodename nor servname provided, or not known

[2026-06-17 05:00:29] PERMANENTLY FAILED: synology-reserve-hlk9soetsacjgf.direct.quickconnect.to
  - Attempts: 1/2
  - Final Error: [Errno 8] nodename nor servname provided, or not known

[2026-06-17 05:00:29] Processing ww12.brooklyntechsurvivors.com
  - Error on attempt 1: [Errno 8] nodename nor servname provided, or not known

[2026-06-17 05:00:29] PERMANENTLY FAILED: ww12.brooklyntechsurvivors.com
  - Attempts: 1/2
  - Final Error: [Errno 8] nodename nor servname provided, or not known

[2026-06-17 05:00:29] Processing c7c6bef9db704a39a3e208ec7593db29.plex.direct
  - Error on attempt 1: [Errno 8] nodename nor servname provided, or not known

[2026-06-17 05:00:29] Processing fitnessmanagement.in
  - Error on attempt 1: [Errno 8] nodename nor servname provided, or not known

[2026-06-17 05:00:29] PERMANENTLY FAILED: c7c6bef9db704a39a3e208ec7593db29.plex.direct
  - Attempts: 1/2
  - Final Error: [Errno 8] nodename nor servname provided, or not known

[2026-06-17 05:00:29] PERMANENTLY FAILED: fitnessmanagement.in
  - Attempts: 1/2
  - Final Error: [Errno 8] nodename nor servname provided, or not known

[2026-06-17 05:00:29] Processing 9ba9676f1f01466593f95b9a1881236c.plex.direct
  - Error on attempt 1: [Errno 8] nodename nor servname provided, or not known

[2026-06-17 05:00:29] PERMANENTLY FAILED: 9ba9676f1f01466593f95b9a1881236c.plex.direct
  - Attempts: 1/2
  - Final Error: [Errno 8] nodename nor servname provided, or not known

[2026-06-17 05:00:29] Processing guardian.spectrumiis.edu.my
  - Error on attempt 1: [Errno 8] nodename nor servname provided, or not known

[2026-06-17 05:00:29] PERMANENTLY FAILED: guardian.spectrumiis.edu.my
  - Attempts: 1/2
  - Final Error: [Errno 8] nodename nor servname provided, or not known

[2026-06-17 05:00:29] Processing openvpn.1win.chat
  - Error on attempt 1: [SSL: TLSV1_UNRECOGNIZED_NAME] tlsv1 unrecognized name (_ssl.c:1006)

[2026-06-17 05:00:29] PERMANENTLY FAILED: openvpn.1win.chat
  - Attempts: 1/2
  - Final Error: [SSL: TLSV1_UNRECOGNIZED_NAME] tlsv1 unrecognized name (_ssl.c:1006)

[2026-06-17 05:00:29] Processing 8278fc1a-86af-444a-8ad0-8d8cc2c5b88c.hubta.com
  - Error on attempt 1: [SSL: TLSV1_UNRECOGNIZED_NAME] tlsv1 unrecognized name (_ssl.c:1006)

[2026-06-17 05:00:29] PERMANENTLY FAILED: 8278fc1a-86af-444a-8ad0-8d8cc2c5b88c.hubta.com
  - Attempts: 1/2
  - Final Error: [SSL: TLSV1_UNRECOGNIZED_NAME] tlsv1 unrecognized name (_ssl.c:1006)

[2026-06-17 05:00:29] Processing 340878351-blog-test.na3.prod.hubspot-at-test.com
  - Error on attempt 1: [SSL: SSLV3_ALERT_HANDSHAKE_FAILURE] ssl/tls alert handshake failure (_ssl.c:1006)

[2026-06-17 05:00:29] PERMANENTLY FAILED: 340878351-blog-test.na3.prod.hubspot-at-test.com
  - Attempts: 1/2
  - Final Error: [SSL: SSLV3_ALERT_HANDSHAKE_FAILURE] ssl/tls alert handshake failure (_ssl.c:1006)

[2026-06-17 05:00:29] Processing apps.raum-und-service.de
  - Error on attempt 1: [SSL: TLSV1_UNRECOGNIZED_NAME] tlsv1 unrecognized name (_ssl.c:1006)

[2026-06-17 05:00:29] PERMANENTLY FAILED: apps.raum-und-service.de
  - Attempts: 1/2
  - Final Error: [SSL: TLSV1_UNRECOGNIZED_NAME] tlsv1 unrecognized name (_ssl.c:1006)

[2026-06-17 05:00:29] Processing argo.mindpicture.com
  - Error on attempt 1: [SSL: TLSV1_UNRECOGNIZED_NAME] tlsv1 unrecognized name (_ssl.c:1006)

[2026-06-17 05:00:29] PERMANENTLY FAILED: argo.mindpicture.com
  - Attempts: 1/2
  - Final Error: [SSL: TLSV1_UNRECOGNIZED_NAME] tlsv1 unrecognized name (_ssl.c:1006)

[2026-06-17 05:00:29] Processing awstats.peisze.com
  - Error on attempt 1: [Errno 8] nodename nor servname provided, or not known

[2026-06-17 05:00:29] PERMANENTLY FAILED: awstats.peisze.com
  - Attempts: 1/2
  - Final Error: [Errno 8] nodename nor servname provided, or not known

[2026-06-17 05:00:29] Processing admin.jrpsften.49-12-111-90.plesk.page
  - Error on attempt 1: [Errno 61] Connection refused

[2026-06-17 05:00:29] PERMANENTLY FAILED: admin.jrpsften.49-12-111-90.plesk.page
  - Attempts: 1/2
  - Final Error: [Errno 61] Connection refused

[2026-06-17 05:00:29] Processing malikeninbutigi.xyz
  - Error on attempt 1: [Errno 8] nodename nor servname provided, or not known

[2026-06-17 05:00:29] PERMANENTLY FAILED: malikeninbutigi.xyz
  - Attempts: 1/2
  - Final Error: [Errno 8] nodename nor servname provided, or not known

[2026-06-17 05:00:30] Processing 9d14e6b388735822638a7bdf.keenetic.io
  - Error on attempt 1: [Errno 8] nodename nor servname provided, or not known

[2026-06-17 05:00:30] PERMANENTLY FAILED: 9d14e6b388735822638a7bdf.keenetic.io
  - Attempts: 1/2
  - Final Error: [Errno 8] nodename nor servname provided, or not known

[2026-06-17 05:00:30] Processing ww16.racefuture.com
  - Error on attempt 1: [SSL: TLSV1_UNRECOGNIZED_NAME] tlsv1 unrecognized name (_ssl.c:1006)

[2026-06-17 05:00:30] PERMANENTLY FAILED: ww16.racefuture.com
  - Attempts: 1/2
  - Final Error: [SSL: TLSV1_UNRECOGNIZED_NAME] tlsv1 unrecognized name (_ssl.c:1006)

[2026-06-17 05:00:31] Processing d27243659004b7fa6b733278.netcraze.io
  - Error on attempt 1: [Errno 8] nodename nor servname provided, or not known

[2026-06-17 05:00:31] PERMANENTLY FAILED: d27243659004b7fa6b733278.netcraze.io
  - Attempts: 1/2
  - Final Error: [Errno 8] nodename nor servname provided, or not known

[2026-06-17 05:00:32] Processing 8ecd1ab9-5b5c-41e0-aa7a-c0b9bfa1ca25.cpks.de
  - Error on attempt 1: [Errno 8] nodename nor servname provided, or not known

[2026-06-17 05:00:32] Processing microfocused.com
  - Error on attempt 1: [Errno 8] nodename nor servname provided, or not known

[2026-06-17 05:00:32] PERMANENTLY FAILED: 8ecd1ab9-5b5c-41e0-aa7a-c0b9bfa1ca25.cpks.de
  - Attempts: 1/2
  - Final Error: [Errno 8] nodename nor servname provided, or not known

[2026-06-17 05:00:32] PERMANENTLY FAILED: microfocused.com
  - Attempts: 1/2
  - Final Error: [Errno 8] nodename nor servname provided, or not known

[2026-06-17 05:00:32] Processing tt-hosts.com
  - Error on attempt 1: [Errno 61] Connection refused

[2026-06-17 05:00:32] PERMANENTLY FAILED: tt-hosts.com
  - Attempts: 1/2
  - Final Error: [Errno 61] Connection refused

[2026-06-17 05:00:33] Processing dh.zngbekjge.one
  - Error on attempt 1: [Errno 8] nodename nor servname provided, or not known

[2026-06-17 05:00:33] PERMANENTLY FAILED: dh.zngbekjge.one
  - Attempts: 1/2
  - Final Error: [Errno 8] nodename nor servname provided, or not known

[2026-06-17 05:00:34] Processing emiratesbet871.com
  - Error on attempt 1: [Errno 8] nodename nor servname provided, or not known

[2026-06-17 05:00:34] PERMANENTLY FAILED: emiratesbet871.com
  - Attempts: 1/2
  - Final Error: [Errno 8] nodename nor servname provided, or not known

[2026-06-17 05:00:34] Processing redocly.devtt4.arsia.xyz
  - Error on attempt 1: [Errno 8] nodename nor servname provided, or not known

[2026-06-17 05:00:34] PERMANENTLY FAILED: redocly.devtt4.arsia.xyz
  - Attempts: 1/2
  - Final Error: [Errno 8] nodename nor servname provided, or not known

[2026-06-17 05:00:35] Processing thekamelgroup.com
  - Error on attempt 1: [Errno 8] nodename nor servname provided, or not known

[2026-06-17 05:00:35] PERMANENTLY FAILED: thekamelgroup.com
  - Attempts: 1/2
  - Final Error: [Errno 8] nodename nor servname provided, or not known

[2026-06-17 05:00:35] Processing bill1426.direct.quickconnect.to
  - Error on attempt 1: Connection Timed Out

[2026-06-17 05:00:35] PERMANENTLY FAILED: bill1426.direct.quickconnect.to
  - Attempts: 1/2
  - Final Error: Connection Timed Out

[2026-06-17 05:00:35] Processing szendala.direct.quickconnect.to
  - Error on attempt 1: Connection Timed Out

[2026-06-17 05:00:35] PERMANENTLY FAILED: szendala.direct.quickconnect.to
  - Attempts: 1/2
  - Final Error: Connection Timed Out

[2026-06-17 05:00:36] Processing corpusorus.intra.airudit.net
  - Error on attempt 1: Connection Timed Out

[2026-06-17 05:00:36] PERMANENTLY FAILED: corpusorus.intra.airudit.net
  - Attempts: 1/2
  - Final Error: Connection Timed Out

[2026-06-17 05:00:36] Processing 8oltoy25.workers.dev
  - Error on attempt 1: [Errno 8] nodename nor servname provided, or not known

[2026-06-17 05:00:36] PERMANENTLY FAILED: 8oltoy25.workers.dev
  - Attempts: 1/2
  - Final Error: [Errno 8] nodename nor servname provided, or not known

[2026-06-17 05:00:36] Processing cardmakinghd.com
  - Error on attempt 1: [Errno 61] Connection refused

[2026-06-17 05:00:36] PERMANENTLY FAILED: cardmakinghd.com
  - Attempts: 1/2
  - Final Error: [Errno 61] Connection refused

[2026-06-17 05:00:36] Processing devexpedientes.ezsoftwaretools.com
  - Error on attempt 1: Connection Timed Out

[2026-06-17 05:00:36] PERMANENTLY FAILED: devexpedientes.ezsoftwaretools.com
  - Attempts: 1/2
  - Final Error: Connection Timed Out

[2026-06-17 05:00:36] Processing home.carolinevej10.dk
  - Error on attempt 1: Connection Timed Out

[2026-06-17 05:00:36] PERMANENTLY FAILED: home.carolinevej10.dk
  - Attempts: 1/2
  - Final Error: Connection Timed Out

[2026-06-17 05:00:36] Processing admin.app.wwwwww.www.234cde3d.nip.io
  - Error on attempt 1: Connection Timed Out

[2026-06-17 05:00:36] PERMANENTLY FAILED: admin.app.wwwwww.www.234cde3d.nip.io
  - Attempts: 1/2
  - Final Error: Connection Timed Out

[2026-06-17 05:00:36] Processing officevpn.borntraeger.com
  - Error on attempt 1: Connection Timed Out

[2026-06-17 05:00:36] PERMANENTLY FAILED: officevpn.borntraeger.com
  - Attempts: 1/2
  - Final Error: Connection Timed Out

[2026-06-17 05:00:36] Processing admin.app.www.www.wwwportal.234cde3d.nip.io
  - Error on attempt 1: Connection Timed Out

[2026-06-17 05:00:36] PERMANENTLY FAILED: admin.app.www.www.wwwportal.234cde3d.nip.io
  - Attempts: 1/2
  - Final Error: Connection Timed Out

[2026-06-17 05:00:36] Processing trgjyremoto.westhaferconstruction.com
  - Error on attempt 1: Connection Timed Out

[2026-06-17 05:00:36] PERMANENTLY FAILED: trgjyremoto.westhaferconstruction.com
  - Attempts: 1/2
  - Final Error: Connection Timed Out

[2026-06-17 05:00:36] Processing securevpn.daenerys.fr
  - Error on attempt 1: Connection Timed Out

[2026-06-17 05:00:36] PERMANENTLY FAILED: securevpn.daenerys.fr
  - Attempts: 1/2
  - Final Error: Connection Timed Out

[2026-06-17 05:00:36] Processing ft2vcjdfsm.workers.dev
  - Error on attempt 1: [Errno 8] nodename nor servname provided, or not known

[2026-06-17 05:00:36] PERMANENTLY FAILED: ft2vcjdfsm.workers.dev
  - Attempts: 1/2
  - Final Error: [Errno 8] nodename nor servname provided, or not known

[2026-06-17 05:00:36] Processing api.j.sakuraon.top
  - Error on attempt 1: [Errno 8] nodename nor servname provided, or not known

[2026-06-17 05:00:36] PERMANENTLY FAILED: api.j.sakuraon.top
  - Attempts: 1/2
  - Final Error: [Errno 8] nodename nor servname provided, or not known

[2026-06-17 05:00:36] Processing criticalpointreeds.online
  - Error on attempt 1: [Errno 8] nodename nor servname provided, or not known

[2026-06-17 05:00:36] PERMANENTLY FAILED: criticalpointreeds.online
  - Attempts: 1/2
  - Final Error: [Errno 8] nodename nor servname provided, or not known

[2026-06-17 05:00:36] Processing lhistoryw.workers.dev
  - Error on attempt 1: [Errno 8] nodename nor servname provided, or not known

[2026-06-17 05:00:36] PERMANENTLY FAILED: lhistoryw.workers.dev
  - Attempts: 1/2
  - Final Error: [Errno 8] nodename nor servname provided, or not known

[2026-06-17 05:00:36] Processing dev.www.bull.qa
  - Error on attempt 1: [Errno 8] nodename nor servname provided, or not known

[2026-06-17 05:00:36] PERMANENTLY FAILED: dev.www.bull.qa
  - Attempts: 1/2
  - Final Error: [Errno 8] nodename nor servname provided, or not known

[2026-06-17 05:00:36] Processing rdweb.daenerys.fr
  - Error on attempt 1: Connection Timed Out

[2026-06-17 05:00:36] PERMANENTLY FAILED: rdweb.daenerys.fr
  - Attempts: 1/2
  - Final Error: Connection Timed Out

[2026-06-17 05:00:36] Processing supportmt2.forumeiro.net
  - Error on attempt 1: Connection Timed Out

[2026-06-17 05:00:36] PERMANENTLY FAILED: supportmt2.forumeiro.net
  - Attempts: 1/2
  - Final Error: Connection Timed Out

[2026-06-17 05:00:36] Processing drvpn.daenerys.fr
  - Error on attempt 1: Connection Timed Out

[2026-06-17 05:00:36] PERMANENTLY FAILED: drvpn.daenerys.fr
  - Attempts: 1/2
  - Final Error: Connection Timed Out

[2026-06-17 05:00:36] Processing korset-live.kz
  - Error on attempt 1: [Errno 8] nodename nor servname provided, or not known

[2026-06-17 05:00:36] PERMANENTLY FAILED: korset-live.kz
  - Attempts: 1/2
  - Final Error: [Errno 8] nodename nor servname provided, or not known

[2026-06-17 05:00:36] Processing api.dashboard.3ho5w.135.148.27.57.nip.io
  - Error on attempt 1: Connection Timed Out

[2026-06-17 05:00:36] PERMANENTLY FAILED: api.dashboard.3ho5w.135.148.27.57.nip.io
  - Attempts: 1/2
  - Final Error: Connection Timed Out

[2026-06-17 05:00:36] Processing stores.earlsandco.co.uk
  - Error on attempt 1: Connection Timed Out

[2026-06-17 05:00:36] PERMANENTLY FAILED: stores.earlsandco.co.uk
  - Attempts: 1/2
  - Final Error: Connection Timed Out

[2026-06-17 05:00:37] Processing api.da.ny.ny.discord.tattoo
  - Error on attempt 1: [Errno 8] nodename nor servname provided, or not known

[2026-06-17 05:00:37] PERMANENTLY FAILED: api.da.ny.ny.discord.tattoo
  - Attempts: 1/2
  - Final Error: [Errno 8] nodename nor servname provided, or not known

[2026-06-17 05:00:37] Processing secure.rubackyte.eu
  - Error on attempt 1: Connection Timed Out

[2026-06-17 05:00:37] PERMANENTLY FAILED: secure.rubackyte.eu
  - Attempts: 1/2
  - Final Error: Connection Timed Out

[2026-06-17 05:00:37] Processing secure.informationtechnologyeducation.com
  - Error on attempt 1: Connection Timed Out

[2026-06-17 05:00:37] PERMANENTLY FAILED: secure.informationtechnologyeducation.com
  - Attempts: 1/2
  - Final Error: Connection Timed Out

[2026-06-17 05:00:37] Processing azure2.balneariocamboriu.com
  - Error on attempt 1: [SSL: TLSV1_UNRECOGNIZED_NAME] tlsv1 unrecognized name (_ssl.c:1006)

[2026-06-17 05:00:37] Processing relay.parcoaspromonte.it
  - Error on attempt 1: Connection Timed Out

[2026-06-17 05:00:37] PERMANENTLY FAILED: azure2.balneariocamboriu.com
  - Attempts: 1/2
  - Final Error: [SSL: TLSV1_UNRECOGNIZED_NAME] tlsv1 unrecognized name (_ssl.c:1006)

[2026-06-17 05:00:37] PERMANENTLY FAILED: relay.parcoaspromonte.it
  - Attempts: 1/2
  - Final Error: Connection Timed Out

[2026-06-17 05:00:37] Processing forum.mcallister.com.au
  - Error on attempt 1: Connection Timed Out

[2026-06-17 05:00:37] PERMANENTLY FAILED: forum.mcallister.com.au
  - Attempts: 1/2
  - Final Error: Connection Timed Out

[2026-06-17 05:00:37] Processing cdc.sesalis.com
  - Error on attempt 1: Connection Timed Out

[2026-06-17 05:00:37] PERMANENTLY FAILED: cdc.sesalis.com
  - Attempts: 1/2
  - Final Error: Connection Timed Out

[2026-06-17 05:00:37] Processing remote.lymes.com
  - Error on attempt 1: Connection Timed Out

[2026-06-17 05:00:37] PERMANENTLY FAILED: remote.lymes.com
  - Attempts: 1/2
  - Final Error: Connection Timed Out

[2026-06-17 05:00:37] Processing ww38.vaida.bet
  - Error on attempt 1: [Errno 8] nodename nor servname provided, or not known

[2026-06-17 05:00:37] PERMANENTLY FAILED: ww38.vaida.bet
  - Attempts: 1/2
  - Final Error: [Errno 8] nodename nor servname provided, or not known

[2026-06-17 05:00:37] Processing cyprus.keenetic.pro
  - Error on attempt 1: Connection Timed Out

[2026-06-17 05:00:37] PERMANENTLY FAILED: cyprus.keenetic.pro
  - Attempts: 1/2
  - Final Error: Connection Timed Out

[2026-06-17 05:00:37] Processing rds1.kayfa.com
  - Error on attempt 1: Connection Timed Out

[2026-06-17 05:00:37] PERMANENTLY FAILED: rds1.kayfa.com
  - Attempts: 1/2
  - Final Error: Connection Timed Out

[2026-06-17 05:00:37] Processing ww25.sitemaps.paulinhoautomoveis.com
  - Error on attempt 1: [Errno 8] nodename nor servname provided, or not known

[2026-06-17 05:00:37] PERMANENTLY FAILED: ww25.sitemaps.paulinhoautomoveis.com
  - Attempts: 1/2
  - Final Error: [Errno 8] nodename nor servname provided, or not known

[2026-06-17 05:00:37] Processing aztile.biz
  - Error on attempt 1: [Errno 61] Connection refused

[2026-06-17 05:00:37] PERMANENTLY FAILED: aztile.biz
  - Attempts: 1/2
  - Final Error: [Errno 61] Connection refused

[2026-06-17 05:00:37] Processing whai.store
  - Error on attempt 1: [Errno 8] nodename nor servname provided, or not known

[2026-06-17 05:00:37] PERMANENTLY FAILED: whai.store
  - Attempts: 1/2
  - Final Error: [Errno 8] nodename nor servname provided, or not known

[2026-06-17 05:00:37] Processing remote.thepatchery.com
  - Error on attempt 1: Connection Timed Out

[2026-06-17 05:00:37] PERMANENTLY FAILED: remote.thepatchery.com
  - Attempts: 1/2
  - Final Error: Connection Timed Out

[2026-06-17 05:00:37] Processing rfxwd7k6xf.dattolocal.net
  - Error on attempt 1: [Errno 8] nodename nor servname provided, or not known

[2026-06-17 05:00:37] PERMANENTLY FAILED: rfxwd7k6xf.dattolocal.net
  - Attempts: 1/2
  - Final Error: [Errno 8] nodename nor servname provided, or not known

[2026-06-17 05:00:37] Processing back.devtt4.arsia.xyz
  - Error on attempt 1: [Errno 8] nodename nor servname provided, or not known

[2026-06-17 05:00:37] PERMANENTLY FAILED: back.devtt4.arsia.xyz
  - Attempts: 1/2
  - Final Error: [Errno 8] nodename nor servname provided, or not known

[2026-06-17 05:00:37] Processing 12.westhaferconstruction.com
  - Error on attempt 1: Connection Timed Out

[2026-06-17 05:00:37] PERMANENTLY FAILED: 12.westhaferconstruction.com
  - Attempts: 1/2
  - Final Error: Connection Timed Out

[2026-06-17 05:00:37] Processing sslvpn.superahorros.com
  - Error on attempt 1: Connection Timed Out

[2026-06-17 05:00:37] PERMANENTLY FAILED: sslvpn.superahorros.com
  - Attempts: 1/2
  - Final Error: Connection Timed Out

[2026-06-17 05:00:37] Processing amandacdovel.workers.dev
  - Error on attempt 1: [Errno 8] nodename nor servname provided, or not known

[2026-06-17 05:00:37] PERMANENTLY FAILED: amandacdovel.workers.dev
  - Attempts: 1/2
  - Final Error: [Errno 8] nodename nor servname provided, or not known

[2026-06-17 05:00:37] Processing www-24540450.eu1.prod.hubspot-at-test.com
  - Error on attempt 1: [SSL: SSLV3_ALERT_HANDSHAKE_FAILURE] ssl/tls alert handshake failure (_ssl.c:1006)

[2026-06-17 05:00:37] PERMANENTLY FAILED: www-24540450.eu1.prod.hubspot-at-test.com
  - Attempts: 1/2
  - Final Error: [SSL: SSLV3_ALERT_HANDSHAKE_FAILURE] ssl/tls alert handshake failure (_ssl.c:1006)

[2026-06-17 05:00:37] Processing studio78.sbs
  - Error on attempt 1: [Errno 8] nodename nor servname provided, or not known

[2026-06-17 05:00:37] PERMANENTLY FAILED: studio78.sbs
  - Attempts: 1/2
  - Final Error: [Errno 8] nodename nor servname provided, or not known

[2026-06-17 05:00:37] Processing synoinstall-blg49zfrehbux40t.direct.quickconnect.to
  - Error on attempt 1: [Errno 8] nodename nor servname provided, or not known

[2026-06-17 05:00:37] PERMANENTLY FAILED: synoinstall-blg49zfrehbux40t.direct.quickconnect.to
  - Attempts: 1/2
  - Final Error: [Errno 8] nodename nor servname provided, or not known

[2026-06-17 05:00:37] Processing globalprotect.aslat.it
  - Error on attempt 1: [Errno 8] nodename nor servname provided, or not known

[2026-06-17 05:00:37] PERMANENTLY FAILED: globalprotect.aslat.it
  - Attempts: 1/2
  - Final Error: [Errno 8] nodename nor servname provided, or not known

[2026-06-17 05:00:37] Processing 192-168-2-32.7mlm47pf6h4.ddns.manage.alta.inc
  - Error on attempt 1: Connection Timed Out

[2026-06-17 05:00:37] PERMANENTLY FAILED: 192-168-2-32.7mlm47pf6h4.ddns.manage.alta.inc
  - Attempts: 1/2
  - Final Error: Connection Timed Out

[2026-06-17 05:00:37] Processing ww16.remote.veteranslandboard.com
  - Error on attempt 1: [Errno 61] Connection refused

[2026-06-17 05:00:37] PERMANENTLY FAILED: ww16.remote.veteranslandboard.com
  - Attempts: 1/2
  - Final Error: [Errno 61] Connection refused

[2026-06-17 05:00:38] Processing 930218ca-2f1e-4859-bea7-cbd6f00d2b1e.tryghansa.se
  - Error on attempt 1: [SSL: UNEXPECTED_EOF_WHILE_READING] EOF occurred in violation of protocol (_ssl.c:1006)

[2026-06-17 05:00:38] PERMANENTLY FAILED: 930218ca-2f1e-4859-bea7-cbd6f00d2b1e.tryghansa.se
  - Attempts: 1/2
  - Final Error: [SSL: UNEXPECTED_EOF_WHILE_READING] EOF occurred in violation of protocol (_ssl.c:1006)

[2026-06-17 05:00:38] Processing test.app.www.www.www.www.www.234cde3d.nip.io
  - Error on attempt 1: Connection Timed Out

[2026-06-17 05:00:38] PERMANENTLY FAILED: test.app.www.www.www.www.www.234cde3d.nip.io
  - Attempts: 1/2
  - Final Error: Connection Timed Out

[2026-06-17 05:00:38] Processing gateway.daenerys.fr
  - Error on attempt 1: Connection Timed Out

[2026-06-17 05:00:38] PERMANENTLY FAILED: gateway.daenerys.fr
  - Attempts: 1/2
  - Final Error: Connection Timed Out

[2026-06-17 05:00:38] Processing svpnph.aslat.it
  - Error on attempt 1: [Errno 8] nodename nor servname provided, or not known

[2026-06-17 05:00:38] PERMANENTLY FAILED: svpnph.aslat.it
  - Attempts: 1/2
  - Final Error: [Errno 8] nodename nor servname provided, or not known

[2026-06-17 05:00:39] Processing db21c19d.sni.cloudflaressl.com
  - Error on attempt 1: [SSL: SSLV3_ALERT_HANDSHAKE_FAILURE] ssl/tls alert handshake failure (_ssl.c:1006)

[2026-06-17 05:00:39] PERMANENTLY FAILED: db21c19d.sni.cloudflaressl.com
  - Attempts: 1/2
  - Final Error: [SSL: SSLV3_ALERT_HANDSHAKE_FAILURE] ssl/tls alert handshake failure (_ssl.c:1006)

[2026-06-17 05:00:39] Processing help.mcallister.com.au
  - Error on attempt 1: Connection Timed Out

[2026-06-17 05:00:39] PERMANENTLY FAILED: help.mcallister.com.au
  - Attempts: 1/2
  - Final Error: Connection Timed Out

[2026-06-17 05:00:39] Processing admin.www.cloud.brittleprinting.com
  - Error on attempt 1: [SSL: UNEXPECTED_EOF_WHILE_READING] EOF occurred in violation of protocol (_ssl.c:1006)

[2026-06-17 05:00:39] PERMANENTLY FAILED: admin.www.cloud.brittleprinting.com
  - Attempts: 1/2
  - Final Error: [SSL: UNEXPECTED_EOF_WHILE_READING] EOF occurred in violation of protocol (_ssl.c:1006)

[2026-06-17 05:00:39] Processing dev.shestakovfoto.viewbook.com
  - Error on attempt 1: [SSL: TLSV1_ALERT_INTERNAL_ERROR] tlsv1 alert internal error (_ssl.c:1006)

[2026-06-17 05:00:39] PERMANENTLY FAILED: dev.shestakovfoto.viewbook.com
  - Attempts: 1/2
  - Final Error: [SSL: TLSV1_ALERT_INTERNAL_ERROR] tlsv1 alert internal error (_ssl.c:1006)

[2026-06-17 05:00:39] Processing destinationbakersfield.com
  - Error on attempt 1: [Errno 61] Connection refused

[2026-06-17 05:00:39] PERMANENTLY FAILED: destinationbakersfield.com
  - Attempts: 1/2
  - Final Error: [Errno 61] Connection refused

[2026-06-17 05:00:39] Processing emv1.savato.com
  - Error on attempt 1: [Errno 8] nodename nor servname provided, or not known

[2026-06-17 05:00:39] PERMANENTLY FAILED: emv1.savato.com
  - Attempts: 1/2
  - Final Error: [Errno 8] nodename nor servname provided, or not known

[2026-06-17 05:00:39] Processing conqueraconsulting.com.103-160-106-28.cpanel.site
  - Error on attempt 1: Connection Timed Out

[2026-06-17 05:00:39] PERMANENTLY FAILED: conqueraconsulting.com.103-160-106-28.cpanel.site
  - Attempts: 1/2
  - Final Error: Connection Timed Out

[2026-06-17 05:00:39] Processing chat.sneakerrecycler.com
  - Error on attempt 1: [Errno 8] nodename nor servname provided, or not known

[2026-06-17 05:00:39] PERMANENTLY FAILED: chat.sneakerrecycler.com
  - Attempts: 1/2
  - Final Error: [Errno 8] nodename nor servname provided, or not known

[2026-06-17 05:00:39] Processing m.televisionenterprise.com
  - Error on attempt 1: Connection Timed Out

[2026-06-17 05:00:39] PERMANENTLY FAILED: m.televisionenterprise.com
  - Attempts: 1/2
  - Final Error: Connection Timed Out

[2026-06-17 05:00:39] Processing vcbgjdashboard.superfreeks.com
  - Error on attempt 1: Connection Timed Out

[2026-06-17 05:00:39] PERMANENTLY FAILED: vcbgjdashboard.superfreeks.com
  - Attempts: 1/2
  - Final Error: Connection Timed Out

[2026-06-17 05:00:39] Processing cmk53h81f1wb501jkq2cwf1vx.vx.astronomer-stage.run
  - Error on attempt 1: [Errno 8] nodename nor servname provided, or not known

[2026-06-17 05:00:39] PERMANENTLY FAILED: cmk53h81f1wb501jkq2cwf1vx.vx.astronomer-stage.run
  - Attempts: 1/2
  - Final Error: [Errno 8] nodename nor servname provided, or not known

[2026-06-17 05:00:39] Processing demo.blog.himanchestercentralpark.test.innfinitehospitality.co.uk
  - Error on attempt 1: Connection Timed Out

[2026-06-17 05:00:39] PERMANENTLY FAILED: demo.blog.himanchestercentralpark.test.innfinitehospitality.co.uk
  - Attempts: 1/2
  - Final Error: Connection Timed Out

[2026-06-17 05:00:39] Processing lgbtfallschurch.com
  - Error on attempt 1: [Errno 61] Connection refused

[2026-06-17 05:00:39] PERMANENTLY FAILED: lgbtfallschurch.com
  - Attempts: 1/2
  - Final Error: [Errno 61] Connection refused

[2026-06-17 05:00:40] Processing design.augenlaserklinik.com
  - Error on attempt 1: Connection Timed Out

[2026-06-17 05:00:40] PERMANENTLY FAILED: design.augenlaserklinik.com
  - Attempts: 1/2
  - Final Error: Connection Timed Out

[2026-06-17 05:00:40] Processing 114.lol
  - Error on attempt 1: [Errno 8] nodename nor servname provided, or not known

[2026-06-17 05:00:40] PERMANENTLY FAILED: 114.lol
  - Attempts: 1/2
  - Final Error: [Errno 8] nodename nor servname provided, or not known

[2026-06-17 05:00:40] Processing app.urbanenailsandspa.com
  - Error on attempt 1: Connection Timed Out

[2026-06-17 05:00:40] PERMANENTLY FAILED: app.urbanenailsandspa.com
  - Attempts: 1/2
  - Final Error: Connection Timed Out

[2026-06-17 05:00:40] Processing hostmaster.televisionenterprise.com
  - Error on attempt 1: Connection Timed Out

[2026-06-17 05:00:40] PERMANENTLY FAILED: hostmaster.televisionenterprise.com
  - Attempts: 1/2
  - Final Error: Connection Timed Out

[2026-06-17 05:00:40] Processing acsarweb.gotaland.com
  - Error on attempt 1: [SSL: TLSV1_UNRECOGNIZED_NAME] tlsv1 unrecognized name (_ssl.c:1006)

[2026-06-17 05:00:40] PERMANENTLY FAILED: acsarweb.gotaland.com
  - Attempts: 1/2
  - Final Error: [SSL: TLSV1_UNRECOGNIZED_NAME] tlsv1 unrecognized name (_ssl.c:1006)

[2026-06-17 05:00:40] Processing admin.mail.vdbmetaalbewerking.nl
  - Error on attempt 1: [SSL: TLSV1_ALERT_INTERNAL_ERROR] tlsv1 alert internal error (_ssl.c:1006)

[2026-06-17 05:00:40] PERMANENTLY FAILED: admin.mail.vdbmetaalbewerking.nl
  - Attempts: 1/2
  - Final Error: [SSL: TLSV1_ALERT_INTERNAL_ERROR] tlsv1 alert internal error (_ssl.c:1006)

[2026-06-17 05:00:40] Processing connect-analitik.augenlaserklinik.com
  - Error on attempt 1: Connection Timed Out

[2026-06-17 05:00:40] PERMANENTLY FAILED: connect-analitik.augenlaserklinik.com
  - Attempts: 1/2
  - Final Error: Connection Timed Out

[2026-06-17 05:00:40] Processing albinatube.com
  - Error on attempt 1: [Errno 8] nodename nor servname provided, or not known

[2026-06-17 05:00:40] PERMANENTLY FAILED: albinatube.com
  - Attempts: 1/2
  - Final Error: [Errno 8] nodename nor servname provided, or not known

[2026-06-17 05:00:41] Processing dwlakportal.nyflaw.com
  - Error on attempt 1: Connection Timed Out

[2026-06-17 05:00:41] Processing adrian1980.direct.quickconnect.to
  - Error on attempt 1: [Errno 8] nodename nor servname provided, or not known

[2026-06-17 05:00:41] PERMANENTLY FAILED: dwlakportal.nyflaw.com
  - Attempts: 1/2
  - Final Error: Connection Timed Out

[2026-06-17 05:00:41] PERMANENTLY FAILED: adrian1980.direct.quickconnect.to
  - Attempts: 1/2
  - Final Error: [Errno 8] nodename nor servname provided, or not known

[2026-06-17 05:00:41] Processing backup.peisze.com
  - Error on attempt 1: [Errno 8] nodename nor servname provided, or not known

[2026-06-17 05:00:41] PERMANENTLY FAILED: backup.peisze.com
  - Attempts: 1/2
  - Final Error: [Errno 8] nodename nor servname provided, or not known

[2026-06-17 05:00:41] Processing e57f7aee71a1ff0acbd54c2e.keenetic.io
  - Error on attempt 1: [Errno 8] nodename nor servname provided, or not known

[2026-06-17 05:00:41] PERMANENTLY FAILED: e57f7aee71a1ff0acbd54c2e.keenetic.io
  - Attempts: 1/2
  - Final Error: [Errno 8] nodename nor servname provided, or not known

[2026-06-17 05:00:41] Processing delico.sb360.ir
  - Error on attempt 1: [Errno 8] nodename nor servname provided, or not known

[2026-06-17 05:00:41] PERMANENTLY FAILED: delico.sb360.ir
  - Attempts: 1/2
  - Final Error: [Errno 8] nodename nor servname provided, or not known

[2026-06-17 05:00:41] Processing api.do-more.de
  - Error on attempt 1: [SSL: TLSV1_ALERT_INTERNAL_ERROR] tlsv1 alert internal error (_ssl.c:1006)

[2026-06-17 05:00:41] PERMANENTLY FAILED: api.do-more.de
  - Attempts: 1/2
  - Final Error: [SSL: TLSV1_ALERT_INTERNAL_ERROR] tlsv1 alert internal error (_ssl.c:1006)

[2026-06-17 05:00:41] Processing preview.pr-5493.cerosdev.site
  - Error on attempt 1: [SSL: SSLV3_ALERT_HANDSHAKE_FAILURE] ssl/tls alert handshake failure (_ssl.c:1006)

[2026-06-17 05:00:41] PERMANENTLY FAILED: preview.pr-5493.cerosdev.site
  - Attempts: 1/2
  - Final Error: [SSL: SSLV3_ALERT_HANDSHAKE_FAILURE] ssl/tls alert handshake failure (_ssl.c:1006)

[2026-06-17 05:00:41] Processing thefilm-collective.com
  - Error on attempt 1: [Errno 8] nodename nor servname provided, or not known

[2026-06-17 05:00:41] PERMANENTLY FAILED: thefilm-collective.com
  - Attempts: 1/2
  - Final Error: [Errno 8] nodename nor servname provided, or not known

[2026-06-17 05:00:41] Processing abdullahfashionwear.com
  - Error on attempt 1: [Errno 8] nodename nor servname provided, or not known

[2026-06-17 05:00:41] PERMANENTLY FAILED: abdullahfashionwear.com
  - Attempts: 1/2
  - Final Error: [Errno 8] nodename nor servname provided, or not known

[2026-06-17 05:00:42] Processing asiawremote.smartphonegewinnen.de
  - Error on attempt 1: Connection Timed Out

[2026-06-17 05:00:42] PERMANENTLY FAILED: asiawremote.smartphonegewinnen.de
  - Attempts: 1/2
  - Final Error: Connection Timed Out

[2026-06-17 05:00:42] Processing mail.cashlesssex.com
  - Error on attempt 1: [SSL: TLSV1_ALERT_INTERNAL_ERROR] tlsv1 alert internal error (_ssl.c:1006)

[2026-06-17 05:00:42] PERMANENTLY FAILED: mail.cashlesssex.com
  - Attempts: 1/2
  - Final Error: [SSL: TLSV1_ALERT_INTERNAL_ERROR] tlsv1 alert internal error (_ssl.c:1006)

[2026-06-17 05:00:42] Processing nsqloapp.reifenauktionen.de
  - Error on attempt 1: [Errno 8] nodename nor servname provided, or not known

[2026-06-17 05:00:42] PERMANENTLY FAILED: nsqloapp.reifenauktionen.de
  - Attempts: 1/2
  - Final Error: [Errno 8] nodename nor servname provided, or not known

[2026-06-17 05:00:43] Processing test.j.sakuraon.top
  - Error on attempt 1: [Errno 8] nodename nor servname provided, or not known

[2026-06-17 05:00:43] PERMANENTLY FAILED: test.j.sakuraon.top
  - Attempts: 1/2
  - Final Error: [Errno 8] nodename nor servname provided, or not known

[2026-06-17 05:00:44] Processing internet.vabex.com
  - Error on attempt 1: [SSL: TLSV1_UNRECOGNIZED_NAME] tlsv1 unrecognized name (_ssl.c:1006)

[2026-06-17 05:00:44] PERMANENTLY FAILED: internet.vabex.com
  - Attempts: 1/2
  - Final Error: [SSL: TLSV1_UNRECOGNIZED_NAME] tlsv1 unrecognized name (_ssl.c:1006)

[2026-06-17 05:00:44] Processing c589172115ddaf110fcd6189.keenetic.io
  - Error on attempt 1: [Errno 8] nodename nor servname provided, or not known

[2026-06-17 05:00:44] PERMANENTLY FAILED: c589172115ddaf110fcd6189.keenetic.io
  - Attempts: 1/2
  - Final Error: [Errno 8] nodename nor servname provided, or not known

[2026-06-17 05:00:44] Processing jenkins.skmlabs.net
  - Error on attempt 1: [Errno 8] nodename nor servname provided, or not known

[2026-06-17 05:00:44] PERMANENTLY FAILED: jenkins.skmlabs.net
  - Attempts: 1/2
  - Final Error: [Errno 8] nodename nor servname provided, or not known

[2026-06-17 05:00:44] Processing prelogon.moveat.com
  - Error on attempt 1: [SSL: TLSV1_UNRECOGNIZED_NAME] tlsv1 unrecognized name (_ssl.c:1006)

[2026-06-17 05:00:44] PERMANENTLY FAILED: prelogon.moveat.com
  - Attempts: 1/2
  - Final Error: [SSL: TLSV1_UNRECOGNIZED_NAME] tlsv1 unrecognized name (_ssl.c:1006)

[2026-06-17 05:00:45] Processing acceso.kaekel.com
  - Error on attempt 1: Connection Timed Out

[2026-06-17 05:00:45] PERMANENTLY FAILED: acceso.kaekel.com
  - Attempts: 1/2
  - Final Error: Connection Timed Out

[2026-06-17 05:00:45] Processing nuget.xsd2code.com
  - Error on attempt 1: [Errno 51] Network is unreachable

[2026-06-17 05:00:45] PERMANENTLY FAILED: nuget.xsd2code.com
  - Attempts: 1/2
  - Final Error: [Errno 51] Network is unreachable

[2026-06-17 05:00:45] Processing inst.stellargenixp-s.com
  - Error on attempt 1: [Errno 8] nodename nor servname provided, or not known

[2026-06-17 05:00:45] PERMANENTLY FAILED: inst.stellargenixp-s.com
  - Attempts: 1/2
  - Final Error: [Errno 8] nodename nor servname provided, or not known

[2026-06-17 05:00:45] Processing smtp.korep.cz
  - Error on attempt 1: Connection Timed Out

[2026-06-17 05:00:45] PERMANENTLY FAILED: smtp.korep.cz
  - Attempts: 1/2
  - Final Error: Connection Timed Out

[2026-06-17 05:00:46] Processing api.jrpsften.49-12-111-90.plesk.page
  - Error on attempt 1: [Errno 61] Connection refused

[2026-06-17 05:00:46] PERMANENTLY FAILED: api.jrpsften.49-12-111-90.plesk.page
  - Attempts: 1/2
  - Final Error: [Errno 61] Connection refused

[2026-06-17 05:00:46] Processing itkit.ae
  - Error on attempt 1: [Errno 8] nodename nor servname provided, or not known

[2026-06-17 05:00:46] PERMANENTLY FAILED: itkit.ae
  - Attempts: 1/2
  - Final Error: [Errno 8] nodename nor servname provided, or not known

[2026-06-17 05:00:46] Processing yaserstore.com
  - Error on attempt 1: [Errno 8] nodename nor servname provided, or not known

[2026-06-17 05:00:46] PERMANENTLY FAILED: yaserstore.com
  - Attempts: 1/2
  - Final Error: [Errno 8] nodename nor servname provided, or not known

[2026-06-17 05:00:46] Processing ftp.gardentransformation.com
  - Error on attempt 1: [Errno 8] nodename nor servname provided, or not known

[2026-06-17 05:00:46] PERMANENTLY FAILED: ftp.gardentransformation.com
  - Attempts: 1/2
  - Final Error: [Errno 8] nodename nor servname provided, or not known

[2026-06-17 05:00:46] Processing webmail.myvare.de
  - Error on attempt 1: Connection Timed Out

[2026-06-17 05:00:46] PERMANENTLY FAILED: webmail.myvare.de
  - Attempts: 1/2
  - Final Error: Connection Timed Out

[2026-06-17 05:00:46] Processing mduwlhome.adcamp.cz
  - Error on attempt 1: Connection Timed Out

[2026-06-17 05:00:46] PERMANENTLY FAILED: mduwlhome.adcamp.cz
  - Attempts: 1/2
  - Final Error: Connection Timed Out

[2026-06-17 05:00:46] Processing k.brevi.com
  - Error on attempt 1: Connection Timed Out

[2026-06-17 05:00:46] PERMANENTLY FAILED: k.brevi.com
  - Attempts: 1/2
  - Final Error: Connection Timed Out

[2026-06-17 05:00:47] Processing admin.aarpcreditcards.com
  - Error on attempt 1: Connection Timed Out

[2026-06-17 05:00:47] PERMANENTLY FAILED: admin.aarpcreditcards.com
  - Attempts: 1/2
  - Final Error: Connection Timed Out

[2026-06-17 05:00:47] Processing top-haixingtiyu.net
  - Error on attempt 1: [Errno 8] nodename nor servname provided, or not known

[2026-06-17 05:00:47] PERMANENTLY FAILED: top-haixingtiyu.net
  - Attempts: 1/2
  - Final Error: [Errno 8] nodename nor servname provided, or not known

[2026-06-17 05:00:47] Processing test.app.elitejourneyguides.live
  - Error on attempt 1: Connection Timed Out

[2026-06-17 05:00:47] PERMANENTLY FAILED: test.app.elitejourneyguides.live
  - Attempts: 1/2
  - Final Error: Connection Timed Out

[2026-06-17 05:00:47] Processing southeastern.drive.su
  - Error on attempt 1: Connection Timed Out

[2026-06-17 05:00:47] PERMANENTLY FAILED: southeastern.drive.su
  - Attempts: 1/2
  - Final Error: Connection Timed Out

[2026-06-17 05:00:47] Processing store.mcallister.com.au
  - Error on attempt 1: Connection Timed Out

[2026-06-17 05:00:47] PERMANENTLY FAILED: store.mcallister.com.au
  - Attempts: 1/2
  - Final Error: Connection Timed Out

[2026-06-17 05:00:47] Processing www3.televisionenterprise.com
  - Error on attempt 1: Connection Timed Out

[2026-06-17 05:00:47] PERMANENTLY FAILED: www3.televisionenterprise.com
  - Attempts: 1/2
  - Final Error: Connection Timed Out

[2026-06-17 05:00:47] Processing broker.parasoftparagliding.com
  - Error on attempt 1: Connection Timed Out

[2026-06-17 05:00:47] PERMANENTLY FAILED: broker.parasoftparagliding.com
  - Attempts: 1/2
  - Final Error: Connection Timed Out

[2026-06-17 05:00:47] Processing autodiscover.shampower.shop
  - Error on attempt 1: Connection Timed Out

[2026-06-17 05:00:47] PERMANENTLY FAILED: autodiscover.shampower.shop
  - Attempts: 1/2
  - Final Error: Connection Timed Out

[2026-06-17 05:00:47] Processing ww31.131146.thefutureis.digital
  - Error on attempt 1: [Errno 8] nodename nor servname provided, or not known

[2026-06-17 05:00:47] PERMANENTLY FAILED: ww31.131146.thefutureis.digital
  - Attempts: 1/2
  - Final Error: [Errno 8] nodename nor servname provided, or not known

[2026-06-17 05:00:47] Processing mobile.relations.ro
  - Error on attempt 1: Connection Timed Out

[2026-06-17 05:00:47] PERMANENTLY FAILED: mobile.relations.ro
  - Attempts: 1/2
  - Final Error: Connection Timed Out

[2026-06-17 05:00:47] Processing test.jrpsften.49-12-111-90.plesk.page
  - Error on attempt 1: [Errno 61] Connection refused

[2026-06-17 05:00:47] PERMANENTLY FAILED: test.jrpsften.49-12-111-90.plesk.page
  - Attempts: 1/2
  - Final Error: [Errno 61] Connection refused

[2026-06-17 05:00:48] Processing dev.jrpsften.49-12-111-90.plesk.page
  - Error on attempt 1: [Errno 61] Connection refused

[2026-06-17 05:00:48] PERMANENTLY FAILED: dev.jrpsften.49-12-111-90.plesk.page
  - Attempts: 1/2
  - Final Error: [Errno 61] Connection refused

[2026-06-17 05:00:48] Processing zmail.webnew.de
  - Error on attempt 1: [Errno 8] nodename nor servname provided, or not known

[2026-06-17 05:00:48] PERMANENTLY FAILED: zmail.webnew.de
  - Attempts: 1/2
  - Final Error: [Errno 8] nodename nor servname provided, or not known

[2026-06-17 05:00:48] Processing hrybztsp.akwam.im
  - Error on attempt 1: [Errno 8] nodename nor servname provided, or not known

[2026-06-17 05:00:48] PERMANENTLY FAILED: hrybztsp.akwam.im
  - Attempts: 1/2
  - Final Error: [Errno 8] nodename nor servname provided, or not known

[2026-06-17 05:00:48] Processing tipsdewatogelrtp.cyou
  - Error on attempt 1: [Errno 8] nodename nor servname provided, or not known

[2026-06-17 05:00:48] PERMANENTLY FAILED: tipsdewatogelrtp.cyou
  - Attempts: 1/2
  - Final Error: [Errno 8] nodename nor servname provided, or not known

[2026-06-17 05:00:48] Processing kv3wbueisjwwzr7bbuuc.device.stripe-terminal-local-reader.net
  - Error on attempt 1: [Errno 8] nodename nor servname provided, or not known

[2026-06-17 05:00:48] PERMANENTLY FAILED: kv3wbueisjwwzr7bbuuc.device.stripe-terminal-local-reader.net
  - Attempts: 1/2
  - Final Error: [Errno 8] nodename nor servname provided, or not known

[2026-06-17 05:00:48] Processing temp.infomeeting.com
  - Error on attempt 1: [SSL: TLSV1_UNRECOGNIZED_NAME] tlsv1 unrecognized name (_ssl.c:1006)

[2026-06-17 05:00:48] PERMANENTLY FAILED: temp.infomeeting.com
  - Attempts: 1/2
  - Final Error: [SSL: TLSV1_UNRECOGNIZED_NAME] tlsv1 unrecognized name (_ssl.c:1006)

[2026-06-17 05:00:49] Processing wddn31.direct.quickconnect.to
  - Error on attempt 1: Connection Timed Out

[2026-06-17 05:00:49] PERMANENTLY FAILED: wddn31.direct.quickconnect.to
  - Attempts: 1/2
  - Final Error: Connection Timed Out

[2026-06-17 05:00:49] Processing ramstaradvisors.com
  - Error on attempt 1: [Errno 61] Connection refused

[2026-06-17 05:00:49] PERMANENTLY FAILED: ramstaradvisors.com
  - Attempts: 1/2
  - Final Error: [Errno 61] Connection refused

[2026-06-17 05:00:49] Processing old.cartuccestampante.com
  - Error on attempt 1: Connection Timed Out

[2026-06-17 05:00:49] PERMANENTLY FAILED: old.cartuccestampante.com
  - Attempts: 1/2
  - Final Error: Connection Timed Out

[2026-06-17 05:00:49] Processing gateway.tischlerei-lehmann.de
  - Error on attempt 1: Connection Timed Out

[2026-06-17 05:00:49] PERMANENTLY FAILED: gateway.tischlerei-lehmann.de
  - Attempts: 1/2
  - Final Error: Connection Timed Out

[2026-06-17 05:00:49] Processing zabbix.fifthecho.net
  - Error on attempt 1: [Errno 8] nodename nor servname provided, or not known

[2026-06-17 05:00:50] PERMANENTLY FAILED: zabbix.fifthecho.net
  - Attempts: 1/2
  - Final Error: [Errno 8] nodename nor servname provided, or not known

[2026-06-17 05:00:50] Processing cs.dapaul.com
  - Error on attempt 1: [Errno 8] nodename nor servname provided, or not known

[2026-06-17 05:00:50] PERMANENTLY FAILED: cs.dapaul.com
  - Attempts: 1/2
  - Final Error: [Errno 8] nodename nor servname provided, or not known

[2026-06-17 05:00:50] Processing d08603678e17d0cd47e16fb8.keenetic.io
  - Error on attempt 1: [Errno 8] nodename nor servname provided, or not known

[2026-06-17 05:00:50] PERMANENTLY FAILED: d08603678e17d0cd47e16fb8.keenetic.io
  - Attempts: 1/2
  - Final Error: [Errno 8] nodename nor servname provided, or not known

[2026-06-17 05:00:50] Processing fzj.pesu.cn
  - Error on attempt 1: Connection Timed Out

[2026-06-17 05:00:50] PERMANENTLY FAILED: fzj.pesu.cn
  - Attempts: 1/2
  - Final Error: Connection Timed Out

[2026-06-17 05:00:51] Processing 06f957bd.sni.cloudflaressl.com
  - Error on attempt 1: [SSL: SSLV3_ALERT_HANDSHAKE_FAILURE] ssl/tls alert handshake failure (_ssl.c:1006)

[2026-06-17 05:00:51] PERMANENTLY FAILED: 06f957bd.sni.cloudflaressl.com
  - Attempts: 1/2
  - Final Error: [SSL: SSLV3_ALERT_HANDSHAKE_FAILURE] ssl/tls alert handshake failure (_ssl.c:1006)

[2026-06-17 05:00:51] Processing auth2.contactcardgame.com
  - Error on attempt 1: Connection Timed Out

[2026-06-17 05:00:51] PERMANENTLY FAILED: auth2.contactcardgame.com
  - Attempts: 1/2
  - Final Error: Connection Timed Out

[2026-06-17 05:00:51] Processing inte.left.net
  - Error on attempt 1: Connection Timed Out

[2026-06-17 05:00:51] PERMANENTLY FAILED: inte.left.net
  - Attempts: 1/2
  - Final Error: Connection Timed Out

[2026-06-17 05:00:51] Processing vyos71bqty6ed0k0bu.workers.dev
  - Error on attempt 1: [Errno 8] nodename nor servname provided, or not known

[2026-06-17 05:00:51] Processing verhaltenstherapie-klosterneuburg.at
  - Error on attempt 1: [Errno 8] nodename nor servname provided, or not known

[2026-06-17 05:00:51] PERMANENTLY FAILED: vyos71bqty6ed0k0bu.workers.dev
  - Attempts: 1/2
  - Final Error: [Errno 8] nodename nor servname provided, or not known

[2026-06-17 05:00:51] PERMANENTLY FAILED: verhaltenstherapie-klosterneuburg.at
  - Attempts: 1/2
  - Final Error: [Errno 8] nodename nor servname provided, or not known

[2026-06-17 05:00:51] Processing sitemap.templatelegit.com
  - Error on attempt 1: Connection Timed Out

[2026-06-17 05:00:51] PERMANENTLY FAILED: sitemap.templatelegit.com
  - Attempts: 1/2
  - Final Error: Connection Timed Out

[2026-06-17 05:00:51] Processing skillzdemy.com
  - Error on attempt 1: [SSL: TLSV1_ALERT_INTERNAL_ERROR] tlsv1 alert internal error (_ssl.c:1006)

[2026-06-17 05:00:51] PERMANENTLY FAILED: skillzdemy.com
  - Attempts: 1/2
  - Final Error: [SSL: TLSV1_ALERT_INTERNAL_ERROR] tlsv1 alert internal error (_ssl.c:1006)

[2026-06-17 05:00:51] Processing 846af349.sni.cloudflaressl.com
  - Error on attempt 1: [SSL: SSLV3_ALERT_HANDSHAKE_FAILURE] ssl/tls alert handshake failure (_ssl.c:1006)

[2026-06-17 05:00:51] PERMANENTLY FAILED: 846af349.sni.cloudflaressl.com
  - Attempts: 1/2
  - Final Error: [SSL: SSLV3_ALERT_HANDSHAKE_FAILURE] ssl/tls alert handshake failure (_ssl.c:1006)

[2026-06-17 05:00:52] Processing api.lilandcloe.h6.re
  - Error on attempt 1: [Errno 8] nodename nor servname provided, or not known

[2026-06-17 05:00:52] PERMANENTLY FAILED: api.lilandcloe.h6.re
  - Attempts: 1/2
  - Final Error: [Errno 8] nodename nor servname provided, or not known

[2026-06-17 05:00:52] Processing test.jrsaxdpv.49-12-111-90.plesk.page
  - Error on attempt 1: [Errno 61] Connection refused

[2026-06-17 05:00:52] PERMANENTLY FAILED: test.jrsaxdpv.49-12-111-90.plesk.page
  - Attempts: 1/2
  - Final Error: [Errno 61] Connection refused

[2026-06-17 05:00:52] Processing cucadesbycarol.shop
  - Error on attempt 1: [Errno 8] nodename nor servname provided, or not known

[2026-06-17 05:00:52] PERMANENTLY FAILED: cucadesbycarol.shop
  - Attempts: 1/2
  - Final Error: [Errno 8] nodename nor servname provided, or not known

[2026-06-17 05:00:52] Processing pommes-bub.de
  - Error on attempt 1: [Errno 61] Connection refused

[2026-06-17 05:00:52] PERMANENTLY FAILED: pommes-bub.de
  - Attempts: 1/2
  - Final Error: [Errno 61] Connection refused

[2026-06-17 05:00:52] Processing analytics-dev.mellicard.com
  - Error on attempt 1: Connection Timed Out

[2026-06-17 05:00:52] PERMANENTLY FAILED: analytics-dev.mellicard.com
  - Attempts: 1/2
  - Final Error: Connection Timed Out

[2026-06-17 05:00:52] Processing vpn.mellicard.com
  - Error on attempt 1: Connection Timed Out

[2026-06-17 05:00:52] PERMANENTLY FAILED: vpn.mellicard.com
  - Attempts: 1/2
  - Final Error: Connection Timed Out

[2026-06-17 05:00:52] Processing forum.aarpcreditcards.com
  - Error on attempt 1: Connection Timed Out

[2026-06-17 05:00:52] PERMANENTLY FAILED: forum.aarpcreditcards.com
  - Attempts: 1/2
  - Final Error: Connection Timed Out

[2026-06-17 05:00:53] Processing defendingourheritage.org
  - Error on attempt 1: [Errno 8] nodename nor servname provided, or not known

[2026-06-17 05:00:53] PERMANENTLY FAILED: defendingourheritage.org
  - Attempts: 1/2
  - Final Error: [Errno 8] nodename nor servname provided, or not known

[2026-06-17 05:00:53] Processing relay.daenerys.fr
  - Error on attempt 1: Connection Timed Out

[2026-06-17 05:00:53] PERMANENTLY FAILED: relay.daenerys.fr
  - Attempts: 1/2
  - Final Error: Connection Timed Out

[2026-06-17 05:00:53] Processing trylorals.com
  - Error on attempt 1: [Errno 8] nodename nor servname provided, or not known

[2026-06-17 05:00:53] PERMANENTLY FAILED: trylorals.com
  - Attempts: 1/2
  - Final Error: [Errno 8] nodename nor servname provided, or not known

[2026-06-17 05:00:53] Processing relay.jgeneration.com
  - Error on attempt 1: [SSL: TLSV1_UNRECOGNIZED_NAME] tlsv1 unrecognized name (_ssl.c:1006)

[2026-06-17 05:00:53] PERMANENTLY FAILED: relay.jgeneration.com
  - Attempts: 1/2
  - Final Error: [SSL: TLSV1_UNRECOGNIZED_NAME] tlsv1 unrecognized name (_ssl.c:1006)

[2026-06-17 05:00:53] Processing verocat.com
  - Error on attempt 1: [Errno 8] nodename nor servname provided, or not known

[2026-06-17 05:00:53] PERMANENTLY FAILED: verocat.com
  - Attempts: 1/2
  - Final Error: [Errno 8] nodename nor servname provided, or not known

[2026-06-17 05:00:53] Processing forti.wildones.com
  - Error on attempt 1: Connection Timed Out

[2026-06-17 05:00:53] Processing cloudvpn.wildones.com
  - Error on attempt 1: Connection Timed Out

[2026-06-17 05:00:53] PERMANENTLY FAILED: forti.wildones.com
  - Attempts: 1/2
  - Final Error: Connection Timed Out

[2026-06-17 05:00:53] PERMANENTLY FAILED: cloudvpn.wildones.com
  - Attempts: 1/2
  - Final Error: Connection Timed Out

[2026-06-17 05:00:54] Processing sweet.fitness
  - Error on attempt 1: [Errno 8] nodename nor servname provided, or not known

[2026-06-17 05:00:54] PERMANENTLY FAILED: sweet.fitness
  - Attempts: 1/2
  - Final Error: [Errno 8] nodename nor servname provided, or not known

[2026-06-17 05:00:54] Processing axezb5.mmscloudtest.com
  - Error on attempt 1: [Errno 8] nodename nor servname provided, or not known

[2026-06-17 05:00:54] PERMANENTLY FAILED: axezb5.mmscloudtest.com
  - Attempts: 1/2
  - Final Error: [Errno 8] nodename nor servname provided, or not known

[2026-06-17 05:00:54] Processing fikfapp.site
  - Error on attempt 1: [Errno 8] nodename nor servname provided, or not known

[2026-06-17 05:00:54] PERMANENTLY FAILED: fikfapp.site
  - Attempts: 1/2
  - Final Error: [Errno 8] nodename nor servname provided, or not known

[2026-06-17 05:00:54] Processing 3031913128.ccm-rxlb-dns.certsbridge.com
  - Error on attempt 1: [Errno 8] nodename nor servname provided, or not known

[2026-06-17 05:00:54] PERMANENTLY FAILED: 3031913128.ccm-rxlb-dns.certsbridge.com
  - Attempts: 1/2
  - Final Error: [Errno 8] nodename nor servname provided, or not known

[2026-06-17 05:00:54] Processing api.www.checksrv.bulkaquarium.com
  - Error on attempt 1: [SSL: UNEXPECTED_EOF_WHILE_READING] EOF occurred in violation of protocol (_ssl.c:1006)

[2026-06-17 05:00:54] PERMANENTLY FAILED: api.www.checksrv.bulkaquarium.com
  - Attempts: 1/2
  - Final Error: [SSL: UNEXPECTED_EOF_WHILE_READING] EOF occurred in violation of protocol (_ssl.c:1006)

[2026-06-17 05:00:55] Processing liuhar0213.workers.dev
  - Error on attempt 1: [Errno 8] nodename nor servname provided, or not known

[2026-06-17 05:00:55] PERMANENTLY FAILED: liuhar0213.workers.dev
  - Attempts: 1/2
  - Final Error: [Errno 8] nodename nor servname provided, or not known

[2026-06-17 05:00:55] Processing pop.fortbraggproperty.com
  - Error on attempt 1: Connection Timed Out

[2026-06-17 05:00:55] PERMANENTLY FAILED: pop.fortbraggproperty.com
  - Attempts: 1/2
  - Final Error: Connection Timed Out

[2026-06-17 05:00:55] Processing admin.cashlesschecking.com
  - Error on attempt 1: [SSL: TLSV1_ALERT_INTERNAL_ERROR] tlsv1 alert internal error (_ssl.c:1006)

[2026-06-17 05:00:55] PERMANENTLY FAILED: admin.cashlesschecking.com
  - Attempts: 1/2
  - Final Error: [SSL: TLSV1_ALERT_INTERNAL_ERROR] tlsv1 alert internal error (_ssl.c:1006)

[2026-06-17 05:00:55] Processing security.davkom.com
  - Error on attempt 1: [Errno 8] nodename nor servname provided, or not known

[2026-06-17 05:00:55] PERMANENTLY FAILED: security.davkom.com
  - Attempts: 1/2
  - Final Error: [Errno 8] nodename nor servname provided, or not known

[2026-06-17 05:00:55] Processing api.app.embaixopg.net
  - Error on attempt 1: Connection Timed Out

[2026-06-17 05:00:55] PERMANENTLY FAILED: api.app.embaixopg.net
  - Attempts: 1/2
  - Final Error: Connection Timed Out

[2026-06-17 05:00:56] Processing teksava.com
  - Error on attempt 1: [Errno 8] nodename nor servname provided, or not known

[2026-06-17 05:00:56] PERMANENTLY FAILED: teksava.com
  - Attempts: 1/2
  - Final Error: [Errno 8] nodename nor servname provided, or not known

[2026-06-17 05:00:56] Processing test.lilandcloe.h6.re
  - Error on attempt 1: [Errno 8] nodename nor servname provided, or not known

[2026-06-17 05:00:56] PERMANENTLY FAILED: test.lilandcloe.h6.re
  - Attempts: 1/2
  - Final Error: [Errno 8] nodename nor servname provided, or not known

[2026-06-17 05:00:56] Processing aichatbotschool.com
  - Error on attempt 1: [Errno 8] nodename nor servname provided, or not known

[2026-06-17 05:00:56] PERMANENTLY FAILED: aichatbotschool.com
  - Attempts: 1/2
  - Final Error: [Errno 8] nodename nor servname provided, or not known

[2026-06-17 05:00:56] Processing sakim.iphone.at
  - Error on attempt 1: Connection Timed Out

[2026-06-17 05:00:56] PERMANENTLY FAILED: sakim.iphone.at
  - Attempts: 1/2
  - Final Error: Connection Timed Out

[2026-06-17 05:00:56] Processing laughinghorses.com
  - Error on attempt 1: Connection Timed Out

[2026-06-17 05:00:56] PERMANENTLY FAILED: laughinghorses.com
  - Attempts: 1/2
  - Final Error: Connection Timed Out

[2026-06-17 05:00:56] Processing cysfmhajwedbfkn.wucd.com
  - Error on attempt 1: [SSL: TLSV1_UNRECOGNIZED_NAME] tlsv1 unrecognized name (_ssl.c:1006)

[2026-06-17 05:00:56] PERMANENTLY FAILED: cysfmhajwedbfkn.wucd.com
  - Attempts: 1/2
  - Final Error: [SSL: TLSV1_UNRECOGNIZED_NAME] tlsv1 unrecognized name (_ssl.c:1006)

[2026-06-17 05:00:56] Processing ciscovpn.mouse.de
  - Error on attempt 1: Connection Timed Out

[2026-06-17 05:00:56] PERMANENTLY FAILED: ciscovpn.mouse.de
  - Attempts: 1/2
  - Final Error: Connection Timed Out

[2026-06-17 05:00:57] Processing dashboard.sunstill.com
  - Error on attempt 1: [Errno 8] nodename nor servname provided, or not known

[2026-06-17 05:00:57] PERMANENTLY FAILED: dashboard.sunstill.com
  - Attempts: 1/2
  - Final Error: [Errno 8] nodename nor servname provided, or not known

[2026-06-17 05:00:57] Processing dev.verifiable.now
  - Error on attempt 1: [Errno 8] nodename nor servname provided, or not known

[2026-06-17 05:00:57] PERMANENTLY FAILED: dev.verifiable.now
  - Attempts: 1/2
  - Final Error: [Errno 8] nodename nor servname provided, or not known

[2026-06-17 05:00:57] Processing maisonboulumi.net
  - Error on attempt 1: [Errno 8] nodename nor servname provided, or not known

[2026-06-17 05:00:57] PERMANENTLY FAILED: maisonboulumi.net
  - Attempts: 1/2
  - Final Error: [Errno 8] nodename nor servname provided, or not known

[2026-06-17 05:00:58] Processing beta.dreampatios.com.au
  - Error on attempt 1: [SSL: TLSV1_UNRECOGNIZED_NAME] tlsv1 unrecognized name (_ssl.c:1006)

[2026-06-17 05:00:58] PERMANENTLY FAILED: beta.dreampatios.com.au
  - Attempts: 1/2
  - Final Error: [SSL: TLSV1_UNRECOGNIZED_NAME] tlsv1 unrecognized name (_ssl.c:1006)

[2026-06-17 05:00:58] Processing nashtk.synology.me
  - Error on attempt 1: Connection Timed Out

[2026-06-17 05:00:58] PERMANENTLY FAILED: nashtk.synology.me
  - Attempts: 1/2
  - Final Error: Connection Timed Out

[2026-06-17 05:00:58] Processing cisco.rostschutzmittel.de
  - Error on attempt 1: Connection Timed Out

[2026-06-17 05:00:58] PERMANENTLY FAILED: cisco.rostschutzmittel.de
  - Attempts: 1/2
  - Final Error: Connection Timed Out

[2026-06-17 05:00:58] Processing 3c5si.lax.no
  - Error on attempt 1: Connection Timed Out

[2026-06-17 05:00:58] PERMANENTLY FAILED: 3c5si.lax.no
  - Attempts: 1/2
  - Final Error: Connection Timed Out

[2026-06-17 05:00:59] Processing cloudapp.dapaul.com
  - Error on attempt 1: [Errno 8] nodename nor servname provided, or not known

[2026-06-17 05:00:59] PERMANENTLY FAILED: cloudapp.dapaul.com
  - Attempts: 1/2
  - Final Error: [Errno 8] nodename nor servname provided, or not known

[2026-06-17 05:00:59] Processing device-f81ab156-bc93-4016-8170-ef0469f24639.remotewd.com
  - Error on attempt 1: Connection Timed Out

[2026-06-17 05:00:59] PERMANENTLY FAILED: device-f81ab156-bc93-4016-8170-ef0469f24639.remotewd.com
  - Attempts: 1/2
  - Final Error: Connection Timed Out

[2026-06-17 05:00:59] Processing ytxf888.fnos.net
  - Error on attempt 1: [SSL: UNEXPECTED_EOF_WHILE_READING] EOF occurred in violation of protocol (_ssl.c:1006)

[2026-06-17 05:00:59] PERMANENTLY FAILED: ytxf888.fnos.net
  - Attempts: 1/2
  - Final Error: [SSL: UNEXPECTED_EOF_WHILE_READING] EOF occurred in violation of protocol (_ssl.c:1006)

[2026-06-17 05:00:59] Processing sinet5.nanatsumori.net
  - Error on attempt 1: [Errno 8] nodename nor servname provided, or not known

[2026-06-17 05:00:59] PERMANENTLY FAILED: sinet5.nanatsumori.net
  - Attempts: 1/2
  - Final Error: [Errno 8] nodename nor servname provided, or not known

[2026-06-17 05:00:59] Processing i0rzed-pt6u7wd4-nbc093sp8-w5u3qloefa.korealt.link
  - Error on attempt 1: [Errno 8] nodename nor servname provided, or not known

[2026-06-17 05:00:59] PERMANENTLY FAILED: i0rzed-pt6u7wd4-nbc093sp8-w5u3qloefa.korealt.link
  - Attempts: 1/2
  - Final Error: [Errno 8] nodename nor servname provided, or not known

[2026-06-17 05:00:59] Processing wap.televisionenterprise.com
  - Error on attempt 1: Connection Timed Out

[2026-06-17 05:00:59] PERMANENTLY FAILED: wap.televisionenterprise.com
  - Attempts: 1/2
  - Final Error: Connection Timed Out

[2026-06-17 05:00:59] Processing www-899952775.eu1.qa.hubspot-at-test.com
  - Error on attempt 1: [SSL: SSLV3_ALERT_HANDSHAKE_FAILURE] ssl/tls alert handshake failure (_ssl.c:1006)

[2026-06-17 05:00:59] PERMANENTLY FAILED: www-899952775.eu1.qa.hubspot-at-test.com
  - Attempts: 1/2
  - Final Error: [SSL: SSLV3_ALERT_HANDSHAKE_FAILURE] ssl/tls alert handshake failure (_ssl.c:1006)

[2026-06-17 05:01:00] Processing wangshijkl.fnos.net
  - Error on attempt 1: [SSL: UNEXPECTED_EOF_WHILE_READING] EOF occurred in violation of protocol (_ssl.c:1006)

[2026-06-17 05:01:00] PERMANENTLY FAILED: wangshijkl.fnos.net
  - Attempts: 1/2
  - Final Error: [SSL: UNEXPECTED_EOF_WHILE_READING] EOF occurred in violation of protocol (_ssl.c:1006)

[2026-06-17 05:01:00] Processing 602232fef2c806e11ffe07341e2306360acfe.id.ui.direct
  - Error on attempt 1: [Errno 8] nodename nor servname provided, or not known

[2026-06-17 05:01:00] PERMANENTLY FAILED: 602232fef2c806e11ffe07341e2306360acfe.id.ui.direct
  - Attempts: 1/2
  - Final Error: [Errno 8] nodename nor servname provided, or not known

[2026-06-17 05:01:00] Processing beocombeocin021.direct.quickconnect.to
  - Error on attempt 1: Connection Timed Out

[2026-06-17 05:01:00] PERMANENTLY FAILED: beocombeocin021.direct.quickconnect.to
  - Attempts: 1/2
  - Final Error: Connection Timed Out

[2026-06-17 05:01:00] Processing dev.jrsaxdpv.49-12-111-90.plesk.page
  - Error on attempt 1: [Errno 61] Connection refused

[2026-06-17 05:01:00] PERMANENTLY FAILED: dev.jrsaxdpv.49-12-111-90.plesk.page
  - Attempts: 1/2
  - Final Error: [Errno 61] Connection refused

[2026-06-17 05:01:00] Processing api.tischlerei-lehmann.de
  - Error on attempt 1: Connection Timed Out

[2026-06-17 05:01:00] PERMANENTLY FAILED: api.tischlerei-lehmann.de
  - Attempts: 1/2
  - Final Error: Connection Timed Out

[2026-06-17 05:01:00] Processing 729190953.workers.dev
  - Error on attempt 1: [Errno 8] nodename nor servname provided, or not known

[2026-06-17 05:01:00] PERMANENTLY FAILED: 729190953.workers.dev
  - Attempts: 1/2
  - Final Error: [Errno 8] nodename nor servname provided, or not known

[2026-06-17 05:01:01] Processing elliottlinda.shop
  - Error on attempt 1: [Errno 8] nodename nor servname provided, or not known

[2026-06-17 05:01:01] PERMANENTLY FAILED: elliottlinda.shop
  - Attempts: 1/2
  - Final Error: [Errno 8] nodename nor servname provided, or not known

[2026-06-17 05:01:01] Processing cloud.advertirish.com
  - Error on attempt 1: Connection Timed Out

[2026-06-17 05:01:01] PERMANENTLY FAILED: cloud.advertirish.com
  - Attempts: 1/2
  - Final Error: Connection Timed Out

[2026-06-17 05:01:01] Processing rugguard.syrem.io
  - Error on attempt 1: [Errno 8] nodename nor servname provided, or not known

[2026-06-17 05:01:01] PERMANENTLY FAILED: rugguard.syrem.io
  - Attempts: 1/2
  - Final Error: [Errno 8] nodename nor servname provided, or not known

[2026-06-17 05:01:01] Processing api.jrhz2.51.222.141.36.sslip.io
  - Error on attempt 1: [SSL: TLSV1_ALERT_INTERNAL_ERROR] tlsv1 alert internal error (_ssl.c:1006)

[2026-06-17 05:01:01] PERMANENTLY FAILED: api.jrhz2.51.222.141.36.sslip.io
  - Attempts: 1/2
  - Final Error: [SSL: TLSV1_ALERT_INTERNAL_ERROR] tlsv1 alert internal error (_ssl.c:1006)

[2026-06-17 05:01:01] Processing mysalvumpro.com
  - Error on attempt 1: [Errno 8] nodename nor servname provided, or not known

[2026-06-17 05:01:01] PERMANENTLY FAILED: mysalvumpro.com
  - Attempts: 1/2
  - Final Error: [Errno 8] nodename nor servname provided, or not known

[2026-06-17 05:01:01] Processing auth.tryghansa.se
  - Error on attempt 1: [SSL: UNEXPECTED_EOF_WHILE_READING] EOF occurred in violation of protocol (_ssl.c:1006)

[2026-06-17 05:01:01] PERMANENTLY FAILED: auth.tryghansa.se
  - Attempts: 1/2
  - Final Error: [SSL: UNEXPECTED_EOF_WHILE_READING] EOF occurred in violation of protocol (_ssl.c:1006)

[2026-06-17 05:01:01] Processing hoard.pozol.xyz
  - Error on attempt 1: [Errno 8] nodename nor servname provided, or not known

[2026-06-17 05:01:01] PERMANENTLY FAILED: hoard.pozol.xyz
  - Attempts: 1/2
  - Final Error: [Errno 8] nodename nor servname provided, or not known

[2026-06-17 05:01:01] Processing inter81.keenetic.link
  - Error on attempt 1: Connection Timed Out

[2026-06-17 05:01:01] PERMANENTLY FAILED: inter81.keenetic.link
  - Attempts: 1/2
  - Final Error: Connection Timed Out

[2026-06-17 05:01:02] Processing test.verifiable.now
  - Error on attempt 1: [Errno 8] nodename nor servname provided, or not known

[2026-06-17 05:01:02] PERMANENTLY FAILED: test.verifiable.now
  - Attempts: 1/2
  - Final Error: [Errno 8] nodename nor servname provided, or not known

[2026-06-17 05:01:02] Processing reginovivia.shop
  - Error on attempt 1: [Errno 8] nodename nor servname provided, or not known

[2026-06-17 05:01:02] PERMANENTLY FAILED: reginovivia.shop
  - Attempts: 1/2
  - Final Error: [Errno 8] nodename nor servname provided, or not known

[2026-06-17 05:01:02] Processing webmail.mindpicture.com
  - Error on attempt 1: [SSL: TLSV1_UNRECOGNIZED_NAME] tlsv1 unrecognized name (_ssl.c:1006)

[2026-06-17 05:01:02] PERMANENTLY FAILED: webmail.mindpicture.com
  - Attempts: 1/2
  - Final Error: [SSL: TLSV1_UNRECOGNIZED_NAME] tlsv1 unrecognized name (_ssl.c:1006)

[2026-06-17 05:01:02] Processing janhavijain.com
  - Error on attempt 1: Connection Timed Out

[2026-06-17 05:01:02] PERMANENTLY FAILED: janhavijain.com
  - Attempts: 1/2
  - Final Error: Connection Timed Out

[2026-06-17 05:01:02] Processing agent.smartphonegewinnen.de
  - Error on attempt 1: Connection Timed Out

[2026-06-17 05:01:02] PERMANENTLY FAILED: agent.smartphonegewinnen.de
  - Attempts: 1/2
  - Final Error: Connection Timed Out

[2026-06-17 05:01:02] Processing prototypenotebook.com
  - Error on attempt 1: [SSL: SSLV3_ALERT_HANDSHAKE_FAILURE] ssl/tls alert handshake failure (_ssl.c:1006)

[2026-06-17 05:01:02] PERMANENTLY FAILED: prototypenotebook.com
  - Attempts: 1/2
  - Final Error: [SSL: SSLV3_ALERT_HANDSHAKE_FAILURE] ssl/tls alert handshake failure (_ssl.c:1006)

[2026-06-17 05:01:02] Processing kqvxawpj.akwam.im
  - Error on attempt 1: [Errno 8] nodename nor servname provided, or not known

[2026-06-17 05:01:02] PERMANENTLY FAILED: kqvxawpj.akwam.im
  - Attempts: 1/2
  - Final Error: [Errno 8] nodename nor servname provided, or not known

[2026-06-17 05:01:02] Processing 1767886661548666056-1rjrhavjw5jsc.dns-01.production.haplorrhini.com
  - Error on attempt 1: [Errno 8] nodename nor servname provided, or not known

[2026-06-17 05:01:02] PERMANENTLY FAILED: 1767886661548666056-1rjrhavjw5jsc.dns-01.production.haplorrhini.com
  - Attempts: 1/2
  - Final Error: [Errno 8] nodename nor servname provided, or not known

[2026-06-17 05:01:02] Processing wo-w9b3200seses0ftzialtyt49n.w.modal.host
  - Error on attempt 1: [Errno 8] nodename nor servname provided, or not known

[2026-06-17 05:01:02] PERMANENTLY FAILED: wo-w9b3200seses0ftzialtyt49n.w.modal.host
  - Attempts: 1/2
  - Final Error: [Errno 8] nodename nor servname provided, or not known

[2026-06-17 05:01:02] Processing projectdifwrld.store
  - Error on attempt 1: [Errno 8] nodename nor servname provided, or not known

[2026-06-17 05:01:02] PERMANENTLY FAILED: projectdifwrld.store
  - Attempts: 1/2
  - Final Error: [Errno 8] nodename nor servname provided, or not known

[2026-06-17 05:01:03] Processing fortivpn.wildones.com
  - Error on attempt 1: Connection Timed Out

[2026-06-17 05:01:03] PERMANENTLY FAILED: fortivpn.wildones.com
  - Attempts: 1/2
  - Final Error: Connection Timed Out

[2026-06-17 05:01:03] Processing carbonbrains.com
  - Error on attempt 1: [Errno 61] Connection refused

[2026-06-17 05:01:03] PERMANENTLY FAILED: carbonbrains.com
  - Attempts: 1/2
  - Final Error: [Errno 61] Connection refused

[2026-06-17 05:01:03] Processing fr.fgnbln8.cfd
  - Error on attempt 1: [Errno 8] nodename nor servname provided, or not known

[2026-06-17 05:01:03] PERMANENTLY FAILED: fr.fgnbln8.cfd
  - Attempts: 1/2
  - Final Error: [Errno 8] nodename nor servname provided, or not known

[2026-06-17 05:01:03] Processing globalprotect.moveat.com
  - Error on attempt 1: [SSL: TLSV1_UNRECOGNIZED_NAME] tlsv1 unrecognized name (_ssl.c:1006)

[2026-06-17 05:01:03] PERMANENTLY FAILED: globalprotect.moveat.com
  - Attempts: 1/2
  - Final Error: [SSL: TLSV1_UNRECOGNIZED_NAME] tlsv1 unrecognized name (_ssl.c:1006)

[2026-06-17 05:01:03] Processing remote2.davkom.com
  - Error on attempt 1: [Errno 8] nodename nor servname provided, or not known

[2026-06-17 05:01:03] PERMANENTLY FAILED: remote2.davkom.com
  - Attempts: 1/2
  - Final Error: [Errno 8] nodename nor servname provided, or not known

[2026-06-17 05:01:03] Processing staging.jrsaxdpv.49-12-111-90.plesk.page
  - Error on attempt 1: [Errno 61] Connection refused

[2026-06-17 05:01:03] PERMANENTLY FAILED: staging.jrsaxdpv.49-12-111-90.plesk.page
  - Attempts: 1/2
  - Final Error: [Errno 61] Connection refused

[2026-06-17 05:01:03] Processing vd.tryghansa.se
  - Error on attempt 1: [SSL: UNEXPECTED_EOF_WHILE_READING] EOF occurred in violation of protocol (_ssl.c:1006)

[2026-06-17 05:01:03] PERMANENTLY FAILED: vd.tryghansa.se
  - Attempts: 1/2
  - Final Error: [SSL: UNEXPECTED_EOF_WHILE_READING] EOF occurred in violation of protocol (_ssl.c:1006)

[2026-06-17 05:01:03] Processing cabinet.fortbraggproperty.com
  - Error on attempt 1: Connection Timed Out

[2026-06-17 05:01:03] PERMANENTLY FAILED: cabinet.fortbraggproperty.com
  - Attempts: 1/2
  - Final Error: Connection Timed Out

[2026-06-17 05:01:04] Processing m.mellicard.com
  - Error on attempt 1: Connection Timed Out

[2026-06-17 05:01:04] PERMANENTLY FAILED: m.mellicard.com
  - Attempts: 1/2
  - Final Error: Connection Timed Out

[2026-06-17 05:01:04] Processing admin.ctszhajp.caddy-one-ibe-redirect-proxy.eu-central-1.elasticbeanstalk.com
  - Error on attempt 1: [SSL: TLSV1_ALERT_INTERNAL_ERROR] tlsv1 alert internal error (_ssl.c:1006)

[2026-06-17 05:01:04] PERMANENTLY FAILED: admin.ctszhajp.caddy-one-ibe-redirect-proxy.eu-central-1.elasticbeanstalk.com
  - Attempts: 1/2
  - Final Error: [SSL: TLSV1_ALERT_INTERNAL_ERROR] tlsv1 alert internal error (_ssl.c:1006)

[2026-06-17 05:01:04] Processing logon.vrii.com
  - Error on attempt 1: [SSL: TLSV1_UNRECOGNIZED_NAME] tlsv1 unrecognized name (_ssl.c:1006)

[2026-06-17 05:01:04] PERMANENTLY FAILED: logon.vrii.com
  - Attempts: 1/2
  - Final Error: [SSL: TLSV1_UNRECOGNIZED_NAME] tlsv1 unrecognized name (_ssl.c:1006)

[2026-06-17 05:01:04] Processing smail.musina.it
  - Error on attempt 1: Connection Timed Out

[2026-06-17 05:01:04] PERMANENTLY FAILED: smail.musina.it
  - Attempts: 1/2
  - Final Error: Connection Timed Out

[2026-06-17 05:01:04] Processing dma.segelferien.com
  - Error on attempt 1: [Errno 8] nodename nor servname provided, or not known

[2026-06-17 05:01:04] PERMANENTLY FAILED: dma.segelferien.com
  - Attempts: 1/2
  - Final Error: [Errno 8] nodename nor servname provided, or not known

[2026-06-17 05:01:04] Processing supremeautospa.org
  - Error on attempt 1: [Errno 8] nodename nor servname provided, or not known

[2026-06-17 05:01:04] PERMANENTLY FAILED: supremeautospa.org
  - Attempts: 1/2
  - Final Error: [Errno 8] nodename nor servname provided, or not known

[2026-06-17 05:01:04] Processing mindwaves-research.com
  - Error on attempt 1: [SSL: SSLV3_ALERT_HANDSHAKE_FAILURE] ssl/tls alert handshake failure (_ssl.c:1006)

[2026-06-17 05:01:04] PERMANENTLY FAILED: mindwaves-research.com
  - Attempts: 1/2
  - Final Error: [SSL: SSLV3_ALERT_HANDSHAKE_FAILURE] ssl/tls alert handshake failure (_ssl.c:1006)

[2026-06-17 05:01:04] Processing main.tianchenent-cn.com
  - Error on attempt 1: [Errno 8] nodename nor servname provided, or not known

[2026-06-17 05:01:04] PERMANENTLY FAILED: main.tianchenent-cn.com
  - Attempts: 1/2
  - Final Error: [Errno 8] nodename nor servname provided, or not known

[2026-06-17 05:01:04] Processing sorsaio.com
  - Error on attempt 1: [Errno 8] nodename nor servname provided, or not known

[2026-06-17 05:01:04] PERMANENTLY FAILED: sorsaio.com
  - Attempts: 1/2
  - Final Error: [Errno 8] nodename nor servname provided, or not known

[2026-06-17 05:01:05] Processing wabisabiwonderland.com
  - Error on attempt 1: [Errno 61] Connection refused

[2026-06-17 05:01:05] PERMANENTLY FAILED: wabisabiwonderland.com
  - Attempts: 1/2
  - Final Error: [Errno 61] Connection refused

[2026-06-17 05:01:05] Processing test.app.www.adfasdfsd.truffled.lol
  - Error on attempt 1: [SSL: TLSV1_ALERT_INTERNAL_ERROR] tlsv1 alert internal error (_ssl.c:1006)

[2026-06-17 05:01:05] PERMANENTLY FAILED: test.app.www.adfasdfsd.truffled.lol
  - Attempts: 1/2
  - Final Error: [SSL: TLSV1_ALERT_INTERNAL_ERROR] tlsv1 alert internal error (_ssl.c:1006)

[2026-06-17 05:01:05] Processing web17.funmassage.com
  - Error on attempt 1: [SSL: TLSV1_UNRECOGNIZED_NAME] tlsv1 unrecognized name (_ssl.c:1006)

[2026-06-17 05:01:05] PERMANENTLY FAILED: web17.funmassage.com
  - Attempts: 1/2
  - Final Error: [SSL: TLSV1_UNRECOGNIZED_NAME] tlsv1 unrecognized name (_ssl.c:1006)

[2026-06-17 05:01:05] Processing e4f966e8.sni.cloudflaressl.com
  - Error on attempt 1: [SSL: SSLV3_ALERT_HANDSHAKE_FAILURE] ssl/tls alert handshake failure (_ssl.c:1006)

[2026-06-17 05:01:05] PERMANENTLY FAILED: e4f966e8.sni.cloudflaressl.com
  - Attempts: 1/2
  - Final Error: [SSL: SSLV3_ALERT_HANDSHAKE_FAILURE] ssl/tls alert handshake failure (_ssl.c:1006)

[2026-06-17 05:01:05] Processing iqho.wucd.com
  - Error on attempt 1: [SSL: TLSV1_UNRECOGNIZED_NAME] tlsv1 unrecognized name (_ssl.c:1006)

[2026-06-17 05:01:05] PERMANENTLY FAILED: iqho.wucd.com
  - Attempts: 1/2
  - Final Error: [SSL: TLSV1_UNRECOGNIZED_NAME] tlsv1 unrecognized name (_ssl.c:1006)

[2026-06-17 05:01:05] Processing julwork.ahcoolthanks.com
  - Error on attempt 1: [Errno 8] nodename nor servname provided, or not known

[2026-06-17 05:01:05] PERMANENTLY FAILED: julwork.ahcoolthanks.com
  - Attempts: 1/2
  - Final Error: [Errno 8] nodename nor servname provided, or not known

[2026-06-17 05:01:05] Processing devmyft4.arsia.xyz
  - Error on attempt 1: [Errno 8] nodename nor servname provided, or not known

[2026-06-17 05:01:05] PERMANENTLY FAILED: devmyft4.arsia.xyz
  - Attempts: 1/2
  - Final Error: [Errno 8] nodename nor servname provided, or not known

[2026-06-17 05:01:05] Processing temp.php-fusion.com
  - Error on attempt 1: [SSL: TLSV1_UNRECOGNIZED_NAME] tlsv1 unrecognized name (_ssl.c:1006)

[2026-06-17 05:01:05] PERMANENTLY FAILED: temp.php-fusion.com
  - Attempts: 1/2
  - Final Error: [SSL: TLSV1_UNRECOGNIZED_NAME] tlsv1 unrecognized name (_ssl.c:1006)

[2026-06-17 05:01:05] Processing lyj.lat
  - Error on attempt 1: [Errno 8] nodename nor servname provided, or not known

[2026-06-17 05:01:05] PERMANENTLY FAILED: lyj.lat
  - Attempts: 1/2
  - Final Error: [Errno 8] nodename nor servname provided, or not known

[2026-06-17 05:01:05] Processing admin.lilandcloe.h6.re
  - Error on attempt 1: [Errno 8] nodename nor servname provided, or not known

[2026-06-17 05:01:05] PERMANENTLY FAILED: admin.lilandcloe.h6.re
  - Attempts: 1/2
  - Final Error: [Errno 8] nodename nor servname provided, or not known

[2026-06-17 05:01:05] Processing engineeringlibrary.site
  - Error on attempt 1: [Errno 8] nodename nor servname provided, or not known

[2026-06-17 05:01:05] PERMANENTLY FAILED: engineeringlibrary.site
  - Attempts: 1/2
  - Final Error: [Errno 8] nodename nor servname provided, or not known

[2026-06-17 05:01:05] Processing tel.esound.de
  - Error on attempt 1: Connection Timed Out

[2026-06-17 05:01:05] PERMANENTLY FAILED: tel.esound.de
  - Attempts: 1/2
  - Final Error: Connection Timed Out

[2026-06-17 05:01:06] Processing device-76621fe1-5a0e-45c6-9768-0c6b394957b8.remotewd.com
  - Error on attempt 1: Connection Timed Out

[2026-06-17 05:01:06] PERMANENTLY FAILED: device-76621fe1-5a0e-45c6-9768-0c6b394957b8.remotewd.com
  - Attempts: 1/2
  - Final Error: Connection Timed Out

[2026-06-17 05:01:06] Processing thomasobrien.me
  - Error on attempt 1: Connection Timed Out

[2026-06-17 05:01:06] PERMANENTLY FAILED: thomasobrien.me
  - Attempts: 1/2
  - Final Error: Connection Timed Out

[2026-06-17 05:01:06] Processing test.learnenglishkids.org
  - Error on attempt 1: Connection Timed Out

[2026-06-17 05:01:06] PERMANENTLY FAILED: test.learnenglishkids.org
  - Attempts: 1/2
  - Final Error: Connection Timed Out

[2026-06-17 05:01:06] Processing doubledownonline.com
  - Error on attempt 1: [Errno 8] nodename nor servname provided, or not known

[2026-06-17 05:01:06] PERMANENTLY FAILED: doubledownonline.com
  - Attempts: 1/2
  - Final Error: [Errno 8] nodename nor servname provided, or not known

[2026-06-17 05:01:06] Processing cveeb.vip
  - Error on attempt 1: Connection Timed Out

[2026-06-17 05:01:06] PERMANENTLY FAILED: cveeb.vip
  - Attempts: 1/2
  - Final Error: Connection Timed Out

[2026-06-17 05:01:06] Processing thomasponcet-internal-rustici.dev-eu.360l.io
  - Error on attempt 1: [Errno 8] nodename nor servname provided, or not known

[2026-06-17 05:01:06] PERMANENTLY FAILED: thomasponcet-internal-rustici.dev-eu.360l.io
  - Attempts: 1/2
  - Final Error: [Errno 8] nodename nor servname provided, or not known

[2026-06-17 05:01:07] Processing grandknifeadventure.com
  - Error on attempt 1: [SSL: TLSV1_ALERT_INTERNAL_ERROR] tlsv1 alert internal error (_ssl.c:1006)

[2026-06-17 05:01:07] PERMANENTLY FAILED: grandknifeadventure.com
  - Attempts: 1/2
  - Final Error: [SSL: TLSV1_ALERT_INTERNAL_ERROR] tlsv1 alert internal error (_ssl.c:1006)

[2026-06-17 05:01:07] Processing ec98bb1016929c9e9c1b56d0.keenetic.io
  - Error on attempt 1: [Errno 8] nodename nor servname provided, or not known

[2026-06-17 05:01:07] PERMANENTLY FAILED: ec98bb1016929c9e9c1b56d0.keenetic.io
  - Attempts: 1/2
  - Final Error: [Errno 8] nodename nor servname provided, or not known

[2026-06-17 05:01:07] Processing back.devapp4.arsia.xyz
  - Error on attempt 1: [Errno 8] nodename nor servname provided, or not known

[2026-06-17 05:01:07] PERMANENTLY FAILED: back.devapp4.arsia.xyz
  - Attempts: 1/2
  - Final Error: [Errno 8] nodename nor servname provided, or not known

[2026-06-17 05:01:07] Processing old.veritasesco.hr
  - Error on attempt 1: [Errno 8] nodename nor servname provided, or not known

[2026-06-17 05:01:07] PERMANENTLY FAILED: old.veritasesco.hr
  - Attempts: 1/2
  - Final Error: [Errno 8] nodename nor servname provided, or not known

[2026-06-17 05:01:07] Processing homologacompraagil.sistemasgrupoexito.com.br
  - Error on attempt 1: [Errno 8] nodename nor servname provided, or not known

[2026-06-17 05:01:07] PERMANENTLY FAILED: homologacompraagil.sistemasgrupoexito.com.br
  - Attempts: 1/2
  - Final Error: [Errno 8] nodename nor servname provided, or not known

[2026-06-17 05:01:07] Processing uat.borntraeger.com
  - Error on attempt 1: Connection Timed Out

[2026-06-17 05:01:07] PERMANENTLY FAILED: uat.borntraeger.com
  - Attempts: 1/2
  - Final Error: Connection Timed Out

[2026-06-17 05:01:07] Processing admin.libcom-dynamic-dialup.noondaycollection.com
  - Error on attempt 1: [Errno 61] Connection refused

[2026-06-17 05:01:07] PERMANENTLY FAILED: admin.libcom-dynamic-dialup.noondaycollection.com
  - Attempts: 1/2
  - Final Error: [Errno 61] Connection refused

[2026-06-17 05:01:07] Processing gygceoffice.upload.cash
  - Error on attempt 1: Connection Timed Out

[2026-06-17 05:01:07] PERMANENTLY FAILED: gygceoffice.upload.cash
  - Attempts: 1/2
  - Final Error: Connection Timed Out

[2026-06-17 05:01:07] Processing 8rii.brevi.com
  - Error on attempt 1: Connection Timed Out

[2026-06-17 05:01:07] PERMANENTLY FAILED: 8rii.brevi.com
  - Attempts: 1/2
  - Final Error: Connection Timed Out

[2026-06-17 05:01:07] Processing e327015a.sni.cloudflaressl.com
  - Error on attempt 1: [SSL: SSLV3_ALERT_HANDSHAKE_FAILURE] ssl/tls alert handshake failure (_ssl.c:1006)

[2026-06-17 05:01:07] PERMANENTLY FAILED: e327015a.sni.cloudflaressl.com
  - Attempts: 1/2
  - Final Error: [SSL: SSLV3_ALERT_HANDSHAKE_FAILURE] ssl/tls alert handshake failure (_ssl.c:1006)

[2026-06-17 05:01:07] Processing ksle.vrii.com
  - Error on attempt 1: [SSL: TLSV1_UNRECOGNIZED_NAME] tlsv1 unrecognized name (_ssl.c:1006)

[2026-06-17 05:01:07] PERMANENTLY FAILED: ksle.vrii.com
  - Attempts: 1/2
  - Final Error: [SSL: TLSV1_UNRECOGNIZED_NAME] tlsv1 unrecognized name (_ssl.c:1006)

[2026-06-17 05:01:08] Processing test.app.wwwwww.www.234cde3d.nip.io
  - Error on attempt 1: Connection Timed Out

[2026-06-17 05:01:08] PERMANENTLY FAILED: test.app.wwwwww.www.234cde3d.nip.io
  - Attempts: 1/2
  - Final Error: Connection Timed Out

[2026-06-17 05:01:08] Processing mundialrepuestoscol.com
  - Error on attempt 1: [Errno 8] nodename nor servname provided, or not known

[2026-06-17 05:01:08] PERMANENTLY FAILED: mundialrepuestoscol.com
  - Attempts: 1/2
  - Final Error: [Errno 8] nodename nor servname provided, or not known

[2026-06-17 05:01:08] Processing back.devmyft4.arsia.xyz
  - Error on attempt 1: [Errno 8] nodename nor servname provided, or not known

[2026-06-17 05:01:08] PERMANENTLY FAILED: back.devmyft4.arsia.xyz
  - Attempts: 1/2
  - Final Error: [Errno 8] nodename nor servname provided, or not known

[2026-06-17 05:01:08] Processing relay.vrii.com
  - Error on attempt 1: [SSL: TLSV1_UNRECOGNIZED_NAME] tlsv1 unrecognized name (_ssl.c:1006)

[2026-06-17 05:01:08] PERMANENTLY FAILED: relay.vrii.com
  - Attempts: 1/2
  - Final Error: [SSL: TLSV1_UNRECOGNIZED_NAME] tlsv1 unrecognized name (_ssl.c:1006)

[2026-06-17 05:01:08] Processing tengo.jaj.no
  - Error on attempt 1: Connection Timed Out

[2026-06-17 05:01:08] PERMANENTLY FAILED: tengo.jaj.no
  - Attempts: 1/2
  - Final Error: Connection Timed Out

[2026-06-17 05:01:09] Processing happydanielbird.workers.dev
  - Error on attempt 1: [Errno 8] nodename nor servname provided, or not known

[2026-06-17 05:01:09] PERMANENTLY FAILED: happydanielbird.workers.dev
  - Attempts: 1/2
  - Final Error: [Errno 8] nodename nor servname provided, or not known

[2026-06-17 05:01:09] Processing tm-alertmanager.reconciler-56.dh-production.tmachine.io
  - Error on attempt 1: [Errno 8] nodename nor servname provided, or not known

[2026-06-17 05:01:09] PERMANENTLY FAILED: tm-alertmanager.reconciler-56.dh-production.tmachine.io
  - Attempts: 1/2
  - Final Error: [Errno 8] nodename nor servname provided, or not known

[2026-06-17 05:01:09] Processing webmail.destrucciondedocumentacion.eu
  - Error on attempt 1: Connection Timed Out

[2026-06-17 05:01:09] PERMANENTLY FAILED: webmail.destrucciondedocumentacion.eu
  - Attempts: 1/2
  - Final Error: Connection Timed Out

[2026-06-17 05:01:09] Processing presspeel.com
  - Error on attempt 1: [SSL: SSLV3_ALERT_HANDSHAKE_FAILURE] ssl/tls alert handshake failure (_ssl.c:1006)

[2026-06-17 05:01:09] PERMANENTLY FAILED: presspeel.com
  - Attempts: 1/2
  - Final Error: [SSL: SSLV3_ALERT_HANDSHAKE_FAILURE] ssl/tls alert handshake failure (_ssl.c:1006)

[2026-06-17 05:01:09] Processing lgbii.vip
  - Error on attempt 1: [Errno 8] nodename nor servname provided, or not known

[2026-06-17 05:01:09] PERMANENTLY FAILED: lgbii.vip
  - Attempts: 1/2
  - Final Error: [Errno 8] nodename nor servname provided, or not known

[2026-06-17 05:01:09] Processing meiguwu.cn
  - Error on attempt 1: [Errno 8] nodename nor servname provided, or not known

[2026-06-17 05:01:09] PERMANENTLY FAILED: meiguwu.cn
  - Attempts: 1/2
  - Final Error: [Errno 8] nodename nor servname provided, or not known

[2026-06-17 05:01:09] Processing mp.carbonforumasia.com
  - Error on attempt 1: Connection Timed Out

[2026-06-17 05:01:09] PERMANENTLY FAILED: mp.carbonforumasia.com
  - Attempts: 1/2
  - Final Error: Connection Timed Out

[2026-06-17 05:01:09] Processing taxpay.cn
  - Error on attempt 1: [Errno 8] nodename nor servname provided, or not known

[2026-06-17 05:01:09] PERMANENTLY FAILED: taxpay.cn
  - Attempts: 1/2
  - Final Error: [Errno 8] nodename nor servname provided, or not known

[2026-06-17 05:01:09] Processing zillplus.com
  - Error on attempt 1: Connection Timed Out

[2026-06-17 05:01:09] PERMANENTLY FAILED: zillplus.com
  - Attempts: 1/2
  - Final Error: Connection Timed Out

[2026-06-17 05:01:09] Processing vid-6.freepornogallery.com
  - Error on attempt 1: [Errno 8] nodename nor servname provided, or not known

[2026-06-17 05:01:09] PERMANENTLY FAILED: vid-6.freepornogallery.com
  - Attempts: 1/2
  - Final Error: [Errno 8] nodename nor servname provided, or not known

[2026-06-17 05:01:10] Processing admin.jrsaxdpv.49-12-111-90.plesk.page
  - Error on attempt 1: [Errno 61] Connection refused

[2026-06-17 05:01:10] PERMANENTLY FAILED: admin.jrsaxdpv.49-12-111-90.plesk.page
  - Attempts: 1/2
  - Final Error: [Errno 61] Connection refused

[2026-06-17 05:01:10] Processing fullcircletolove.site
  - Error on attempt 1: [Errno 61] Connection refused

[2026-06-17 05:01:10] PERMANENTLY FAILED: fullcircletolove.site
  - Attempts: 1/2
  - Final Error: [Errno 61] Connection refused

[2026-06-17 05:01:10] Processing shop.selectewireless.com
  - Error on attempt 1: [Errno 8] nodename nor servname provided, or not known

[2026-06-17 05:01:10] PERMANENTLY FAILED: shop.selectewireless.com
  - Attempts: 1/2
  - Final Error: [Errno 8] nodename nor servname provided, or not known

[2026-06-17 05:01:10] Processing 0b635i.info
  - Error on attempt 1: Connection Timed Out

[2026-06-17 05:01:10] PERMANENTLY FAILED: 0b635i.info
  - Attempts: 1/2
  - Final Error: Connection Timed Out

[2026-06-17 05:01:10] Processing ce.yourbookpromoter.com
  - Error on attempt 1: [Errno 8] nodename nor servname provided, or not known

[2026-06-17 05:01:10] PERMANENTLY FAILED: ce.yourbookpromoter.com
  - Attempts: 1/2
  - Final Error: [Errno 8] nodename nor servname provided, or not known

[2026-06-17 05:01:11] Processing api.nutrin.app
  - Error on attempt 1: [Errno 8] nodename nor servname provided, or not known

[2026-06-17 05:01:11] PERMANENTLY FAILED: api.nutrin.app
  - Attempts: 1/2
  - Final Error: [Errno 8] nodename nor servname provided, or not known

[2026-06-17 05:01:11] Processing rclqas1-dhl.innovationcast.net
  - Error on attempt 1: [Errno 8] nodename nor servname provided, or not known

[2026-06-17 05:01:11] PERMANENTLY FAILED: rclqas1-dhl.innovationcast.net
  - Attempts: 1/2
  - Final Error: [Errno 8] nodename nor servname provided, or not known

[2026-06-17 05:01:11] Processing start.sunstill.com
  - Error on attempt 1: [Errno 8] nodename nor servname provided, or not known

[2026-06-17 05:01:11] PERMANENTLY FAILED: start.sunstill.com
  - Attempts: 1/2
  - Final Error: [Errno 8] nodename nor servname provided, or not known

[2026-06-17 05:01:11] Processing help.likh.com
  - Error on attempt 1: [SSL: TLSV1_UNRECOGNIZED_NAME] tlsv1 unrecognized name (_ssl.c:1006)

[2026-06-17 05:01:11] PERMANENTLY FAILED: help.likh.com
  - Attempts: 1/2
  - Final Error: [SSL: TLSV1_UNRECOGNIZED_NAME] tlsv1 unrecognized name (_ssl.c:1006)

[2026-06-17 05:01:11] Processing staging-bot.eo2heaven.org
  - Error on attempt 1: Connection Timed Out

[2026-06-17 05:01:11] PERMANENTLY FAILED: staging-bot.eo2heaven.org
  - Attempts: 1/2
  - Final Error: Connection Timed Out

[2026-06-17 05:01:12] Processing qa.ramadavienna-vs.at
  - Error on attempt 1: Connection Timed Out

[2026-06-17 05:01:12] Processing api.app.www.adfasdfsd.truffled.lol
  - Error on attempt 1: [SSL: TLSV1_ALERT_INTERNAL_ERROR] tlsv1 alert internal error (_ssl.c:1006)

[2026-06-17 05:01:12] PERMANENTLY FAILED: qa.ramadavienna-vs.at
  - Attempts: 1/2
  - Final Error: Connection Timed Out

[2026-06-17 05:01:12] PERMANENTLY FAILED: api.app.www.adfasdfsd.truffled.lol
  - Attempts: 1/2
  - Final Error: [SSL: TLSV1_ALERT_INTERNAL_ERROR] tlsv1 alert internal error (_ssl.c:1006)

[2026-06-17 05:01:12] Processing WKSP0014D33A.us.ups.com
  - Error on attempt 1: [Errno 8] nodename nor servname provided, or not known

[2026-06-17 05:01:12] PERMANENTLY FAILED: WKSP0014D33A.us.ups.com
  - Attempts: 1/2
  - Final Error: [Errno 8] nodename nor servname provided, or not known

[2026-06-17 05:01:12] Processing hault.r61c1r-infra-114468-cluster.dh-production.tmachine.io
  - Error on attempt 1: [Errno 8] nodename nor servname provided, or not known

[2026-06-17 05:01:12] PERMANENTLY FAILED: hault.r61c1r-infra-114468-cluster.dh-production.tmachine.io
  - Attempts: 1/2
  - Final Error: [Errno 8] nodename nor servname provided, or not known

[2026-06-17 05:01:12] Processing egomlbeta.googlespeedtest.com
  - Error on attempt 1: Connection Timed Out

[2026-06-17 05:01:12] PERMANENTLY FAILED: egomlbeta.googlespeedtest.com
  - Attempts: 1/2
  - Final Error: Connection Timed Out

[2026-06-17 05:01:12] Processing minecraaft.mx
  - Error on attempt 1: [Errno 8] nodename nor servname provided, or not known

[2026-06-17 05:01:12] PERMANENTLY FAILED: minecraaft.mx
  - Attempts: 1/2
  - Final Error: [Errno 8] nodename nor servname provided, or not known

[2026-06-17 05:01:12] Processing 39331.ooo
  - Error on attempt 1: [Errno 8] nodename nor servname provided, or not known

[2026-06-17 05:01:12] PERMANENTLY FAILED: 39331.ooo
  - Attempts: 1/2
  - Final Error: [Errno 8] nodename nor servname provided, or not known

[2026-06-17 05:01:12] Processing wobjgf.mongodb-dev.net
  - Error on attempt 1: [Errno 8] nodename nor servname provided, or not known

[2026-06-17 05:01:12] PERMANENTLY FAILED: wobjgf.mongodb-dev.net
  - Attempts: 1/2
  - Final Error: [Errno 8] nodename nor servname provided, or not known

[2026-06-17 05:01:12] Processing 2af9efec6c5f13e5b2adebb4.keenetic.io
  - Error on attempt 1: [Errno 8] nodename nor servname provided, or not known

[2026-06-17 05:01:12] PERMANENTLY FAILED: 2af9efec6c5f13e5b2adebb4.keenetic.io
  - Attempts: 1/2
  - Final Error: [Errno 8] nodename nor servname provided, or not known

[2026-06-17 05:01:12] Processing foxystrawberries.com
  - Error on attempt 1: [Errno 61] Connection refused

[2026-06-17 05:01:12] PERMANENTLY FAILED: foxystrawberries.com
  - Attempts: 1/2
  - Final Error: [Errno 61] Connection refused

[2026-06-17 05:01:13] Processing azofn.likh.com
  - Error on attempt 1: [SSL: TLSV1_UNRECOGNIZED_NAME] tlsv1 unrecognized name (_ssl.c:1006)

[2026-06-17 05:01:13] PERMANENTLY FAILED: azofn.likh.com
  - Attempts: 1/2
  - Final Error: [SSL: TLSV1_UNRECOGNIZED_NAME] tlsv1 unrecognized name (_ssl.c:1006)

[2026-06-17 05:01:13] Processing eh.872.com
  - Error on attempt 1: Connection Timed Out

[2026-06-17 05:01:13] PERMANENTLY FAILED: eh.872.com
  - Attempts: 1/2
  - Final Error: Connection Timed Out

[2026-06-17 05:01:13] Processing spaziocinema.anteo.it
  - Error on attempt 1: Connection Timed Out

[2026-06-17 05:01:13] PERMANENTLY FAILED: spaziocinema.anteo.it
  - Attempts: 1/2
  - Final Error: Connection Timed Out

[2026-06-17 05:01:13] Processing test-superset.upload.cash
  - Error on attempt 1: Connection Timed Out

[2026-06-17 05:01:13] PERMANENTLY FAILED: test-superset.upload.cash
  - Attempts: 1/2
  - Final Error: Connection Timed Out

[2026-06-17 05:01:13] Processing preview.pr-5495.cerosdev.site
  - Error on attempt 1: [SSL: SSLV3_ALERT_HANDSHAKE_FAILURE] ssl/tls alert handshake failure (_ssl.c:1006)

[2026-06-17 05:01:13] PERMANENTLY FAILED: preview.pr-5495.cerosdev.site
  - Attempts: 1/2
  - Final Error: [SSL: SSLV3_ALERT_HANDSHAKE_FAILURE] ssl/tls alert handshake failure (_ssl.c:1006)

[2026-06-17 05:01:13] Processing v1.akwam.im
  - Error on attempt 1: [Errno 8] nodename nor servname provided, or not known

[2026-06-17 05:01:13] PERMANENTLY FAILED: v1.akwam.im
  - Attempts: 1/2
  - Final Error: [Errno 8] nodename nor servname provided, or not known

[2026-06-17 05:01:13] Processing admin.andrena.viewbook.com
  - Error on attempt 1: [SSL: TLSV1_ALERT_INTERNAL_ERROR] tlsv1 alert internal error (_ssl.c:1006)

[2026-06-17 05:01:13] PERMANENTLY FAILED: admin.andrena.viewbook.com
  - Attempts: 1/2
  - Final Error: [SSL: TLSV1_ALERT_INTERNAL_ERROR] tlsv1 alert internal error (_ssl.c:1006)

[2026-06-17 05:01:13] Processing 3ebab99d.sni.cloudflaressl.com
  - Error on attempt 1: [SSL: SSLV3_ALERT_HANDSHAKE_FAILURE] ssl/tls alert handshake failure (_ssl.c:1006)

[2026-06-17 05:01:13] PERMANENTLY FAILED: 3ebab99d.sni.cloudflaressl.com
  - Attempts: 1/2
  - Final Error: [SSL: SSLV3_ALERT_HANDSHAKE_FAILURE] ssl/tls alert handshake failure (_ssl.c:1006)

[2026-06-17 05:01:13] Processing citrix.likh.com
  - Error on attempt 1: [SSL: TLSV1_UNRECOGNIZED_NAME] tlsv1 unrecognized name (_ssl.c:1006)

[2026-06-17 05:01:13] PERMANENTLY FAILED: citrix.likh.com
  - Attempts: 1/2
  - Final Error: [SSL: TLSV1_UNRECOGNIZED_NAME] tlsv1 unrecognized name (_ssl.c:1006)

[2026-06-17 05:01:14] Processing admin.sitemaps.keohay.me
  - Error on attempt 1: Connection Timed Out

[2026-06-17 05:01:14] PERMANENTLY FAILED: admin.sitemaps.keohay.me
  - Attempts: 1/2
  - Final Error: Connection Timed Out

[2026-06-17 05:01:14] Processing 7163972b1b0a59f38f2545fd.keenetic.io
  - Error on attempt 1: [Errno 8] nodename nor servname provided, or not known

[2026-06-17 05:01:14] PERMANENTLY FAILED: 7163972b1b0a59f38f2545fd.keenetic.io
  - Attempts: 1/2
  - Final Error: [Errno 8] nodename nor servname provided, or not known

[2026-06-17 05:01:14] Processing dev.libcom-dynamic-dialup.noondaycollection.com
  - Error on attempt 1: [Errno 61] Connection refused

[2026-06-17 05:01:14] PERMANENTLY FAILED: dev.libcom-dynamic-dialup.noondaycollection.com
  - Attempts: 1/2
  - Final Error: [Errno 61] Connection refused

[2026-06-17 05:01:14] Processing izham9217.workers.dev
  - Error on attempt 1: [Errno 8] nodename nor servname provided, or not known

[2026-06-17 05:01:14] PERMANENTLY FAILED: izham9217.workers.dev
  - Attempts: 1/2
  - Final Error: [Errno 8] nodename nor servname provided, or not known

[2026-06-17 05:01:14] Processing mai252622.workers.dev
  - Error on attempt 1: [Errno 8] nodename nor servname provided, or not known

[2026-06-17 05:01:14] PERMANENTLY FAILED: mai252622.workers.dev
  - Attempts: 1/2
  - Final Error: [Errno 8] nodename nor servname provided, or not known

[2026-06-17 05:01:14] Processing ale.byl.no
  - Error on attempt 1: [SSL: TLSV1_ALERT_INTERNAL_ERROR] tlsv1 alert internal error (_ssl.c:1006)

[2026-06-17 05:01:14] PERMANENTLY FAILED: ale.byl.no
  - Attempts: 1/2
  - Final Error: [SSL: TLSV1_ALERT_INTERNAL_ERROR] tlsv1 alert internal error (_ssl.c:1006)

[2026-06-17 05:01:14] Processing ouilvuzve.lkev.com
  - Error on attempt 1: [SSL: TLSV1_UNRECOGNIZED_NAME] tlsv1 unrecognized name (_ssl.c:1006)

[2026-06-17 05:01:14] PERMANENTLY FAILED: ouilvuzve.lkev.com
  - Attempts: 1/2
  - Final Error: [SSL: TLSV1_UNRECOGNIZED_NAME] tlsv1 unrecognized name (_ssl.c:1006)

[2026-06-17 05:01:15] Processing mta-sts.upload.cash
  - Error on attempt 1: Connection Timed Out

[2026-06-17 05:01:15] PERMANENTLY FAILED: mta-sts.upload.cash
  - Attempts: 1/2
  - Final Error: Connection Timed Out

[2026-06-17 05:01:15] Processing staging.neekan.com
  - Error on attempt 1: [SSL: TLSV1_ALERT_INTERNAL_ERROR] tlsv1 alert internal error (_ssl.c:1006)

[2026-06-17 05:01:15] PERMANENTLY FAILED: staging.neekan.com
  - Attempts: 1/2
  - Final Error: [SSL: TLSV1_ALERT_INTERNAL_ERROR] tlsv1 alert internal error (_ssl.c:1006)

[2026-06-17 05:01:15] Processing forums.creativephotobook.com
  - Error on attempt 1: Connection Timed Out

[2026-06-17 05:01:15] PERMANENTLY FAILED: forums.creativephotobook.com
  - Attempts: 1/2
  - Final Error: Connection Timed Out

[2026-06-17 05:01:15] Processing 103ebf01.sni.cloudflaressl.com
  - Error on attempt 1: [SSL: SSLV3_ALERT_HANDSHAKE_FAILURE] ssl/tls alert handshake failure (_ssl.c:1006)

[2026-06-17 05:01:15] PERMANENTLY FAILED: 103ebf01.sni.cloudflaressl.com
  - Attempts: 1/2
  - Final Error: [SSL: SSLV3_ALERT_HANDSHAKE_FAILURE] ssl/tls alert handshake failure (_ssl.c:1006)

[2026-06-17 05:01:15] Processing y8-games.com
  - Error on attempt 1: [Errno 61] Connection refused

[2026-06-17 05:01:15] PERMANENTLY FAILED: y8-games.com
  - Attempts: 1/2
  - Final Error: [Errno 61] Connection refused

[2026-06-17 05:01:15] Processing a018aef60a1d8a95887d2187.keenetic.io
  - Error on attempt 1: [Errno 8] nodename nor servname provided, or not known

[2026-06-17 05:01:15] PERMANENTLY FAILED: a018aef60a1d8a95887d2187.keenetic.io
  - Attempts: 1/2
  - Final Error: [Errno 8] nodename nor servname provided, or not known

[2026-06-17 05:01:15] Processing store.upload.cash
  - Error on attempt 1: Connection Timed Out

[2026-06-17 05:01:15] PERMANENTLY FAILED: store.upload.cash
  - Attempts: 1/2
  - Final Error: Connection Timed Out

[2026-06-17 05:01:15] Processing ww16.jinnairyokan.com
  - Error on attempt 1: Connection Timed Out

[2026-06-17 05:01:15] PERMANENTLY FAILED: ww16.jinnairyokan.com
  - Attempts: 1/2
  - Final Error: Connection Timed Out

[2026-06-17 05:01:15] Processing learnita.com
  - Error on attempt 1: [Errno 61] Connection refused

[2026-06-17 05:01:15] PERMANENTLY FAILED: learnita.com
  - Attempts: 1/2
  - Final Error: [Errno 61] Connection refused

[2026-06-17 05:01:16] Processing truedialoggroup.com
  - Error on attempt 1: [Errno 8] nodename nor servname provided, or not known

[2026-06-17 05:01:16] PERMANENTLY FAILED: truedialoggroup.com
  - Attempts: 1/2
  - Final Error: [Errno 8] nodename nor servname provided, or not known

[2026-06-17 05:01:16] Processing remote.adcamp.cz
  - Error on attempt 1: Connection Timed Out

[2026-06-17 05:01:16] PERMANENTLY FAILED: remote.adcamp.cz
  - Attempts: 1/2
  - Final Error: Connection Timed Out

[2026-06-17 05:01:16] Processing app.sjee9.com
  - Error on attempt 1: Connection Timed Out

[2026-06-17 05:01:16] PERMANENTLY FAILED: app.sjee9.com
  - Attempts: 1/2
  - Final Error: Connection Timed Out

[2026-06-17 05:01:16] Processing absolutezer0.org
  - Error on attempt 1: [Errno 8] nodename nor servname provided, or not known

[2026-06-17 05:01:16] PERMANENTLY FAILED: absolutezer0.org
  - Attempts: 1/2
  - Final Error: [Errno 8] nodename nor servname provided, or not known

[2026-06-17 05:01:16] Processing ac8ba96d47ad071e38c507741bf1063a07228.id.ui.direct
  - Error on attempt 1: [Errno 8] nodename nor servname provided, or not known

[2026-06-17 05:01:16] PERMANENTLY FAILED: ac8ba96d47ad071e38c507741bf1063a07228.id.ui.direct
  - Attempts: 1/2
  - Final Error: [Errno 8] nodename nor servname provided, or not known

[2026-06-17 05:01:16] Processing bgyvdfcdaer.com
  - Error on attempt 1: [Errno 8] nodename nor servname provided, or not known

[2026-06-17 05:01:16] PERMANENTLY FAILED: bgyvdfcdaer.com
  - Attempts: 1/2
  - Final Error: [Errno 8] nodename nor servname provided, or not known

[2026-06-17 05:01:16] Processing h.likh.com
  - Error on attempt 1: [SSL: TLSV1_UNRECOGNIZED_NAME] tlsv1 unrecognized name (_ssl.c:1006)

[2026-06-17 05:01:16] PERMANENTLY FAILED: h.likh.com
  - Attempts: 1/2
  - Final Error: [SSL: TLSV1_UNRECOGNIZED_NAME] tlsv1 unrecognized name (_ssl.c:1006)

[2026-06-17 05:01:16] Processing lpgexuzb.caddy-one-ibe-redirect-proxy.eu-central-1.elasticbeanstalk.com
  - Error on attempt 1: [SSL: TLSV1_ALERT_INTERNAL_ERROR] tlsv1 alert internal error (_ssl.c:1006)

[2026-06-17 05:01:16] PERMANENTLY FAILED: lpgexuzb.caddy-one-ibe-redirect-proxy.eu-central-1.elasticbeanstalk.com
  - Attempts: 1/2
  - Final Error: [SSL: TLSV1_ALERT_INTERNAL_ERROR] tlsv1 alert internal error (_ssl.c:1006)

[2026-06-17 05:01:16] Processing impactster.org
  - Error on attempt 1: [Errno 8] nodename nor servname provided, or not known

[2026-06-17 05:01:16] PERMANENTLY FAILED: impactster.org
  - Attempts: 1/2
  - Final Error: [Errno 8] nodename nor servname provided, or not known

[2026-06-17 05:01:16] Processing dirtyburgerwhitechapel.com
  - Error on attempt 1: [Errno 8] nodename nor servname provided, or not known

[2026-06-17 05:01:16] PERMANENTLY FAILED: dirtyburgerwhitechapel.com
  - Attempts: 1/2
  - Final Error: [Errno 8] nodename nor servname provided, or not known

[2026-06-17 05:01:16] Processing sso.fortbraggproperty.com
  - Error on attempt 1: Connection Timed Out

[2026-06-17 05:01:16] PERMANENTLY FAILED: sso.fortbraggproperty.com
  - Attempts: 1/2
  - Final Error: Connection Timed Out

[2026-06-17 05:01:17] Processing old.davkom.com
  - Error on attempt 1: [Errno 8] nodename nor servname provided, or not known

[2026-06-17 05:01:17] PERMANENTLY FAILED: old.davkom.com
  - Attempts: 1/2
  - Final Error: [Errno 8] nodename nor servname provided, or not known

[2026-06-17 05:01:17] Processing mp.parcoaspromonte.it
  - Error on attempt 1: Connection Timed Out

[2026-06-17 05:01:17] PERMANENTLY FAILED: mp.parcoaspromonte.it
  - Attempts: 1/2
  - Final Error: Connection Timed Out

[2026-06-17 05:01:17] Processing dx-fga-test-rps-2000-v2.dev.fga.dev
  - Error on attempt 1: [Errno 8] nodename nor servname provided, or not known

[2026-06-17 05:01:17] PERMANENTLY FAILED: dx-fga-test-rps-2000-v2.dev.fga.dev
  - Attempts: 1/2
  - Final Error: [Errno 8] nodename nor servname provided, or not known

[2026-06-17 05:01:17] Processing web1.contactcardgame.com
  - Error on attempt 1: Connection Timed Out

[2026-06-17 05:01:17] PERMANENTLY FAILED: web1.contactcardgame.com
  - Attempts: 1/2
  - Final Error: Connection Timed Out

[2026-06-17 05:01:17] Processing houinde.wanlianhtt.com
  - Error on attempt 1: [Errno 8] nodename nor servname provided, or not known

[2026-06-17 05:01:17] PERMANENTLY FAILED: houinde.wanlianhtt.com
  - Attempts: 1/2
  - Final Error: [Errno 8] nodename nor servname provided, or not known

[2026-06-17 05:01:18] Processing xqtvdmta-sts.raum-und-service.de
  - Error on attempt 1: [SSL: TLSV1_UNRECOGNIZED_NAME] tlsv1 unrecognized name (_ssl.c:1006)

[2026-06-17 05:01:18] PERMANENTLY FAILED: xqtvdmta-sts.raum-und-service.de
  - Attempts: 1/2
  - Final Error: [SSL: TLSV1_UNRECOGNIZED_NAME] tlsv1 unrecognized name (_ssl.c:1006)

[2026-06-17 05:01:18] Processing customlogomatspro.com
  - Error on attempt 1: [Errno 8] nodename nor servname provided, or not known

[2026-06-17 05:01:18] PERMANENTLY FAILED: customlogomatspro.com
  - Attempts: 1/2
  - Final Error: [Errno 8] nodename nor servname provided, or not known

[2026-06-17 05:01:18] Processing heatscasino.pl
  - Error on attempt 1: [Errno 8] nodename nor servname provided, or not known

[2026-06-17 05:01:18] PERMANENTLY FAILED: heatscasino.pl
  - Attempts: 1/2
  - Final Error: [Errno 8] nodename nor servname provided, or not known

[2026-06-17 05:01:18] Processing test.app.elevateclientventurespath.com
  - Error on attempt 1: [Errno 8] nodename nor servname provided, or not known

[2026-06-17 05:01:18] PERMANENTLY FAILED: test.app.elevateclientventurespath.com
  - Attempts: 1/2
  - Final Error: [Errno 8] nodename nor servname provided, or not known

[2026-06-17 05:01:18] Processing qnapts251d.zaloznik.com
  - Error on attempt 1: [Errno 8] nodename nor servname provided, or not known

[2026-06-17 05:01:18] PERMANENTLY FAILED: qnapts251d.zaloznik.com
  - Attempts: 1/2
  - Final Error: [Errno 8] nodename nor servname provided, or not known

[2026-06-17 05:01:18] Processing admin.app.www.adfasdfsd.truffled.lol
  - Error on attempt 1: [SSL: TLSV1_ALERT_INTERNAL_ERROR] tlsv1 alert internal error (_ssl.c:1006)

[2026-06-17 05:01:18] PERMANENTLY FAILED: admin.app.www.adfasdfsd.truffled.lol
  - Attempts: 1/2
  - Final Error: [SSL: TLSV1_ALERT_INTERNAL_ERROR] tlsv1 alert internal error (_ssl.c:1006)

[2026-06-17 05:01:18] Processing graph.fabebook.com
  - Error on attempt 1: [Errno 61] Connection refused

[2026-06-17 05:01:18] PERMANENTLY FAILED: graph.fabebook.com
  - Attempts: 1/2
  - Final Error: [Errno 61] Connection refused

[2026-06-17 05:01:19] Processing crackfly.comics.casadeuscoli.com.shoplog.v220190810156694590.powersrv.de
  - Error on attempt 1: [SSL: UNEXPECTED_EOF_WHILE_READING] EOF occurred in violation of protocol (_ssl.c:1006)

[2026-06-17 05:01:19] PERMANENTLY FAILED: crackfly.comics.casadeuscoli.com.shoplog.v220190810156694590.powersrv.de
  - Attempts: 1/2
  - Final Error: [SSL: UNEXPECTED_EOF_WHILE_READING] EOF occurred in violation of protocol (_ssl.c:1006)

[2026-06-17 05:01:19] Processing superset-production.upload.cash
  - Error on attempt 1: Connection Timed Out

[2026-06-17 05:01:19] PERMANENTLY FAILED: superset-production.upload.cash
  - Attempts: 1/2
  - Final Error: Connection Timed Out

[2026-06-17 05:01:19] Processing post.webnew.de
  - Error on attempt 1: [Errno 8] nodename nor servname provided, or not known

[2026-06-17 05:01:19] PERMANENTLY FAILED: post.webnew.de
  - Attempts: 1/2
  - Final Error: [Errno 8] nodename nor servname provided, or not known

[2026-06-17 05:01:19] Processing cpcontacts.mosaic.ro
  - Error on attempt 1: Connection Timed Out

[2026-06-17 05:01:19] PERMANENTLY FAILED: cpcontacts.mosaic.ro
  - Attempts: 1/2
  - Final Error: Connection Timed Out

[2026-06-17 05:01:19] Processing konto-ban.pl
  - Error on attempt 1: [Errno 8] nodename nor servname provided, or not known

[2026-06-17 05:01:19] PERMANENTLY FAILED: konto-ban.pl
  - Attempts: 1/2
  - Final Error: [Errno 8] nodename nor servname provided, or not known

[2026-06-17 05:01:19] Processing vpn.borntraeger.com
  - Error on attempt 1: Connection Timed Out

[2026-06-17 05:01:19] PERMANENTLY FAILED: vpn.borntraeger.com
  - Attempts: 1/2
  - Final Error: Connection Timed Out

[2026-06-17 05:01:20] Processing api.jrsaxdpv.49-12-111-90.plesk.page
  - Error on attempt 1: [Errno 61] Connection refused

[2026-06-17 05:01:20] PERMANENTLY FAILED: api.jrsaxdpv.49-12-111-90.plesk.page
  - Attempts: 1/2
  - Final Error: [Errno 61] Connection refused

[2026-06-17 05:01:20] Processing gp.borntraeger.com
  - Error on attempt 1: Connection Timed Out

[2026-06-17 05:01:20] PERMANENTLY FAILED: gp.borntraeger.com
  - Attempts: 1/2
  - Final Error: Connection Timed Out

[2026-06-17 05:01:20] Processing emsoc.mydocbilll.com
  - Error on attempt 1: Connection Timed Out

[2026-06-17 05:01:20] PERMANENTLY FAILED: emsoc.mydocbilll.com
  - Attempts: 1/2
  - Final Error: Connection Timed Out

[2026-06-17 05:01:20] Processing staging.www.console.wwwdemo.marionstronks.nl
  - Error on attempt 1: [SSL: TLSV1_ALERT_INTERNAL_ERROR] tlsv1 alert internal error (_ssl.c:1006)

[2026-06-17 05:01:20] Processing verbraunoblivionchecker.workers.dev
  - Error on attempt 1: [Errno 8] nodename nor servname provided, or not known

[2026-06-17 05:01:20] PERMANENTLY FAILED: staging.www.console.wwwdemo.marionstronks.nl
  - Attempts: 1/2
  - Final Error: [SSL: TLSV1_ALERT_INTERNAL_ERROR] tlsv1 alert internal error (_ssl.c:1006)

[2026-06-17 05:01:20] PERMANENTLY FAILED: verbraunoblivionchecker.workers.dev
  - Attempts: 1/2
  - Final Error: [Errno 8] nodename nor servname provided, or not known

[2026-06-17 05:01:20] Processing zayafashioncompany.com
  - Error on attempt 1: [Errno 8] nodename nor servname provided, or not known

[2026-06-17 05:01:20] PERMANENTLY FAILED: zayafashioncompany.com
  - Attempts: 1/2
  - Final Error: [Errno 8] nodename nor servname provided, or not known

[2026-06-17 05:01:20] Processing djkxwnocrumbs.left.net
  - Error on attempt 1: Connection Timed Out

[2026-06-17 05:01:20] PERMANENTLY FAILED: djkxwnocrumbs.left.net
  - Attempts: 1/2
  - Final Error: Connection Timed Out

[2026-06-17 05:01:21] Processing workspace.dapaul.com
  - Error on attempt 1: [Errno 8] nodename nor servname provided, or not known

[2026-06-17 05:01:21] PERMANENTLY FAILED: workspace.dapaul.com
  - Attempts: 1/2
  - Final Error: [Errno 8] nodename nor servname provided, or not known

[2026-06-17 05:01:21] Processing limisahi.akk.ro
  - Error on attempt 1: Connection Timed Out

[2026-06-17 05:01:21] PERMANENTLY FAILED: limisahi.akk.ro
  - Attempts: 1/2
  - Final Error: Connection Timed Out

[2026-06-17 05:01:21] Processing api.app.www.www.wwwportal.app.wwwwww.234cde3d.nip.io
  - Error on attempt 1: Connection Timed Out

[2026-06-17 05:01:21] PERMANENTLY FAILED: api.app.www.www.wwwportal.app.wwwwww.234cde3d.nip.io
  - Attempts: 1/2
  - Final Error: Connection Timed Out

[2026-06-17 05:01:21] Processing erverhosting112.daenerys.fr
  - Error on attempt 1: Connection Timed Out

[2026-06-17 05:01:21] PERMANENTLY FAILED: erverhosting112.daenerys.fr
  - Attempts: 1/2
  - Final Error: Connection Timed Out

[2026-06-17 05:01:21] Processing www6.tischlerei-lehmann.de
  - Error on attempt 1: Connection Timed Out

[2026-06-17 05:01:21] PERMANENTLY FAILED: www6.tischlerei-lehmann.de
  - Attempts: 1/2
  - Final Error: Connection Timed Out

[2026-06-17 05:01:21] Processing short.bubll.us
  - Error on attempt 1: Connection Timed Out

[2026-06-17 05:01:21] PERMANENTLY FAILED: short.bubll.us
  - Attempts: 1/2
  - Final Error: Connection Timed Out

[2026-06-17 05:01:23] Processing api.mcallister.com.au
  - Error on attempt 1: Connection Timed Out

[2026-06-17 05:01:23] PERMANENTLY FAILED: api.mcallister.com.au
  - Attempts: 1/2
  - Final Error: Connection Timed Out

[2026-06-17 05:01:23] Processing staging.app.elitejourneyguides.live
  - Error on attempt 1: Connection Timed Out

[2026-06-17 05:01:23] PERMANENTLY FAILED: staging.app.elitejourneyguides.live
  - Attempts: 1/2
  - Final Error: Connection Timed Out

[2026-06-17 05:01:23] Processing sitemaps.coudun.com
  - Error on attempt 1: Connection Timed Out

[2026-06-17 05:01:23] PERMANENTLY FAILED: sitemaps.coudun.com
  - Attempts: 1/2
  - Final Error: Connection Timed Out

[2026-06-17 05:01:23] Processing ellagoldsmith.com
  - Error on attempt 1: [Errno 54] Connection reset by peer

[2026-06-17 05:01:23] PERMANENTLY FAILED: ellagoldsmith.com
  - Attempts: 1/2
  - Final Error: [Errno 54] Connection reset by peer

