[2026-06-17 05:34:14] Processing metrics.companycapital.com
  - Error on attempt 1: [Errno 8] nodename nor servname provided, or not known

[2026-06-17 05:34:14] PERMANENTLY FAILED: metrics.companycapital.com
  - Attempts: 1/2
  - Final Error: [Errno 8] nodename nor servname provided, or not known

[2026-06-17 05:34:14] Processing 300gt02.live
  - Error on attempt 1: [Errno 8] nodename nor servname provided, or not known

[2026-06-17 05:34:14] PERMANENTLY FAILED: 300gt02.live
  - Attempts: 1/2
  - Final Error: [Errno 8] nodename nor servname provided, or not known

[2026-06-17 05:34:14] Processing nilayohe.innovationcast.net
  - Error on attempt 1: [Errno 8] nodename nor servname provided, or not known

[2026-06-17 05:34:14] PERMANENTLY FAILED: nilayohe.innovationcast.net
  - Attempts: 1/2
  - Final Error: [Errno 8] nodename nor servname provided, or not known

[2026-06-17 05:34:14] Processing wensnas.direct.quickconnect.to
  - Error on attempt 1: [Errno 8] nodename nor servname provided, or not known

[2026-06-17 05:34:14] PERMANENTLY FAILED: wensnas.direct.quickconnect.to
  - Attempts: 1/2
  - Final Error: [Errno 8] nodename nor servname provided, or not known

[2026-06-17 05:34:14] Processing devstudio-lb.workers.dev
  - Error on attempt 1: [Errno 8] nodename nor servname provided, or not known

[2026-06-17 05:34:14] PERMANENTLY FAILED: devstudio-lb.workers.dev
  - Attempts: 1/2
  - Final Error: [Errno 8] nodename nor servname provided, or not known

[2026-06-17 05:34:14] Processing klyx7.info
  - Error on attempt 1: [Errno 8] nodename nor servname provided, or not known

[2026-06-17 05:34:14] PERMANENTLY FAILED: klyx7.info
  - Attempts: 1/2
  - Final Error: [Errno 8] nodename nor servname provided, or not known

[2026-06-17 05:34:15] Processing avonwine.com
  - Error on attempt 1: [Errno 61] Connection refused

[2026-06-17 05:34:15] PERMANENTLY FAILED: avonwine.com
  - Attempts: 1/2
  - Final Error: [Errno 61] Connection refused

[2026-06-17 05:34:15] Processing kalincarney.net
  - Error on attempt 1: [Errno 61] Connection refused

[2026-06-17 05:34:15] PERMANENTLY FAILED: kalincarney.net
  - Attempts: 1/2
  - Final Error: [Errno 61] Connection refused

[2026-06-17 05:34:15] Processing oregoncoastmags.net
  - Error on attempt 1: [Errno 8] nodename nor servname provided, or not known

[2026-06-17 05:34:15] PERMANENTLY FAILED: oregoncoastmags.net
  - Attempts: 1/2
  - Final Error: [Errno 8] nodename nor servname provided, or not known

[2026-06-17 05:34:15] Processing api.app.emailsellerscale.com
  - Error on attempt 1: [Errno 8] nodename nor servname provided, or not known

[2026-06-17 05:34:15] PERMANENTLY FAILED: api.app.emailsellerscale.com
  - Attempts: 1/2
  - Final Error: [Errno 8] nodename nor servname provided, or not known

[2026-06-17 05:34:15] Processing 38365988a806400abc5d3e481e31c787.plex.direct
  - Error on attempt 1: [Errno 8] nodename nor servname provided, or not known

[2026-06-17 05:34:15] PERMANENTLY FAILED: 38365988a806400abc5d3e481e31c787.plex.direct
  - Attempts: 1/2
  - Final Error: [Errno 8] nodename nor servname provided, or not known

[2026-06-17 05:34:15] Processing master-mages.esohost.ru
  - Error on attempt 1: [Errno 61] Connection refused

[2026-06-17 05:34:15] PERMANENTLY FAILED: master-mages.esohost.ru
  - Attempts: 1/2
  - Final Error: [Errno 61] Connection refused

[2026-06-17 05:34:15] Processing ww25.sendy.parknicollect.com
  - Error on attempt 1: [Errno 61] Connection refused

[2026-06-17 05:34:15] PERMANENTLY FAILED: ww25.sendy.parknicollect.com
  - Attempts: 1/2
  - Final Error: [Errno 61] Connection refused

[2026-06-17 05:34:15] Processing api.sitemap.sketchappdata.com
  - Error on attempt 1: [Errno 8] nodename nor servname provided, or not known

[2026-06-17 05:34:15] PERMANENTLY FAILED: api.sitemap.sketchappdata.com
  - Attempts: 1/2
  - Final Error: [Errno 8] nodename nor servname provided, or not known

[2026-06-17 05:34:15] Processing galacticbussing.com
  - Error on attempt 1: [Errno 8] nodename nor servname provided, or not known

[2026-06-17 05:34:15] PERMANENTLY FAILED: galacticbussing.com
  - Attempts: 1/2
  - Final Error: [Errno 8] nodename nor servname provided, or not known

[2026-06-17 05:34:15] Processing api.www.hbgwcf.51.222.141.36.sslip.io
  - Error on attempt 1: [SSL: TLSV1_ALERT_INTERNAL_ERROR] tlsv1 alert internal error (_ssl.c:1006)

[2026-06-17 05:34:15] PERMANENTLY FAILED: api.www.hbgwcf.51.222.141.36.sslip.io
  - Attempts: 1/2
  - Final Error: [SSL: TLSV1_ALERT_INTERNAL_ERROR] tlsv1 alert internal error (_ssl.c:1006)

[2026-06-17 05:34:16] Processing auth.radlar.com
  - Error on attempt 1: [Errno 8] nodename nor servname provided, or not known

[2026-06-17 05:34:16] PERMANENTLY FAILED: auth.radlar.com
  - Attempts: 1/2
  - Final Error: [Errno 8] nodename nor servname provided, or not known

[2026-06-17 05:34:16] Processing koru.help
  - Error on attempt 1: [Errno 8] nodename nor servname provided, or not known

[2026-06-17 05:34:16] PERMANENTLY FAILED: koru.help
  - Attempts: 1/2
  - Final Error: [Errno 8] nodename nor servname provided, or not known

[2026-06-17 05:34:16] Processing a1bc1d6af85b4fa9b86ae0756cc43008.plex.direct
  - Error on attempt 1: [Errno 8] nodename nor servname provided, or not known

[2026-06-17 05:34:16] PERMANENTLY FAILED: a1bc1d6af85b4fa9b86ae0756cc43008.plex.direct
  - Attempts: 1/2
  - Final Error: [Errno 8] nodename nor servname provided, or not known

[2026-06-17 05:34:16] Processing rvremote.radlar.com
  - Error on attempt 1: [Errno 8] nodename nor servname provided, or not known

[2026-06-17 05:34:16] PERMANENTLY FAILED: rvremote.radlar.com
  - Attempts: 1/2
  - Final Error: [Errno 8] nodename nor servname provided, or not known

[2026-06-17 05:34:16] Processing nz-trinity.help
  - Error on attempt 1: [Errno 8] nodename nor servname provided, or not known

[2026-06-17 05:34:16] PERMANENTLY FAILED: nz-trinity.help
  - Attempts: 1/2
  - Final Error: [Errno 8] nodename nor servname provided, or not known

[2026-06-17 05:34:16] Processing vaupelklein.direct.quickconnect.to
  - Error on attempt 1: [Errno 61] Connection refused

[2026-06-17 05:34:16] PERMANENTLY FAILED: vaupelklein.direct.quickconnect.to
  - Attempts: 1/2
  - Final Error: [Errno 61] Connection refused

[2026-06-17 05:34:16] Processing test.staging.dnsociety.com
  - Error on attempt 1: [SSL: TLSV1_UNRECOGNIZED_NAME] tlsv1 unrecognized name (_ssl.c:1006)

[2026-06-17 05:34:16] PERMANENTLY FAILED: test.staging.dnsociety.com
  - Attempts: 1/2
  - Final Error: [SSL: TLSV1_UNRECOGNIZED_NAME] tlsv1 unrecognized name (_ssl.c:1006)

[2026-06-17 05:34:16] Processing emiratesbet872.com
  - Error on attempt 1: [Errno 8] nodename nor servname provided, or not known

[2026-06-17 05:34:16] PERMANENTLY FAILED: emiratesbet872.com
  - Attempts: 1/2
  - Final Error: [Errno 8] nodename nor servname provided, or not known

[2026-06-17 05:34:16] Processing 7107bb593d995e0a825776eb.keenetic.io
  - Error on attempt 1: [Errno 8] nodename nor servname provided, or not known

[2026-06-17 05:34:16] PERMANENTLY FAILED: 7107bb593d995e0a825776eb.keenetic.io
  - Attempts: 1/2
  - Final Error: [Errno 8] nodename nor servname provided, or not known

[2026-06-17 05:34:16] Processing vehicle-service.ad.fda-74b7bcb8.core.build.vwn.cloud
  - Error on attempt 1: [Errno 8] nodename nor servname provided, or not known

[2026-06-17 05:34:16] PERMANENTLY FAILED: vehicle-service.ad.fda-74b7bcb8.core.build.vwn.cloud
  - Attempts: 1/2
  - Final Error: [Errno 8] nodename nor servname provided, or not known

[2026-06-17 05:34:16] Processing cluster-hkwnnrpvejhsmvjghvqfjn7l7g.cloudworkstations.dev
  - Error on attempt 1: [Errno 8] nodename nor servname provided, or not known

[2026-06-17 05:34:16] PERMANENTLY FAILED: cluster-hkwnnrpvejhsmvjghvqfjn7l7g.cloudworkstations.dev
  - Attempts: 1/2
  - Final Error: [Errno 8] nodename nor servname provided, or not known

[2026-06-17 05:34:16] Processing fiicgr28beujrjj.xyz
  - Error on attempt 1: [Errno 8] nodename nor servname provided, or not known

[2026-06-17 05:34:16] PERMANENTLY FAILED: fiicgr28beujrjj.xyz
  - Attempts: 1/2
  - Final Error: [Errno 8] nodename nor servname provided, or not known

[2026-06-17 05:34:16] Processing bestofwallonia.eu
  - Error on attempt 1: [Errno 8] nodename nor servname provided, or not known

[2026-06-17 05:34:16] PERMANENTLY FAILED: bestofwallonia.eu
  - Attempts: 1/2
  - Final Error: [Errno 8] nodename nor servname provided, or not known

[2026-06-17 05:34:16] Processing af31da70323542ccacbdbff0ae16b829-0.lambdaspaces.com
  - Error on attempt 1: [Errno 8] nodename nor servname provided, or not known

[2026-06-17 05:34:16] PERMANENTLY FAILED: af31da70323542ccacbdbff0ae16b829-0.lambdaspaces.com
  - Attempts: 1/2
  - Final Error: [Errno 8] nodename nor servname provided, or not known

[2026-06-17 05:34:16] Processing ww7.alla-cart.com
  - Error on attempt 1: [Errno 8] nodename nor servname provided, or not known

[2026-06-17 05:34:16] PERMANENTLY FAILED: ww7.alla-cart.com
  - Attempts: 1/2
  - Final Error: [Errno 8] nodename nor servname provided, or not known

[2026-06-17 05:34:16] Processing servicegen-vaasauto-sectigo-ca-ynx0z.vfidev.com
  - Error on attempt 1: [Errno 8] nodename nor servname provided, or not known

[2026-06-17 05:34:16] PERMANENTLY FAILED: servicegen-vaasauto-sectigo-ca-ynx0z.vfidev.com
  - Attempts: 1/2
  - Final Error: [Errno 8] nodename nor servname provided, or not known

[2026-06-17 05:34:17] Processing custom-ssl-test-1767886652858.eu1.prod.hubspot-at-test.com
  - Error on attempt 1: [SSL: SSLV3_ALERT_HANDSHAKE_FAILURE] ssl/tls alert handshake failure (_ssl.c:1006)

[2026-06-17 05:34:17] PERMANENTLY FAILED: custom-ssl-test-1767886652858.eu1.prod.hubspot-at-test.com
  - Attempts: 1/2
  - Final Error: [SSL: SSLV3_ALERT_HANDSHAKE_FAILURE] ssl/tls alert handshake failure (_ssl.c:1006)

[2026-06-17 05:34:17] Processing api.shibserv2.almased.uk
  - Error on attempt 1: [Errno 8] nodename nor servname provided, or not known

[2026-06-17 05:34:17] PERMANENTLY FAILED: api.shibserv2.almased.uk
  - Attempts: 1/2
  - Final Error: [Errno 8] nodename nor servname provided, or not known

[2026-06-17 05:34:17] Processing login.krentavest-app.net
  - Error on attempt 1: [Errno 8] nodename nor servname provided, or not known

[2026-06-17 05:34:17] PERMANENTLY FAILED: login.krentavest-app.net
  - Attempts: 1/2
  - Final Error: [Errno 8] nodename nor servname provided, or not known

[2026-06-17 05:34:17] Processing smtpa.aslat.it
  - Error on attempt 1: [Errno 8] nodename nor servname provided, or not known

[2026-06-17 05:34:17] PERMANENTLY FAILED: smtpa.aslat.it
  - Attempts: 1/2
  - Final Error: [Errno 8] nodename nor servname provided, or not known

[2026-06-17 05:34:17] Processing sm2040.cc
  - Error on attempt 1: [Errno 8] nodename nor servname provided, or not known

[2026-06-17 05:34:17] PERMANENTLY FAILED: sm2040.cc
  - Attempts: 1/2
  - Final Error: [Errno 8] nodename nor servname provided, or not known

[2026-06-17 05:34:17] Processing amr-20260108-153248-10-sd0npkuonnnn-0.centraluseuap.redis.azure.net
  - Error on attempt 1: [Errno 8] nodename nor servname provided, or not known

[2026-06-17 05:34:17] PERMANENTLY FAILED: amr-20260108-153248-10-sd0npkuonnnn-0.centraluseuap.redis.azure.net
  - Attempts: 1/2
  - Final Error: [Errno 8] nodename nor servname provided, or not known

[2026-06-17 05:34:17] Processing dart.peisze.com
  - Error on attempt 1: [Errno 8] nodename nor servname provided, or not known

[2026-06-17 05:34:17] PERMANENTLY FAILED: dart.peisze.com
  - Attempts: 1/2
  - Final Error: [Errno 8] nodename nor servname provided, or not known

[2026-06-17 05:34:17] Processing dodaeconnect.moveat.com
  - Error on attempt 1: [SSL: TLSV1_UNRECOGNIZED_NAME] tlsv1 unrecognized name (_ssl.c:1006)

[2026-06-17 05:34:17] PERMANENTLY FAILED: dodaeconnect.moveat.com
  - Attempts: 1/2
  - Final Error: [SSL: TLSV1_UNRECOGNIZED_NAME] tlsv1 unrecognized name (_ssl.c:1006)

[2026-06-17 05:34:17] Processing 8e045be5586ddb8fa05c03fb.keenetic.io
  - Error on attempt 1: [Errno 8] nodename nor servname provided, or not known

[2026-06-17 05:34:17] PERMANENTLY FAILED: 8e045be5586ddb8fa05c03fb.keenetic.io
  - Attempts: 1/2
  - Final Error: [Errno 8] nodename nor servname provided, or not known

[2026-06-17 05:34:17] Processing 92.tenant.api.powerplatform.com
  - Error on attempt 1: [Errno 8] nodename nor servname provided, or not known

[2026-06-17 05:34:17] PERMANENTLY FAILED: 92.tenant.api.powerplatform.com
  - Attempts: 1/2
  - Final Error: [Errno 8] nodename nor servname provided, or not known

[2026-06-17 05:34:17] Processing d.moveat.com
  - Error on attempt 1: [SSL: TLSV1_UNRECOGNIZED_NAME] tlsv1 unrecognized name (_ssl.c:1006)

[2026-06-17 05:34:17] PERMANENTLY FAILED: d.moveat.com
  - Attempts: 1/2
  - Final Error: [SSL: TLSV1_UNRECOGNIZED_NAME] tlsv1 unrecognized name (_ssl.c:1006)

[2026-06-17 05:34:18] Processing ww16.vpngate.radiorefernece.com
  - Error on attempt 1: [Errno 61] Connection refused

[2026-06-17 05:34:18] PERMANENTLY FAILED: ww16.vpngate.radiorefernece.com
  - Attempts: 1/2
  - Final Error: [Errno 61] Connection refused

[2026-06-17 05:34:18] Processing chicken-road-game.lat
  - Error on attempt 1: [Errno 8] nodename nor servname provided, or not known

[2026-06-17 05:34:18] PERMANENTLY FAILED: chicken-road-game.lat
  - Attempts: 1/2
  - Final Error: [Errno 8] nodename nor servname provided, or not known

[2026-06-17 05:34:18] Processing api.shestakovfoto.viewbook.com
  - Error on attempt 1: [SSL: TLSV1_ALERT_INTERNAL_ERROR] tlsv1 alert internal error (_ssl.c:1006)

[2026-06-17 05:34:18] PERMANENTLY FAILED: api.shestakovfoto.viewbook.com
  - Attempts: 1/2
  - Final Error: [SSL: TLSV1_ALERT_INTERNAL_ERROR] tlsv1 alert internal error (_ssl.c:1006)

[2026-06-17 05:34:18] Processing d2b45e89.sni.cloudflaressl.com
  - Error on attempt 1: [SSL: SSLV3_ALERT_HANDSHAKE_FAILURE] ssl/tls alert handshake failure (_ssl.c:1006)

[2026-06-17 05:34:18] PERMANENTLY FAILED: d2b45e89.sni.cloudflaressl.com
  - Attempts: 1/2
  - Final Error: [SSL: SSLV3_ALERT_HANDSHAKE_FAILURE] ssl/tls alert handshake failure (_ssl.c:1006)

[2026-06-17 05:34:18] Processing betting-spa.platinumcasino.wiki
  - Error on attempt 1: [Errno 8] nodename nor servname provided, or not known

[2026-06-17 05:34:18] PERMANENTLY FAILED: betting-spa.platinumcasino.wiki
  - Attempts: 1/2
  - Final Error: [Errno 8] nodename nor servname provided, or not known

[2026-06-17 05:34:18] Processing mail.cattlecall.me
  - Error on attempt 1: [Errno 8] nodename nor servname provided, or not known

[2026-06-17 05:34:18] PERMANENTLY FAILED: mail.cattlecall.me
  - Attempts: 1/2
  - Final Error: [Errno 8] nodename nor servname provided, or not known

[2026-06-17 05:34:18] Processing app.livescifi.com
  - Error on attempt 1: [Errno 8] nodename nor servname provided, or not known

[2026-06-17 05:34:18] PERMANENTLY FAILED: app.livescifi.com
  - Attempts: 1/2
  - Final Error: [Errno 8] nodename nor servname provided, or not known

[2026-06-17 05:34:18] Processing sbx.ccwu.cc
  - Error on attempt 1: [Errno 8] nodename nor servname provided, or not known

[2026-06-17 05:34:18] PERMANENTLY FAILED: sbx.ccwu.cc
  - Attempts: 1/2
  - Final Error: [Errno 8] nodename nor servname provided, or not known

[2026-06-17 05:34:18] Processing ae2024.direct.quickconnect.to
  - Error on attempt 1: [Errno 61] Connection refused

[2026-06-17 05:34:18] PERMANENTLY FAILED: ae2024.direct.quickconnect.to
  - Attempts: 1/2
  - Final Error: [Errno 61] Connection refused

[2026-06-17 05:34:18] Processing vdi.segelferien.com
  - Error on attempt 1: [Errno 8] nodename nor servname provided, or not known

[2026-06-17 05:34:18] PERMANENTLY FAILED: vdi.segelferien.com
  - Attempts: 1/2
  - Final Error: [Errno 8] nodename nor servname provided, or not known

[2026-06-17 05:34:20] Processing supereyenutrition.com
  - Error on attempt 1: [Errno 8] nodename nor servname provided, or not known

[2026-06-17 05:34:20] PERMANENTLY FAILED: supereyenutrition.com
  - Attempts: 1/2
  - Final Error: [Errno 8] nodename nor servname provided, or not known

[2026-06-17 05:34:20] Processing hlg7989s.cc
  - Error on attempt 1: [Errno 8] nodename nor servname provided, or not known

[2026-06-17 05:34:20] PERMANENTLY FAILED: hlg7989s.cc
  - Attempts: 1/2
  - Final Error: [Errno 8] nodename nor servname provided, or not known

[2026-06-17 05:34:20] Processing admin.ai-ci.vanweverwijkbouwkeuringen.nl
  - Error on attempt 1: [SSL: TLSV1_ALERT_INTERNAL_ERROR] tlsv1 alert internal error (_ssl.c:1006)

[2026-06-17 05:34:20] PERMANENTLY FAILED: admin.ai-ci.vanweverwijkbouwkeuringen.nl
  - Attempts: 1/2
  - Final Error: [SSL: TLSV1_ALERT_INTERNAL_ERROR] tlsv1 alert internal error (_ssl.c:1006)

[2026-06-17 05:34:20] Processing skywatch.bpc2.com.br
  - Error on attempt 1: [Errno 8] nodename nor servname provided, or not known

[2026-06-17 05:34:20] PERMANENTLY FAILED: skywatch.bpc2.com.br
  - Attempts: 1/2
  - Final Error: [Errno 8] nodename nor servname provided, or not known

[2026-06-17 05:34:20] Processing online.yaoxinyule.com
  - Error on attempt 1: [Errno 8] nodename nor servname provided, or not known

[2026-06-17 05:34:20] PERMANENTLY FAILED: online.yaoxinyule.com
  - Attempts: 1/2
  - Final Error: [Errno 8] nodename nor servname provided, or not known

[2026-06-17 05:34:20] Processing 69861127.xyz
  - Error on attempt 1: [Errno 8] nodename nor servname provided, or not known

[2026-06-17 05:34:20] PERMANENTLY FAILED: 69861127.xyz
  - Attempts: 1/2
  - Final Error: [Errno 8] nodename nor servname provided, or not known

[2026-06-17 05:34:21] Processing rfxwd7k6xf.dattolocal.net
  - Error on attempt 1: [Errno 65] No route to host

[2026-06-17 05:34:21] PERMANENTLY FAILED: rfxwd7k6xf.dattolocal.net
  - Attempts: 1/2
  - Final Error: [Errno 65] No route to host

[2026-06-17 05:34:21] Processing b9044d6c794202b4150629b0.keenetic.io
  - Error on attempt 1: [Errno 8] nodename nor servname provided, or not known

[2026-06-17 05:34:21] PERMANENTLY FAILED: b9044d6c794202b4150629b0.keenetic.io
  - Attempts: 1/2
  - Final Error: [Errno 8] nodename nor servname provided, or not known

[2026-06-17 05:34:21] Processing mediolast.com
  - Error on attempt 1: [Errno 61] Connection refused

[2026-06-17 05:34:21] PERMANENTLY FAILED: mediolast.com
  - Attempts: 1/2
  - Final Error: [Errno 61] Connection refused

[2026-06-17 05:34:21] Processing autoconfig.segelferien.com
  - Error on attempt 1: [Errno 8] nodename nor servname provided, or not known

[2026-06-17 05:34:21] PERMANENTLY FAILED: autoconfig.segelferien.com
  - Attempts: 1/2
  - Final Error: [Errno 8] nodename nor servname provided, or not known

[2026-06-17 05:34:22] Processing ru-69165.info
  - Error on attempt 1: [Errno 8] nodename nor servname provided, or not known

[2026-06-17 05:34:22] PERMANENTLY FAILED: ru-69165.info
  - Attempts: 1/2
  - Final Error: [Errno 8] nodename nor servname provided, or not known

[2026-06-17 05:34:22] Processing edu.segelferien.com
  - Error on attempt 1: [Errno 8] nodename nor servname provided, or not known

[2026-06-17 05:34:22] PERMANENTLY FAILED: edu.segelferien.com
  - Attempts: 1/2
  - Final Error: [Errno 8] nodename nor servname provided, or not known

[2026-06-17 05:34:22] Processing production-mongodb-backup-066f102b.mongo.ondigitalocean.com
  - Error on attempt 1: [Errno 8] nodename nor servname provided, or not known

[2026-06-17 05:34:22] PERMANENTLY FAILED: production-mongodb-backup-066f102b.mongo.ondigitalocean.com
  - Attempts: 1/2
  - Final Error: [Errno 8] nodename nor servname provided, or not known

[2026-06-17 05:34:24] Processing necikarsa.com.tr
  - Error on attempt 1: [Errno 8] nodename nor servname provided, or not known

[2026-06-17 05:34:24] PERMANENTLY FAILED: necikarsa.com.tr
  - Attempts: 1/2
  - Final Error: [Errno 8] nodename nor servname provided, or not known

[2026-06-17 05:34:24] Processing 2eedeb3b-d775-4632-b198-6b169ac841dc.autodarts.direct
  - Error on attempt 1: [Errno 8] nodename nor servname provided, or not known

[2026-06-17 05:34:24] PERMANENTLY FAILED: 2eedeb3b-d775-4632-b198-6b169ac841dc.autodarts.direct
  - Attempts: 1/2
  - Final Error: [Errno 8] nodename nor servname provided, or not known

[2026-06-17 05:34:24] Processing uat.mosaic.ro
  - Error on attempt 1: Connection Timed Out

[2026-06-17 05:34:24] PERMANENTLY FAILED: uat.mosaic.ro
  - Attempts: 1/2
  - Final Error: Connection Timed Out

[2026-06-17 05:34:24] Processing login.cartuccestampante.com
  - Error on attempt 1: Connection Timed Out

[2026-06-17 05:34:24] Processing remote.puremicamper.com
  - Error on attempt 1: Connection Timed Out

[2026-06-17 05:34:24] Processing explore-dev.tintadehistorieta.com.ar
  - Error on attempt 1: Connection Timed Out

[2026-06-17 05:34:24] PERMANENTLY FAILED: login.cartuccestampante.com
  - Attempts: 1/2
  - Final Error: Connection Timed Out

[2026-06-17 05:34:24] PERMANENTLY FAILED: remote.puremicamper.com
  - Attempts: 1/2
  - Final Error: Connection Timed Out

[2026-06-17 05:34:24] PERMANENTLY FAILED: explore-dev.tintadehistorieta.com.ar
  - Attempts: 1/2
  - Final Error: Connection Timed Out

[2026-06-17 05:34:24] Processing home.mellicard.com
  - Error on attempt 1: Connection Timed Out

[2026-06-17 05:34:24] PERMANENTLY FAILED: home.mellicard.com
  - Attempts: 1/2
  - Final Error: Connection Timed Out

[2026-06-17 05:34:24] Processing smail.aslat.it
  - Error on attempt 1: [Errno 8] nodename nor servname provided, or not known

[2026-06-17 05:34:24] PERMANENTLY FAILED: smail.aslat.it
  - Attempts: 1/2
  - Final Error: [Errno 8] nodename nor servname provided, or not known

[2026-06-17 05:34:25] Processing esus.eyemedvisioncard.com
  - Error on attempt 1: Connection Timed Out

[2026-06-17 05:34:25] PERMANENTLY FAILED: esus.eyemedvisioncard.com
  - Attempts: 1/2
  - Final Error: Connection Timed Out

[2026-06-17 05:34:25] Processing ssntana056.workers.dev
  - Error on attempt 1: [Errno 8] nodename nor servname provided, or not known

[2026-06-17 05:34:25] PERMANENTLY FAILED: ssntana056.workers.dev
  - Attempts: 1/2
  - Final Error: [Errno 8] nodename nor servname provided, or not known

[2026-06-17 05:34:25] Processing bradwilsonphd.com
  - Error on attempt 1: [Errno 8] nodename nor servname provided, or not known

[2026-06-17 05:34:25] PERMANENTLY FAILED: bradwilsonphd.com
  - Attempts: 1/2
  - Final Error: [Errno 8] nodename nor servname provided, or not known

[2026-06-17 05:34:25] Processing bill1426.direct.quickconnect.to
  - Error on attempt 1: Connection Timed Out

[2026-06-17 05:34:25] PERMANENTLY FAILED: bill1426.direct.quickconnect.to
  - Attempts: 1/2
  - Final Error: Connection Timed Out

[2026-06-17 05:34:25] Processing corpusorus.intra.airudit.net
  - Error on attempt 1: Connection Timed Out

[2026-06-17 05:34:25] PERMANENTLY FAILED: corpusorus.intra.airudit.net
  - Attempts: 1/2
  - Final Error: Connection Timed Out

[2026-06-17 05:34:25] Processing staging.wwwerzhaomv.lightspeedsystems.help
  - Error on attempt 1: [Errno 8] nodename nor servname provided, or not known

[2026-06-17 05:34:25] PERMANENTLY FAILED: staging.wwwerzhaomv.lightspeedsystems.help
  - Attempts: 1/2
  - Final Error: [Errno 8] nodename nor servname provided, or not known

[2026-06-17 05:34:25] Processing szendala.direct.quickconnect.to
  - Error on attempt 1: Connection Timed Out

[2026-06-17 05:34:25] PERMANENTLY FAILED: szendala.direct.quickconnect.to
  - Attempts: 1/2
  - Final Error: Connection Timed Out

[2026-06-17 05:34:25] Processing kareemnelson.shop
  - Error on attempt 1: [Errno 8] nodename nor servname provided, or not known

[2026-06-17 05:34:25] PERMANENTLY FAILED: kareemnelson.shop
  - Attempts: 1/2
  - Final Error: [Errno 8] nodename nor servname provided, or not known

[2026-06-17 05:34:25] Processing ofinovardweb.sunsetbeachhotel.com.tr
  - Error on attempt 1: Connection Timed Out

[2026-06-17 05:34:25] PERMANENTLY FAILED: ofinovardweb.sunsetbeachhotel.com.tr
  - Attempts: 1/2
  - Final Error: Connection Timed Out

[2026-06-17 05:34:25] Processing web2.fortbraggproperty.com
  - Error on attempt 1: Connection Timed Out

[2026-06-17 05:34:25] PERMANENTLY FAILED: web2.fortbraggproperty.com
  - Attempts: 1/2
  - Final Error: Connection Timed Out

[2026-06-17 05:34:25] Processing synology-reserve-hlk9soetsacjgf.direct.quickconnect.to
  - Error on attempt 1: [Errno 8] nodename nor servname provided, or not known

[2026-06-17 05:34:25] PERMANENTLY FAILED: synology-reserve-hlk9soetsacjgf.direct.quickconnect.to
  - Attempts: 1/2
  - Final Error: [Errno 8] nodename nor servname provided, or not known

[2026-06-17 05:34:25] Processing temp.borntraeger.com
  - Error on attempt 1: Connection Timed Out

[2026-06-17 05:34:25] PERMANENTLY FAILED: temp.borntraeger.com
  - Attempts: 1/2
  - Final Error: Connection Timed Out

[2026-06-17 05:34:25] Processing blog.puremicamper.com
  - Error on attempt 1: Connection Timed Out

[2026-06-17 05:34:25] PERMANENTLY FAILED: blog.puremicamper.com
  - Attempts: 1/2
  - Final Error: Connection Timed Out

[2026-06-17 05:34:25] Processing officevpn.borntraeger.com
  - Error on attempt 1: Connection Timed Out

[2026-06-17 05:34:25] PERMANENTLY FAILED: officevpn.borntraeger.com
  - Attempts: 1/2
  - Final Error: Connection Timed Out

[2026-06-17 05:34:25] Processing openvpn.1win.chat
  - Error on attempt 1: [SSL: TLSV1_UNRECOGNIZED_NAME] tlsv1 unrecognized name (_ssl.c:1006)

[2026-06-17 05:34:25] PERMANENTLY FAILED: openvpn.1win.chat
  - Attempts: 1/2
  - Final Error: [SSL: TLSV1_UNRECOGNIZED_NAME] tlsv1 unrecognized name (_ssl.c:1006)

[2026-06-17 05:34:25] Processing 0b06f8cd.sni.cloudflaressl.com
  - Error on attempt 1: [SSL: SSLV3_ALERT_HANDSHAKE_FAILURE] ssl/tls alert handshake failure (_ssl.c:1006)

[2026-06-17 05:34:25] PERMANENTLY FAILED: 0b06f8cd.sni.cloudflaressl.com
  - Attempts: 1/2
  - Final Error: [SSL: SSLV3_ALERT_HANDSHAKE_FAILURE] ssl/tls alert handshake failure (_ssl.c:1006)

[2026-06-17 05:34:26] Processing devexpedientes.ezsoftwaretools.com
  - Error on attempt 1: Connection Timed Out

[2026-06-17 05:34:26] PERMANENTLY FAILED: devexpedientes.ezsoftwaretools.com
  - Attempts: 1/2
  - Final Error: Connection Timed Out

[2026-06-17 05:34:26] Processing trgjyremoto.westhaferconstruction.com
  - Error on attempt 1: Connection Timed Out

[2026-06-17 05:34:26] Processing securevpn.daenerys.fr
  - Error on attempt 1: Connection Timed Out

[2026-06-17 05:34:26] PERMANENTLY FAILED: trgjyremoto.westhaferconstruction.com
  - Attempts: 1/2
  - Final Error: Connection Timed Out

[2026-06-17 05:34:26] PERMANENTLY FAILED: securevpn.daenerys.fr
  - Attempts: 1/2
  - Final Error: Connection Timed Out

[2026-06-17 05:34:26] Processing guardian.spectrumiis.edu.my
  - Error on attempt 1: [Errno 8] nodename nor servname provided, or not known

[2026-06-17 05:34:26] PERMANENTLY FAILED: guardian.spectrumiis.edu.my
  - Attempts: 1/2
  - Final Error: [Errno 8] nodename nor servname provided, or not known

[2026-06-17 05:34:26] Processing apps.raum-und-service.de
  - Error on attempt 1: [SSL: TLSV1_UNRECOGNIZED_NAME] tlsv1 unrecognized name (_ssl.c:1006)

[2026-06-17 05:34:26] PERMANENTLY FAILED: apps.raum-und-service.de
  - Attempts: 1/2
  - Final Error: [SSL: TLSV1_UNRECOGNIZED_NAME] tlsv1 unrecognized name (_ssl.c:1006)

[2026-06-17 05:34:26] Processing 8278fc1a-86af-444a-8ad0-8d8cc2c5b88c.hubta.com
  - Error on attempt 1: [SSL: TLSV1_UNRECOGNIZED_NAME] tlsv1 unrecognized name (_ssl.c:1006)

[2026-06-17 05:34:26] PERMANENTLY FAILED: 8278fc1a-86af-444a-8ad0-8d8cc2c5b88c.hubta.com
  - Attempts: 1/2
  - Final Error: [SSL: TLSV1_UNRECOGNIZED_NAME] tlsv1 unrecognized name (_ssl.c:1006)

[2026-06-17 05:34:26] Processing argo.mindpicture.com
  - Error on attempt 1: [SSL: TLSV1_UNRECOGNIZED_NAME] tlsv1 unrecognized name (_ssl.c:1006)

[2026-06-17 05:34:26] PERMANENTLY FAILED: argo.mindpicture.com
  - Attempts: 1/2
  - Final Error: [SSL: TLSV1_UNRECOGNIZED_NAME] tlsv1 unrecognized name (_ssl.c:1006)

[2026-06-17 05:34:26] Processing rdweb.daenerys.fr
  - Error on attempt 1: Connection Timed Out

[2026-06-17 05:34:26] PERMANENTLY FAILED: rdweb.daenerys.fr
  - Attempts: 1/2
  - Final Error: Connection Timed Out

[2026-06-17 05:34:26] Processing malikeninbutigi.xyz
  - Error on attempt 1: [Errno 8] nodename nor servname provided, or not known

[2026-06-17 05:34:26] PERMANENTLY FAILED: malikeninbutigi.xyz
  - Attempts: 1/2
  - Final Error: [Errno 8] nodename nor servname provided, or not known

[2026-06-17 05:34:26] Processing admin.jrpsften.49-12-111-90.plesk.page
  - Error on attempt 1: [Errno 61] Connection refused

[2026-06-17 05:34:26] PERMANENTLY FAILED: admin.jrpsften.49-12-111-90.plesk.page
  - Attempts: 1/2
  - Final Error: [Errno 61] Connection refused

[2026-06-17 05:34:26] Processing supportmt2.forumeiro.net
  - Error on attempt 1: Connection Timed Out

[2026-06-17 05:34:26] PERMANENTLY FAILED: supportmt2.forumeiro.net
  - Attempts: 1/2
  - Final Error: Connection Timed Out

[2026-06-17 05:34:26] Processing fitnessmanagement.in
  - Error on attempt 1: [Errno 8] nodename nor servname provided, or not known

[2026-06-17 05:34:26] PERMANENTLY FAILED: fitnessmanagement.in
  - Attempts: 1/2
  - Final Error: [Errno 8] nodename nor servname provided, or not known

[2026-06-17 05:34:26] Processing ww12.brooklyntechsurvivors.com
  - Error on attempt 1: [Errno 8] nodename nor servname provided, or not known

[2026-06-17 05:34:26] PERMANENTLY FAILED: ww12.brooklyntechsurvivors.com
  - Attempts: 1/2
  - Final Error: [Errno 8] nodename nor servname provided, or not known

[2026-06-17 05:34:26] Processing c7c6bef9db704a39a3e208ec7593db29.plex.direct
  - Error on attempt 1: [Errno 8] nodename nor servname provided, or not known

[2026-06-17 05:34:26] PERMANENTLY FAILED: c7c6bef9db704a39a3e208ec7593db29.plex.direct
  - Attempts: 1/2
  - Final Error: [Errno 8] nodename nor servname provided, or not known

[2026-06-17 05:34:26] Processing 9ba9676f1f01466593f95b9a1881236c.plex.direct
  - Error on attempt 1: [Errno 8] nodename nor servname provided, or not known

[2026-06-17 05:34:26] PERMANENTLY FAILED: 9ba9676f1f01466593f95b9a1881236c.plex.direct
  - Attempts: 1/2
  - Final Error: [Errno 8] nodename nor servname provided, or not known

[2026-06-17 05:34:27] Processing home.carolinevej10.dk
  - Error on attempt 1: Connection Timed Out

[2026-06-17 05:34:27] PERMANENTLY FAILED: home.carolinevej10.dk
  - Attempts: 1/2
  - Final Error: Connection Timed Out

[2026-06-17 05:34:27] Processing d27243659004b7fa6b733278.netcraze.io
  - Error on attempt 1: [Errno 8] nodename nor servname provided, or not known

[2026-06-17 05:34:27] PERMANENTLY FAILED: d27243659004b7fa6b733278.netcraze.io
  - Attempts: 1/2
  - Final Error: [Errno 8] nodename nor servname provided, or not known

[2026-06-17 05:34:27] Processing ww16.racefuture.com
  - Error on attempt 1: [SSL: TLSV1_UNRECOGNIZED_NAME] tlsv1 unrecognized name (_ssl.c:1006)

[2026-06-17 05:34:27] PERMANENTLY FAILED: ww16.racefuture.com
  - Attempts: 1/2
  - Final Error: [SSL: TLSV1_UNRECOGNIZED_NAME] tlsv1 unrecognized name (_ssl.c:1006)

[2026-06-17 05:34:27] Processing admin.app.www.www.wwwportal.234cde3d.nip.io
  - Error on attempt 1: Connection Timed Out

[2026-06-17 05:34:27] PERMANENTLY FAILED: admin.app.www.www.wwwportal.234cde3d.nip.io
  - Attempts: 1/2
  - Final Error: Connection Timed Out

[2026-06-17 05:34:27] Processing admin.app.wwwwww.www.234cde3d.nip.io
  - Error on attempt 1: Connection Timed Out

[2026-06-17 05:34:27] PERMANENTLY FAILED: admin.app.wwwwww.www.234cde3d.nip.io
  - Attempts: 1/2
  - Final Error: Connection Timed Out

[2026-06-17 05:34:27] Processing drvpn.daenerys.fr
  - Error on attempt 1: Connection Timed Out

[2026-06-17 05:34:27] PERMANENTLY FAILED: drvpn.daenerys.fr
  - Attempts: 1/2
  - Final Error: Connection Timed Out

[2026-06-17 05:34:27] Processing 340878351-blog-test.na3.prod.hubspot-at-test.com
  - Error on attempt 1: [SSL: SSLV3_ALERT_HANDSHAKE_FAILURE] ssl/tls alert handshake failure (_ssl.c:1006)

[2026-06-17 05:34:27] PERMANENTLY FAILED: 340878351-blog-test.na3.prod.hubspot-at-test.com
  - Attempts: 1/2
  - Final Error: [SSL: SSLV3_ALERT_HANDSHAKE_FAILURE] ssl/tls alert handshake failure (_ssl.c:1006)

[2026-06-17 05:34:27] Processing awstats.peisze.com
  - Error on attempt 1: [Errno 8] nodename nor servname provided, or not known

[2026-06-17 05:34:27] PERMANENTLY FAILED: awstats.peisze.com
  - Attempts: 1/2
  - Final Error: [Errno 8] nodename nor servname provided, or not known

[2026-06-17 05:34:27] Processing microfocused.com
  - Error on attempt 1: [Errno 8] nodename nor servname provided, or not known

[2026-06-17 05:34:27] PERMANENTLY FAILED: microfocused.com
  - Attempts: 1/2
  - Final Error: [Errno 8] nodename nor servname provided, or not known

[2026-06-17 05:34:27] Processing 8ecd1ab9-5b5c-41e0-aa7a-c0b9bfa1ca25.cpks.de
  - Error on attempt 1: [Errno 8] nodename nor servname provided, or not known

[2026-06-17 05:34:27] PERMANENTLY FAILED: 8ecd1ab9-5b5c-41e0-aa7a-c0b9bfa1ca25.cpks.de
  - Attempts: 1/2
  - Final Error: [Errno 8] nodename nor servname provided, or not known

[2026-06-17 05:34:27] Processing stores.earlsandco.co.uk
  - Error on attempt 1: Connection Timed Out

[2026-06-17 05:34:27] PERMANENTLY FAILED: stores.earlsandco.co.uk
  - Attempts: 1/2
  - Final Error: Connection Timed Out

[2026-06-17 05:34:27] Processing secure.rubackyte.eu
  - Error on attempt 1: Connection Timed Out

[2026-06-17 05:34:27] PERMANENTLY FAILED: secure.rubackyte.eu
  - Attempts: 1/2
  - Final Error: Connection Timed Out

[2026-06-17 05:34:27] Processing redocly.devtt4.arsia.xyz
  - Error on attempt 1: [Errno 8] nodename nor servname provided, or not known

[2026-06-17 05:34:27] PERMANENTLY FAILED: redocly.devtt4.arsia.xyz
  - Attempts: 1/2
  - Final Error: [Errno 8] nodename nor servname provided, or not known

[2026-06-17 05:34:28] Processing 9d14e6b388735822638a7bdf.keenetic.io
  - Error on attempt 1: [Errno 8] nodename nor servname provided, or not known

[2026-06-17 05:34:28] PERMANENTLY FAILED: 9d14e6b388735822638a7bdf.keenetic.io
  - Attempts: 1/2
  - Final Error: [Errno 8] nodename nor servname provided, or not known

[2026-06-17 05:34:28] Processing secure.informationtechnologyeducation.com
  - Error on attempt 1: Connection Timed Out

[2026-06-17 05:34:28] PERMANENTLY FAILED: secure.informationtechnologyeducation.com
  - Attempts: 1/2
  - Final Error: Connection Timed Out

[2026-06-17 05:34:28] Processing relay.parcoaspromonte.it
  - Error on attempt 1: Connection Timed Out

[2026-06-17 05:34:28] PERMANENTLY FAILED: relay.parcoaspromonte.it
  - Attempts: 1/2
  - Final Error: Connection Timed Out

[2026-06-17 05:34:28] Processing forum.mcallister.com.au
  - Error on attempt 1: Connection Timed Out

[2026-06-17 05:34:28] PERMANENTLY FAILED: forum.mcallister.com.au
  - Attempts: 1/2
  - Final Error: Connection Timed Out

[2026-06-17 05:34:28] Processing remote.lymes.com
  - Error on attempt 1: Connection Timed Out

[2026-06-17 05:34:29] Processing emiratesbet871.com
  - Error on attempt 1: [Errno 8] nodename nor servname provided, or not known

[2026-06-17 05:34:29] PERMANENTLY FAILED: emiratesbet871.com
  - Attempts: 1/2
  - Final Error: [Errno 8] nodename nor servname provided, or not known

[2026-06-17 05:34:29] PERMANENTLY FAILED: remote.lymes.com
  - Attempts: 1/2
  - Final Error: Connection Timed Out

[2026-06-17 05:34:29] Processing 8oltoy25.workers.dev
  - Error on attempt 1: [Errno 8] nodename nor servname provided, or not known

[2026-06-17 05:34:29] PERMANENTLY FAILED: 8oltoy25.workers.dev
  - Attempts: 1/2
  - Final Error: [Errno 8] nodename nor servname provided, or not known

[2026-06-17 05:34:29] Processing thekamelgroup.com
  - Error on attempt 1: [Errno 8] nodename nor servname provided, or not known

[2026-06-17 05:34:29] PERMANENTLY FAILED: thekamelgroup.com
  - Attempts: 1/2
  - Final Error: [Errno 8] nodename nor servname provided, or not known

[2026-06-17 05:34:29] Processing psloveshoes.com
  - Error on attempt 1: [Errno 61] Connection refused

[2026-06-17 05:34:29] PERMANENTLY FAILED: psloveshoes.com
  - Attempts: 1/2
  - Final Error: [Errno 61] Connection refused

[2026-06-17 05:34:29] Processing cardmakinghd.com
  - Error on attempt 1: [Errno 61] Connection refused

[2026-06-17 05:34:29] PERMANENTLY FAILED: cardmakinghd.com
  - Attempts: 1/2
  - Final Error: [Errno 61] Connection refused

[2026-06-17 05:34:29] Processing ft2vcjdfsm.workers.dev
  - Error on attempt 1: [Errno 8] nodename nor servname provided, or not known

[2026-06-17 05:34:29] PERMANENTLY FAILED: ft2vcjdfsm.workers.dev
  - Attempts: 1/2
  - Final Error: [Errno 8] nodename nor servname provided, or not known

[2026-06-17 05:34:29] Processing api.j.sakuraon.top
  - Error on attempt 1: [Errno 8] nodename nor servname provided, or not known

[2026-06-17 05:34:29] PERMANENTLY FAILED: api.j.sakuraon.top
  - Attempts: 1/2
  - Final Error: [Errno 8] nodename nor servname provided, or not known

[2026-06-17 05:34:29] Processing lhistoryw.workers.dev
  - Error on attempt 1: [Errno 8] nodename nor servname provided, or not known

[2026-06-17 05:34:29] PERMANENTLY FAILED: lhistoryw.workers.dev
  - Attempts: 1/2
  - Final Error: [Errno 8] nodename nor servname provided, or not known

[2026-06-17 05:34:29] Processing dev.www.bull.qa
  - Error on attempt 1: [Errno 8] nodename nor servname provided, or not known

[2026-06-17 05:34:29] PERMANENTLY FAILED: dev.www.bull.qa
  - Attempts: 1/2
  - Final Error: [Errno 8] nodename nor servname provided, or not known

[2026-06-17 05:34:29] Processing cdc.sesalis.com
  - Error on attempt 1: Connection Timed Out

[2026-06-17 05:34:29] PERMANENTLY FAILED: cdc.sesalis.com
  - Attempts: 1/2
  - Final Error: Connection Timed Out

[2026-06-17 05:34:29] Processing korset-live.kz
  - Error on attempt 1: [Errno 8] nodename nor servname provided, or not known

[2026-06-17 05:34:29] PERMANENTLY FAILED: korset-live.kz
  - Attempts: 1/2
  - Final Error: [Errno 8] nodename nor servname provided, or not known

[2026-06-17 05:34:30] Processing rds1.kayfa.com
  - Error on attempt 1: Connection Timed Out

[2026-06-17 05:34:30] PERMANENTLY FAILED: rds1.kayfa.com
  - Attempts: 1/2
  - Final Error: Connection Timed Out

[2026-06-17 05:34:30] Processing remote.thepatchery.com
  - Error on attempt 1: Connection Timed Out

[2026-06-17 05:34:30] PERMANENTLY FAILED: remote.thepatchery.com
  - Attempts: 1/2
  - Final Error: Connection Timed Out

[2026-06-17 05:34:30] Processing dh.zngbekjge.one
  - Error on attempt 1: [Errno 8] nodename nor servname provided, or not known

[2026-06-17 05:34:30] PERMANENTLY FAILED: dh.zngbekjge.one
  - Attempts: 1/2
  - Final Error: [Errno 8] nodename nor servname provided, or not known

[2026-06-17 05:34:30] Processing 192-168-2-32.7mlm47pf6h4.ddns.manage.alta.inc
  - Error on attempt 1: Connection Timed Out

[2026-06-17 05:34:30] PERMANENTLY FAILED: 192-168-2-32.7mlm47pf6h4.ddns.manage.alta.inc
  - Attempts: 1/2
  - Final Error: Connection Timed Out

[2026-06-17 05:34:30] Processing azure2.balneariocamboriu.com
  - Error on attempt 1: [SSL: TLSV1_UNRECOGNIZED_NAME] tlsv1 unrecognized name (_ssl.c:1006)

[2026-06-17 05:34:30] PERMANENTLY FAILED: azure2.balneariocamboriu.com
  - Attempts: 1/2
  - Final Error: [SSL: TLSV1_UNRECOGNIZED_NAME] tlsv1 unrecognized name (_ssl.c:1006)

[2026-06-17 05:34:30] Processing falconam.com
  - Error on attempt 1: [Errno 61] Connection refused

[2026-06-17 05:34:30] PERMANENTLY FAILED: falconam.com
  - Attempts: 1/2
  - Final Error: [Errno 61] Connection refused

[2026-06-17 05:34:30] Processing criticalpointreeds.online
  - Error on attempt 1: [Errno 8] nodename nor servname provided, or not known

[2026-06-17 05:34:30] PERMANENTLY FAILED: criticalpointreeds.online
  - Attempts: 1/2
  - Final Error: [Errno 8] nodename nor servname provided, or not known

[2026-06-17 05:34:31] Processing ww38.vaida.bet
  - Error on attempt 1: [Errno 8] nodename nor servname provided, or not known

[2026-06-17 05:34:31] PERMANENTLY FAILED: ww38.vaida.bet
  - Attempts: 1/2
  - Final Error: [Errno 8] nodename nor servname provided, or not known

[2026-06-17 05:34:31] Processing 12.westhaferconstruction.com
  - Error on attempt 1: Connection Timed Out

[2026-06-17 05:34:31] PERMANENTLY FAILED: 12.westhaferconstruction.com
  - Attempts: 1/2
  - Final Error: Connection Timed Out

[2026-06-17 05:34:31] Processing familyofficehealthinsurance.com
  - Error on attempt 1: [Errno 61] Connection refused

[2026-06-17 05:34:31] PERMANENTLY FAILED: familyofficehealthinsurance.com
  - Attempts: 1/2
  - Final Error: [Errno 61] Connection refused

[2026-06-17 05:34:31] Processing api.da.ny.ny.discord.tattoo
  - Error on attempt 1: [Errno 8] nodename nor servname provided, or not known

[2026-06-17 05:34:31] PERMANENTLY FAILED: api.da.ny.ny.discord.tattoo
  - Attempts: 1/2
  - Final Error: [Errno 8] nodename nor servname provided, or not known

[2026-06-17 05:34:31] Processing sslvpn.superahorros.com
  - Error on attempt 1: Connection Timed Out

[2026-06-17 05:34:31] PERMANENTLY FAILED: sslvpn.superahorros.com
  - Attempts: 1/2
  - Final Error: Connection Timed Out

[2026-06-17 05:34:31] Processing back.devtt4.arsia.xyz
  - Error on attempt 1: [Errno 8] nodename nor servname provided, or not known

[2026-06-17 05:34:31] PERMANENTLY FAILED: back.devtt4.arsia.xyz
  - Attempts: 1/2
  - Final Error: [Errno 8] nodename nor servname provided, or not known

[2026-06-17 05:34:32] Processing amandacdovel.workers.dev
  - Error on attempt 1: [Errno 8] nodename nor servname provided, or not known

[2026-06-17 05:34:32] PERMANENTLY FAILED: amandacdovel.workers.dev
  - Attempts: 1/2
  - Final Error: [Errno 8] nodename nor servname provided, or not known

[2026-06-17 05:34:32] Processing ww25.sitemaps.paulinhoautomoveis.com
  - Error on attempt 1: [Errno 8] nodename nor servname provided, or not known

[2026-06-17 05:34:32] PERMANENTLY FAILED: ww25.sitemaps.paulinhoautomoveis.com
  - Attempts: 1/2
  - Final Error: [Errno 8] nodename nor servname provided, or not known

[2026-06-17 05:34:32] Processing whai.store
  - Error on attempt 1: [Errno 8] nodename nor servname provided, or not known

[2026-06-17 05:34:32] PERMANENTLY FAILED: whai.store
  - Attempts: 1/2
  - Final Error: [Errno 8] nodename nor servname provided, or not known

[2026-06-17 05:34:32] Processing synoinstall-blg49zfrehbux40t.direct.quickconnect.to
  - Error on attempt 1: [Errno 8] nodename nor servname provided, or not known

[2026-06-17 05:34:32] PERMANENTLY FAILED: synoinstall-blg49zfrehbux40t.direct.quickconnect.to
  - Attempts: 1/2
  - Final Error: [Errno 8] nodename nor servname provided, or not known

[2026-06-17 05:34:32] Processing globalprotect.aslat.it
  - Error on attempt 1: [Errno 8] nodename nor servname provided, or not known

[2026-06-17 05:34:32] PERMANENTLY FAILED: globalprotect.aslat.it
  - Attempts: 1/2
  - Final Error: [Errno 8] nodename nor servname provided, or not known

[2026-06-17 05:34:33] Processing www-24540450.eu1.prod.hubspot-at-test.com
  - Error on attempt 1: [SSL: SSLV3_ALERT_HANDSHAKE_FAILURE] ssl/tls alert handshake failure (_ssl.c:1006)

[2026-06-17 05:34:33] PERMANENTLY FAILED: www-24540450.eu1.prod.hubspot-at-test.com
  - Attempts: 1/2
  - Final Error: [SSL: SSLV3_ALERT_HANDSHAKE_FAILURE] ssl/tls alert handshake failure (_ssl.c:1006)

[2026-06-17 05:34:33] Processing 930218ca-2f1e-4859-bea7-cbd6f00d2b1e.tryghansa.se
  - Error on attempt 1: [SSL: UNEXPECTED_EOF_WHILE_READING] EOF occurred in violation of protocol (_ssl.c:1006)

[2026-06-17 05:34:33] PERMANENTLY FAILED: 930218ca-2f1e-4859-bea7-cbd6f00d2b1e.tryghansa.se
  - Attempts: 1/2
  - Final Error: [SSL: UNEXPECTED_EOF_WHILE_READING] EOF occurred in violation of protocol (_ssl.c:1006)

[2026-06-17 05:34:33] Processing fiskewhitephoto.com
  - Error on attempt 1: [SSL: TLSV1_ALERT_INTERNAL_ERROR] tlsv1 alert internal error (_ssl.c:1006)

[2026-06-17 05:34:33] PERMANENTLY FAILED: fiskewhitephoto.com
  - Attempts: 1/2
  - Final Error: [SSL: TLSV1_ALERT_INTERNAL_ERROR] tlsv1 alert internal error (_ssl.c:1006)

[2026-06-17 05:34:33] Processing ww16.remote.veteranslandboard.com
  - Error on attempt 1: [Errno 61] Connection refused

[2026-06-17 05:34:33] PERMANENTLY FAILED: ww16.remote.veteranslandboard.com
  - Attempts: 1/2
  - Final Error: [Errno 61] Connection refused

[2026-06-17 05:34:33] Processing studio78.sbs
  - Error on attempt 1: [Errno 8] nodename nor servname provided, or not known

[2026-06-17 05:34:33] PERMANENTLY FAILED: studio78.sbs
  - Attempts: 1/2
  - Final Error: [Errno 8] nodename nor servname provided, or not known

[2026-06-17 05:34:33] Processing admin.www.cloud.brittleprinting.com
  - Error on attempt 1: [SSL: UNEXPECTED_EOF_WHILE_READING] EOF occurred in violation of protocol (_ssl.c:1006)

[2026-06-17 05:34:33] PERMANENTLY FAILED: admin.www.cloud.brittleprinting.com
  - Attempts: 1/2
  - Final Error: [SSL: UNEXPECTED_EOF_WHILE_READING] EOF occurred in violation of protocol (_ssl.c:1006)

[2026-06-17 05:34:34] Processing svpnph.aslat.it
  - Error on attempt 1: [Errno 8] nodename nor servname provided, or not known

[2026-06-17 05:34:34] PERMANENTLY FAILED: svpnph.aslat.it
  - Attempts: 1/2
  - Final Error: [Errno 8] nodename nor servname provided, or not known

[2026-06-17 05:34:34] Processing db21c19d.sni.cloudflaressl.com
  - Error on attempt 1: [SSL: SSLV3_ALERT_HANDSHAKE_FAILURE] ssl/tls alert handshake failure (_ssl.c:1006)

[2026-06-17 05:34:34] PERMANENTLY FAILED: db21c19d.sni.cloudflaressl.com
  - Attempts: 1/2
  - Final Error: [SSL: SSLV3_ALERT_HANDSHAKE_FAILURE] ssl/tls alert handshake failure (_ssl.c:1006)

[2026-06-17 05:34:34] Processing smtp.korep.cz
  - Error on attempt 1: Connection Timed Out

[2026-06-17 05:34:34] PERMANENTLY FAILED: smtp.korep.cz
  - Attempts: 1/2
  - Final Error: Connection Timed Out

[2026-06-17 05:34:35] Processing gateway.daenerys.fr
  - Error on attempt 1: Connection Timed Out

[2026-06-17 05:34:35] PERMANENTLY FAILED: gateway.daenerys.fr
  - Attempts: 1/2
  - Final Error: Connection Timed Out

[2026-06-17 05:34:35] Processing chat.sneakerrecycler.com
  - Error on attempt 1: [Errno 8] nodename nor servname provided, or not known

[2026-06-17 05:34:35] PERMANENTLY FAILED: chat.sneakerrecycler.com
  - Attempts: 1/2
  - Final Error: [Errno 8] nodename nor servname provided, or not known

[2026-06-17 05:34:35] Processing acsarweb.gotaland.com
  - Error on attempt 1: [SSL: TLSV1_UNRECOGNIZED_NAME] tlsv1 unrecognized name (_ssl.c:1006)

[2026-06-17 05:34:35] PERMANENTLY FAILED: acsarweb.gotaland.com
  - Attempts: 1/2
  - Final Error: [SSL: TLSV1_UNRECOGNIZED_NAME] tlsv1 unrecognized name (_ssl.c:1006)

[2026-06-17 05:34:35] Processing help.mcallister.com.au
  - Error on attempt 1: Connection Timed Out

[2026-06-17 05:34:35] PERMANENTLY FAILED: help.mcallister.com.au
  - Attempts: 1/2
  - Final Error: Connection Timed Out

[2026-06-17 05:34:35] Processing 114.lol
  - Error on attempt 1: [Errno 8] nodename nor servname provided, or not known

[2026-06-17 05:34:35] PERMANENTLY FAILED: 114.lol
  - Attempts: 1/2
  - Final Error: [Errno 8] nodename nor servname provided, or not known

[2026-06-17 05:34:35] Processing cmk53h81f1wb501jkq2cwf1vx.vx.astronomer-stage.run
  - Error on attempt 1: [Errno 8] nodename nor servname provided, or not known

[2026-06-17 05:34:35] PERMANENTLY FAILED: cmk53h81f1wb501jkq2cwf1vx.vx.astronomer-stage.run
  - Attempts: 1/2
  - Final Error: [Errno 8] nodename nor servname provided, or not known

[2026-06-17 05:34:35] Processing adrian1980.direct.quickconnect.to
  - Error on attempt 1: [Errno 8] nodename nor servname provided, or not known

[2026-06-17 05:34:35] PERMANENTLY FAILED: adrian1980.direct.quickconnect.to
  - Attempts: 1/2
  - Final Error: [Errno 8] nodename nor servname provided, or not known

[2026-06-17 05:34:35] Processing delico.sb360.ir
  - Error on attempt 1: [Errno 8] nodename nor servname provided, or not known

[2026-06-17 05:34:35] PERMANENTLY FAILED: delico.sb360.ir
  - Attempts: 1/2
  - Final Error: [Errno 8] nodename nor servname provided, or not known

[2026-06-17 05:34:35] Processing dev.shestakovfoto.viewbook.com
  - Error on attempt 1: [SSL: TLSV1_ALERT_INTERNAL_ERROR] tlsv1 alert internal error (_ssl.c:1006)

[2026-06-17 05:34:35] PERMANENTLY FAILED: dev.shestakovfoto.viewbook.com
  - Attempts: 1/2
  - Final Error: [SSL: TLSV1_ALERT_INTERNAL_ERROR] tlsv1 alert internal error (_ssl.c:1006)

[2026-06-17 05:34:36] Processing test.app.www.www.www.www.www.234cde3d.nip.io
  - Error on attempt 1: Connection Timed Out

[2026-06-17 05:34:36] PERMANENTLY FAILED: test.app.www.www.www.www.www.234cde3d.nip.io
  - Attempts: 1/2
  - Final Error: Connection Timed Out

[2026-06-17 05:34:36] Processing emv1.savato.com
  - Error on attempt 1: [Errno 8] nodename nor servname provided, or not known

[2026-06-17 05:34:36] PERMANENTLY FAILED: emv1.savato.com
  - Attempts: 1/2
  - Final Error: [Errno 8] nodename nor servname provided, or not known

[2026-06-17 05:34:36] Processing conqueraconsulting.com.103-160-106-28.cpanel.site
  - Error on attempt 1: Connection Timed Out

[2026-06-17 05:34:36] PERMANENTLY FAILED: conqueraconsulting.com.103-160-106-28.cpanel.site
  - Attempts: 1/2
  - Final Error: Connection Timed Out

[2026-06-17 05:34:36] Processing m.televisionenterprise.com
  - Error on attempt 1: Connection Timed Out

[2026-06-17 05:34:36] PERMANENTLY FAILED: m.televisionenterprise.com
  - Attempts: 1/2
  - Final Error: Connection Timed Out

[2026-06-17 05:34:36] Processing vcbgjdashboard.superfreeks.com
  - Error on attempt 1: Connection Timed Out

[2026-06-17 05:34:36] PERMANENTLY FAILED: vcbgjdashboard.superfreeks.com
  - Attempts: 1/2
  - Final Error: Connection Timed Out

[2026-06-17 05:34:36] Processing albinatube.com
  - Error on attempt 1: [Errno 8] nodename nor servname provided, or not known

[2026-06-17 05:34:36] PERMANENTLY FAILED: albinatube.com
  - Attempts: 1/2
  - Final Error: [Errno 8] nodename nor servname provided, or not known

[2026-06-17 05:34:37] Processing design.augenlaserklinik.com
  - Error on attempt 1: Connection Timed Out

[2026-06-17 05:34:37] PERMANENTLY FAILED: design.augenlaserklinik.com
  - Attempts: 1/2
  - Final Error: Connection Timed Out

[2026-06-17 05:34:37] Processing app.urbanenailsandspa.com
  - Error on attempt 1: Connection Timed Out

[2026-06-17 05:34:37] PERMANENTLY FAILED: app.urbanenailsandspa.com
  - Attempts: 1/2
  - Final Error: Connection Timed Out

[2026-06-17 05:34:37] Processing hostmaster.televisionenterprise.com
  - Error on attempt 1: Connection Timed Out

[2026-06-17 05:34:37] PERMANENTLY FAILED: hostmaster.televisionenterprise.com
  - Attempts: 1/2
  - Final Error: Connection Timed Out

[2026-06-17 05:34:37] Processing thefilm-collective.com
  - Error on attempt 1: [Errno 8] nodename nor servname provided, or not known

[2026-06-17 05:34:37] PERMANENTLY FAILED: thefilm-collective.com
  - Attempts: 1/2
  - Final Error: [Errno 8] nodename nor servname provided, or not known

[2026-06-17 05:34:37] Processing connect-analitik.augenlaserklinik.com
  - Error on attempt 1: Connection Timed Out

[2026-06-17 05:34:37] PERMANENTLY FAILED: connect-analitik.augenlaserklinik.com
  - Attempts: 1/2
  - Final Error: Connection Timed Out

[2026-06-17 05:34:37] Processing dwlakportal.nyflaw.com
  - Error on attempt 1: Connection Timed Out

[2026-06-17 05:34:37] PERMANENTLY FAILED: dwlakportal.nyflaw.com
  - Attempts: 1/2
  - Final Error: Connection Timed Out

[2026-06-17 05:34:37] Processing backup.peisze.com
  - Error on attempt 1: [Errno 8] nodename nor servname provided, or not known

[2026-06-17 05:34:37] PERMANENTLY FAILED: backup.peisze.com
  - Attempts: 1/2
  - Final Error: [Errno 8] nodename nor servname provided, or not known

[2026-06-17 05:34:37] Processing e57f7aee71a1ff0acbd54c2e.keenetic.io
  - Error on attempt 1: [Errno 8] nodename nor servname provided, or not known

[2026-06-17 05:34:37] PERMANENTLY FAILED: e57f7aee71a1ff0acbd54c2e.keenetic.io
  - Attempts: 1/2
  - Final Error: [Errno 8] nodename nor servname provided, or not known

[2026-06-17 05:34:37] Processing preview.pr-5493.cerosdev.site
  - Error on attempt 1: [SSL: SSLV3_ALERT_HANDSHAKE_FAILURE] ssl/tls alert handshake failure (_ssl.c:1006)

[2026-06-17 05:34:37] PERMANENTLY FAILED: preview.pr-5493.cerosdev.site
  - Attempts: 1/2
  - Final Error: [SSL: SSLV3_ALERT_HANDSHAKE_FAILURE] ssl/tls alert handshake failure (_ssl.c:1006)

[2026-06-17 05:34:37] Processing admin.mail.vdbmetaalbewerking.nl
  - Error on attempt 1: [SSL: TLSV1_ALERT_INTERNAL_ERROR] tlsv1 alert internal error (_ssl.c:1006)

[2026-06-17 05:34:37] PERMANENTLY FAILED: admin.mail.vdbmetaalbewerking.nl
  - Attempts: 1/2
  - Final Error: [SSL: TLSV1_ALERT_INTERNAL_ERROR] tlsv1 alert internal error (_ssl.c:1006)

[2026-06-17 05:34:37] Processing asiawremote.smartphonegewinnen.de
  - Error on attempt 1: Connection Timed Out

[2026-06-17 05:34:37] PERMANENTLY FAILED: asiawremote.smartphonegewinnen.de
  - Attempts: 1/2
  - Final Error: Connection Timed Out

[2026-06-17 05:34:37] Processing nsqloapp.reifenauktionen.de
  - Error on attempt 1: [Errno 8] nodename nor servname provided, or not known

[2026-06-17 05:34:37] PERMANENTLY FAILED: nsqloapp.reifenauktionen.de
  - Attempts: 1/2
  - Final Error: [Errno 8] nodename nor servname provided, or not known

[2026-06-17 05:34:37] Processing demo.blog.himanchestercentralpark.test.innfinitehospitality.co.uk
  - Error on attempt 1: Connection Timed Out

[2026-06-17 05:34:37] PERMANENTLY FAILED: demo.blog.himanchestercentralpark.test.innfinitehospitality.co.uk
  - Attempts: 1/2
  - Final Error: Connection Timed Out

[2026-06-17 05:34:37] Processing ww16.test01.wwwredtuve.com
  - Error on attempt 1: [Errno 61] Connection refused

[2026-06-17 05:34:37] PERMANENTLY FAILED: ww16.test01.wwwredtuve.com
  - Attempts: 1/2
  - Final Error: [Errno 61] Connection refused

[2026-06-17 05:34:37] Processing acceso.kaekel.com
  - Error on attempt 1: Connection Timed Out

[2026-06-17 05:34:37] PERMANENTLY FAILED: acceso.kaekel.com
  - Attempts: 1/2
  - Final Error: Connection Timed Out

[2026-06-17 05:34:38] Processing api.do-more.de
  - Error on attempt 1: [SSL: TLSV1_ALERT_INTERNAL_ERROR] tlsv1 alert internal error (_ssl.c:1006)

[2026-06-17 05:34:38] PERMANENTLY FAILED: api.do-more.de
  - Attempts: 1/2
  - Final Error: [SSL: TLSV1_ALERT_INTERNAL_ERROR] tlsv1 alert internal error (_ssl.c:1006)

[2026-06-17 05:34:38] Processing abdullahfashionwear.com
  - Error on attempt 1: [Errno 8] nodename nor servname provided, or not known

[2026-06-17 05:34:38] PERMANENTLY FAILED: abdullahfashionwear.com
  - Attempts: 1/2
  - Final Error: [Errno 8] nodename nor servname provided, or not known

[2026-06-17 05:34:38] Processing test.j.sakuraon.top
  - Error on attempt 1: [Errno 8] nodename nor servname provided, or not known

[2026-06-17 05:34:38] PERMANENTLY FAILED: test.j.sakuraon.top
  - Attempts: 1/2
  - Final Error: [Errno 8] nodename nor servname provided, or not known

[2026-06-17 05:34:39] Processing mduwlhome.adcamp.cz
  - Error on attempt 1: Connection Timed Out

[2026-06-17 05:34:39] PERMANENTLY FAILED: mduwlhome.adcamp.cz
  - Attempts: 1/2
  - Final Error: Connection Timed Out

[2026-06-17 05:34:39] Processing mail.cashlesssex.com
  - Error on attempt 1: [SSL: TLSV1_ALERT_INTERNAL_ERROR] tlsv1 alert internal error (_ssl.c:1006)

[2026-06-17 05:34:39] PERMANENTLY FAILED: mail.cashlesssex.com
  - Attempts: 1/2
  - Final Error: [SSL: TLSV1_ALERT_INTERNAL_ERROR] tlsv1 alert internal error (_ssl.c:1006)

[2026-06-17 05:34:39] Processing prelogon.moveat.com
  - Error on attempt 1: [SSL: TLSV1_UNRECOGNIZED_NAME] tlsv1 unrecognized name (_ssl.c:1006)

[2026-06-17 05:34:39] PERMANENTLY FAILED: prelogon.moveat.com
  - Attempts: 1/2
  - Final Error: [SSL: TLSV1_UNRECOGNIZED_NAME] tlsv1 unrecognized name (_ssl.c:1006)

[2026-06-17 05:34:39] Processing internet.vabex.com
  - Error on attempt 1: [SSL: TLSV1_UNRECOGNIZED_NAME] tlsv1 unrecognized name (_ssl.c:1006)

[2026-06-17 05:34:39] PERMANENTLY FAILED: internet.vabex.com
  - Attempts: 1/2
  - Final Error: [SSL: TLSV1_UNRECOGNIZED_NAME] tlsv1 unrecognized name (_ssl.c:1006)

[2026-06-17 05:34:40] Processing k.brevi.com
  - Error on attempt 1: Connection Timed Out

[2026-06-17 05:34:40] PERMANENTLY FAILED: k.brevi.com
  - Attempts: 1/2
  - Final Error: Connection Timed Out

[2026-06-17 05:34:40] Processing api.jrpsften.49-12-111-90.plesk.page
  - Error on attempt 1: [Errno 61] Connection refused

[2026-06-17 05:34:40] PERMANENTLY FAILED: api.jrpsften.49-12-111-90.plesk.page
  - Attempts: 1/2
  - Final Error: [Errno 61] Connection refused

[2026-06-17 05:34:40] Processing jenkins.skmlabs.net
  - Error on attempt 1: [Errno 8] nodename nor servname provided, or not known

[2026-06-17 05:34:40] PERMANENTLY FAILED: jenkins.skmlabs.net
  - Attempts: 1/2
  - Final Error: [Errno 8] nodename nor servname provided, or not known

[2026-06-17 05:34:40] Processing webmail.myvare.de
  - Error on attempt 1: Connection Timed Out

[2026-06-17 05:34:40] PERMANENTLY FAILED: webmail.myvare.de
  - Attempts: 1/2
  - Final Error: Connection Timed Out

[2026-06-17 05:34:40] Processing nuget.xsd2code.com
  - Error on attempt 1: [Errno 51] Network is unreachable

[2026-06-17 05:34:40] PERMANENTLY FAILED: nuget.xsd2code.com
  - Attempts: 1/2
  - Final Error: [Errno 51] Network is unreachable

[2026-06-17 05:34:40] Processing admin.aarpcreditcards.com
  - Error on attempt 1: Connection Timed Out

[2026-06-17 05:34:40] PERMANENTLY FAILED: admin.aarpcreditcards.com
  - Attempts: 1/2
  - Final Error: Connection Timed Out

[2026-06-17 05:34:40] Processing c589172115ddaf110fcd6189.keenetic.io
  - Error on attempt 1: [Errno 8] nodename nor servname provided, or not known

[2026-06-17 05:34:40] PERMANENTLY FAILED: c589172115ddaf110fcd6189.keenetic.io
  - Attempts: 1/2
  - Final Error: [Errno 8] nodename nor servname provided, or not known

[2026-06-17 05:34:40] Processing ftp.gardentransformation.com
  - Error on attempt 1: [Errno 8] nodename nor servname provided, or not known

[2026-06-17 05:34:40] PERMANENTLY FAILED: ftp.gardentransformation.com
  - Attempts: 1/2
  - Final Error: [Errno 8] nodename nor servname provided, or not known

[2026-06-17 05:34:41] Processing inst.stellargenixp-s.com
  - Error on attempt 1: [Errno 8] nodename nor servname provided, or not known

[2026-06-17 05:34:41] PERMANENTLY FAILED: inst.stellargenixp-s.com
  - Attempts: 1/2
  - Final Error: [Errno 8] nodename nor servname provided, or not known

[2026-06-17 05:34:41] Processing southeastern.drive.su
  - Error on attempt 1: Connection Timed Out

[2026-06-17 05:34:41] PERMANENTLY FAILED: southeastern.drive.su
  - Attempts: 1/2
  - Final Error: Connection Timed Out

[2026-06-17 05:34:41] Processing store.mcallister.com.au
  - Error on attempt 1: Connection Timed Out

[2026-06-17 05:34:41] PERMANENTLY FAILED: store.mcallister.com.au
  - Attempts: 1/2
  - Final Error: Connection Timed Out

[2026-06-17 05:34:41] Processing www3.televisionenterprise.com
  - Error on attempt 1: Connection Timed Out

[2026-06-17 05:34:41] PERMANENTLY FAILED: www3.televisionenterprise.com
  - Attempts: 1/2
  - Final Error: Connection Timed Out

[2026-06-17 05:34:41] Processing broker.parasoftparagliding.com
  - Error on attempt 1: Connection Timed Out

[2026-06-17 05:34:41] PERMANENTLY FAILED: broker.parasoftparagliding.com
  - Attempts: 1/2
  - Final Error: Connection Timed Out

[2026-06-17 05:34:41] Processing autodiscover.shampower.shop
  - Error on attempt 1: Connection Timed Out

[2026-06-17 05:34:41] PERMANENTLY FAILED: autodiscover.shampower.shop
  - Attempts: 1/2
  - Final Error: Connection Timed Out

[2026-06-17 05:34:41] Processing ww31.131146.thefutureis.digital
  - Error on attempt 1: [Errno 8] nodename nor servname provided, or not known

[2026-06-17 05:34:41] PERMANENTLY FAILED: ww31.131146.thefutureis.digital
  - Attempts: 1/2
  - Final Error: [Errno 8] nodename nor servname provided, or not known

[2026-06-17 05:34:41] Processing test.jrpsften.49-12-111-90.plesk.page
  - Error on attempt 1: [Errno 61] Connection refused

[2026-06-17 05:34:41] PERMANENTLY FAILED: test.jrpsften.49-12-111-90.plesk.page
  - Attempts: 1/2
  - Final Error: [Errno 61] Connection refused

[2026-06-17 05:34:41] Processing yaserstore.com
  - Error on attempt 1: [Errno 8] nodename nor servname provided, or not known

[2026-06-17 05:34:41] PERMANENTLY FAILED: yaserstore.com
  - Attempts: 1/2
  - Final Error: [Errno 8] nodename nor servname provided, or not known

[2026-06-17 05:34:41] Processing itkit.ae
  - Error on attempt 1: [Errno 8] nodename nor servname provided, or not known

[2026-06-17 05:34:41] PERMANENTLY FAILED: itkit.ae
  - Attempts: 1/2
  - Final Error: [Errno 8] nodename nor servname provided, or not known

[2026-06-17 05:34:41] Processing zmail.webnew.de
  - Error on attempt 1: [Errno 8] nodename nor servname provided, or not known

[2026-06-17 05:34:41] PERMANENTLY FAILED: zmail.webnew.de
  - Attempts: 1/2
  - Final Error: [Errno 8] nodename nor servname provided, or not known

[2026-06-17 05:34:41] Processing dev.jrpsften.49-12-111-90.plesk.page
  - Error on attempt 1: [Errno 61] Connection refused

[2026-06-17 05:34:41] PERMANENTLY FAILED: dev.jrpsften.49-12-111-90.plesk.page
  - Attempts: 1/2
  - Final Error: [Errno 61] Connection refused

[2026-06-17 05:34:41] Processing temp.infomeeting.com
  - Error on attempt 1: [SSL: TLSV1_UNRECOGNIZED_NAME] tlsv1 unrecognized name (_ssl.c:1006)

[2026-06-17 05:34:41] PERMANENTLY FAILED: temp.infomeeting.com
  - Attempts: 1/2
  - Final Error: [SSL: TLSV1_UNRECOGNIZED_NAME] tlsv1 unrecognized name (_ssl.c:1006)

[2026-06-17 05:34:42] Processing top-haixingtiyu.net
  - Error on attempt 1: [Errno 8] nodename nor servname provided, or not known

[2026-06-17 05:34:42] PERMANENTLY FAILED: top-haixingtiyu.net
  - Attempts: 1/2
  - Final Error: [Errno 8] nodename nor servname provided, or not known

[2026-06-17 05:34:42] Processing hrybztsp.akwam.im
  - Error on attempt 1: [Errno 8] nodename nor servname provided, or not known

[2026-06-17 05:34:42] PERMANENTLY FAILED: hrybztsp.akwam.im
  - Attempts: 1/2
  - Final Error: [Errno 8] nodename nor servname provided, or not known

[2026-06-17 05:34:42] Processing test.app.elitejourneyguides.live
  - Error on attempt 1: Connection Timed Out

[2026-06-17 05:34:42] PERMANENTLY FAILED: test.app.elitejourneyguides.live
  - Attempts: 1/2
  - Final Error: Connection Timed Out

[2026-06-17 05:34:42] Processing mobile.relations.ro
  - Error on attempt 1: Connection Timed Out

[2026-06-17 05:34:42] PERMANENTLY FAILED: mobile.relations.ro
  - Attempts: 1/2
  - Final Error: Connection Timed Out

[2026-06-17 05:34:42] Processing ldastl.store
  - Error on attempt 1: [Errno 61] Connection refused

[2026-06-17 05:34:42] PERMANENTLY FAILED: ldastl.store
  - Attempts: 1/2
  - Final Error: [Errno 61] Connection refused

[2026-06-17 05:34:43] Processing kv3wbueisjwwzr7bbuuc.device.stripe-terminal-local-reader.net
  - Error on attempt 1: [Errno 8] nodename nor servname provided, or not known

[2026-06-17 05:34:43] PERMANENTLY FAILED: kv3wbueisjwwzr7bbuuc.device.stripe-terminal-local-reader.net
  - Attempts: 1/2
  - Final Error: [Errno 8] nodename nor servname provided, or not known

[2026-06-17 05:34:43] Processing tipsdewatogelrtp.cyou
  - Error on attempt 1: [Errno 8] nodename nor servname provided, or not known

[2026-06-17 05:34:43] PERMANENTLY FAILED: tipsdewatogelrtp.cyou
  - Attempts: 1/2
  - Final Error: [Errno 8] nodename nor servname provided, or not known

[2026-06-17 05:34:43] Processing zabbix.fifthecho.net
  - Error on attempt 1: [Errno 8] nodename nor servname provided, or not known

[2026-06-17 05:34:43] PERMANENTLY FAILED: zabbix.fifthecho.net
  - Attempts: 1/2
  - Final Error: [Errno 8] nodename nor servname provided, or not known

[2026-06-17 05:34:43] Processing lgbtfallschurch.com
  - Error on attempt 1: Connection Timed Out

[2026-06-17 05:34:43] PERMANENTLY FAILED: lgbtfallschurch.com
  - Attempts: 1/2
  - Final Error: Connection Timed Out

[2026-06-17 05:34:44] Processing d08603678e17d0cd47e16fb8.keenetic.io
  - Error on attempt 1: [Errno 8] nodename nor servname provided, or not known

[2026-06-17 05:34:44] PERMANENTLY FAILED: d08603678e17d0cd47e16fb8.keenetic.io
  - Attempts: 1/2
  - Final Error: [Errno 8] nodename nor servname provided, or not known

[2026-06-17 05:34:44] Processing vyos71bqty6ed0k0bu.workers.dev
  - Error on attempt 1: [Errno 8] nodename nor servname provided, or not known

[2026-06-17 05:34:44] PERMANENTLY FAILED: vyos71bqty6ed0k0bu.workers.dev
  - Attempts: 1/2
  - Final Error: [Errno 8] nodename nor servname provided, or not known

[2026-06-17 05:34:44] Processing cs.dapaul.com
  - Error on attempt 1: [Errno 8] nodename nor servname provided, or not known

[2026-06-17 05:34:44] PERMANENTLY FAILED: cs.dapaul.com
  - Attempts: 1/2
  - Final Error: [Errno 8] nodename nor servname provided, or not known

[2026-06-17 05:34:44] Processing wddn31.direct.quickconnect.to
  - Error on attempt 1: Connection Timed Out

[2026-06-17 05:34:44] PERMANENTLY FAILED: wddn31.direct.quickconnect.to
  - Attempts: 1/2
  - Final Error: Connection Timed Out

[2026-06-17 05:34:44] Processing verhaltenstherapie-klosterneuburg.at
  - Error on attempt 1: [Errno 8] nodename nor servname provided, or not known

[2026-06-17 05:34:44] PERMANENTLY FAILED: verhaltenstherapie-klosterneuburg.at
  - Attempts: 1/2
  - Final Error: [Errno 8] nodename nor servname provided, or not known

[2026-06-17 05:34:44] Processing old.cartuccestampante.com
  - Error on attempt 1: Connection Timed Out

[2026-06-17 05:34:44] PERMANENTLY FAILED: old.cartuccestampante.com
  - Attempts: 1/2
  - Final Error: Connection Timed Out

[2026-06-17 05:34:45] Processing fzj.pesu.cn
  - Error on attempt 1: Connection Timed Out

[2026-06-17 05:34:45] PERMANENTLY FAILED: fzj.pesu.cn
  - Attempts: 1/2
  - Final Error: Connection Timed Out

[2026-06-17 05:34:45] Processing gateway.tischlerei-lehmann.de
  - Error on attempt 1: Connection Timed Out

[2026-06-17 05:34:45] PERMANENTLY FAILED: gateway.tischlerei-lehmann.de
  - Attempts: 1/2
  - Final Error: Connection Timed Out

[2026-06-17 05:34:45] Processing test.jrsaxdpv.49-12-111-90.plesk.page
  - Error on attempt 1: [Errno 61] Connection refused

[2026-06-17 05:34:45] PERMANENTLY FAILED: test.jrsaxdpv.49-12-111-90.plesk.page
  - Attempts: 1/2
  - Final Error: [Errno 61] Connection refused

[2026-06-17 05:34:45] Processing 06f957bd.sni.cloudflaressl.com
  - Error on attempt 1: [SSL: SSLV3_ALERT_HANDSHAKE_FAILURE] ssl/tls alert handshake failure (_ssl.c:1006)

[2026-06-17 05:34:45] PERMANENTLY FAILED: 06f957bd.sni.cloudflaressl.com
  - Attempts: 1/2
  - Final Error: [SSL: SSLV3_ALERT_HANDSHAKE_FAILURE] ssl/tls alert handshake failure (_ssl.c:1006)

[2026-06-17 05:34:45] Processing alchemeight.com
  - Error on attempt 1: [Errno 61] Connection refused

[2026-06-17 05:34:45] PERMANENTLY FAILED: alchemeight.com
  - Attempts: 1/2
  - Final Error: [Errno 61] Connection refused

[2026-06-17 05:34:45] Processing pommes-bub.de
  - Error on attempt 1: [Errno 61] Connection refused

[2026-06-17 05:34:45] PERMANENTLY FAILED: pommes-bub.de
  - Attempts: 1/2
  - Final Error: [Errno 61] Connection refused

[2026-06-17 05:34:45] Processing cucadesbycarol.shop
  - Error on attempt 1: [Errno 8] nodename nor servname provided, or not known

[2026-06-17 05:34:45] PERMANENTLY FAILED: cucadesbycarol.shop
  - Attempts: 1/2
  - Final Error: [Errno 8] nodename nor servname provided, or not known

[2026-06-17 05:34:45] Processing ww25.api.catalinainn.com
  - Error on attempt 1: Connection Timed Out

[2026-06-17 05:34:45] PERMANENTLY FAILED: ww25.api.catalinainn.com
  - Attempts: 1/2
  - Final Error: Connection Timed Out

[2026-06-17 05:34:45] Processing defendingourheritage.org
  - Error on attempt 1: [Errno 8] nodename nor servname provided, or not known

[2026-06-17 05:34:45] PERMANENTLY FAILED: defendingourheritage.org
  - Attempts: 1/2
  - Final Error: [Errno 8] nodename nor servname provided, or not known

[2026-06-17 05:34:46] Processing inter81.keenetic.link
  - Error on attempt 1: [Errno 8] nodename nor servname provided, or not known

[2026-06-17 05:34:46] PERMANENTLY FAILED: inter81.keenetic.link
  - Attempts: 1/2
  - Final Error: [Errno 8] nodename nor servname provided, or not known

[2026-06-17 05:34:46] Processing 846af349.sni.cloudflaressl.com
  - Error on attempt 1: [SSL: SSLV3_ALERT_HANDSHAKE_FAILURE] ssl/tls alert handshake failure (_ssl.c:1006)

[2026-06-17 05:34:46] PERMANENTLY FAILED: 846af349.sni.cloudflaressl.com
  - Attempts: 1/2
  - Final Error: [SSL: SSLV3_ALERT_HANDSHAKE_FAILURE] ssl/tls alert handshake failure (_ssl.c:1006)

[2026-06-17 05:34:46] Processing relay.jgeneration.com
  - Error on attempt 1: [SSL: TLSV1_UNRECOGNIZED_NAME] tlsv1 unrecognized name (_ssl.c:1006)

[2026-06-17 05:34:46] PERMANENTLY FAILED: relay.jgeneration.com
  - Attempts: 1/2
  - Final Error: [SSL: TLSV1_UNRECOGNIZED_NAME] tlsv1 unrecognized name (_ssl.c:1006)

[2026-06-17 05:34:46] Processing verocat.com
  - Error on attempt 1: [Errno 8] nodename nor servname provided, or not known

[2026-06-17 05:34:46] PERMANENTLY FAILED: verocat.com
  - Attempts: 1/2
  - Final Error: [Errno 8] nodename nor servname provided, or not known

[2026-06-17 05:34:46] Processing api.lilandcloe.h6.re
  - Error on attempt 1: [Errno 8] nodename nor servname provided, or not known

[2026-06-17 05:34:46] PERMANENTLY FAILED: api.lilandcloe.h6.re
  - Attempts: 1/2
  - Final Error: [Errno 8] nodename nor servname provided, or not known

[2026-06-17 05:34:47] Processing auth2.contactcardgame.com
  - Error on attempt 1: Connection Timed Out

[2026-06-17 05:34:47] PERMANENTLY FAILED: auth2.contactcardgame.com
  - Attempts: 1/2
  - Final Error: Connection Timed Out

[2026-06-17 05:34:47] Processing sweet.fitness
  - Error on attempt 1: [Errno 8] nodename nor servname provided, or not known

[2026-06-17 05:34:47] PERMANENTLY FAILED: sweet.fitness
  - Attempts: 1/2
  - Final Error: [Errno 8] nodename nor servname provided, or not known

[2026-06-17 05:34:47] Processing inte.left.net
  - Error on attempt 1: Connection Timed Out

[2026-06-17 05:34:47] PERMANENTLY FAILED: inte.left.net
  - Attempts: 1/2
  - Final Error: Connection Timed Out

[2026-06-17 05:34:47] Processing trylorals.com
  - Error on attempt 1: [Errno 8] nodename nor servname provided, or not known

[2026-06-17 05:34:47] PERMANENTLY FAILED: trylorals.com
  - Attempts: 1/2
  - Final Error: [Errno 8] nodename nor servname provided, or not known

[2026-06-17 05:34:47] Processing sitemap.templatelegit.com
  - Error on attempt 1: Connection Timed Out

[2026-06-17 05:34:47] PERMANENTLY FAILED: sitemap.templatelegit.com
  - Attempts: 1/2
  - Final Error: Connection Timed Out

[2026-06-17 05:34:47] Processing api.www.checksrv.bulkaquarium.com
  - Error on attempt 1: [SSL: UNEXPECTED_EOF_WHILE_READING] EOF occurred in violation of protocol (_ssl.c:1006)

[2026-06-17 05:34:47] PERMANENTLY FAILED: api.www.checksrv.bulkaquarium.com
  - Attempts: 1/2
  - Final Error: [SSL: UNEXPECTED_EOF_WHILE_READING] EOF occurred in violation of protocol (_ssl.c:1006)

[2026-06-17 05:34:47] Processing liuhar0213.workers.dev
  - Error on attempt 1: [Errno 8] nodename nor servname provided, or not known

[2026-06-17 05:34:47] PERMANENTLY FAILED: liuhar0213.workers.dev
  - Attempts: 1/2
  - Final Error: [Errno 8] nodename nor servname provided, or not known

[2026-06-17 05:34:48] Processing analytics-dev.mellicard.com
  - Error on attempt 1: Connection Timed Out

[2026-06-17 05:34:48] PERMANENTLY FAILED: analytics-dev.mellicard.com
  - Attempts: 1/2
  - Final Error: Connection Timed Out

[2026-06-17 05:34:48] Processing vpn.mellicard.com
  - Error on attempt 1: Connection Timed Out

[2026-06-17 05:34:48] PERMANENTLY FAILED: vpn.mellicard.com
  - Attempts: 1/2
  - Final Error: Connection Timed Out

[2026-06-17 05:34:48] Processing forum.aarpcreditcards.com
  - Error on attempt 1: Connection Timed Out

[2026-06-17 05:34:48] PERMANENTLY FAILED: forum.aarpcreditcards.com
  - Attempts: 1/2
  - Final Error: Connection Timed Out

[2026-06-17 05:34:48] Processing teksava.com
  - Error on attempt 1: [Errno 8] nodename nor servname provided, or not known

[2026-06-17 05:34:48] PERMANENTLY FAILED: teksava.com
  - Attempts: 1/2
  - Final Error: [Errno 8] nodename nor servname provided, or not known

[2026-06-17 05:34:48] Processing cloudvpn.wildones.com
  - Error on attempt 1: Connection Timed Out

[2026-06-17 05:34:48] PERMANENTLY FAILED: cloudvpn.wildones.com
  - Attempts: 1/2
  - Final Error: Connection Timed Out

[2026-06-17 05:34:48] Processing forti.wildones.com
  - Error on attempt 1: Connection Timed Out

[2026-06-17 05:34:48] PERMANENTLY FAILED: forti.wildones.com
  - Attempts: 1/2
  - Final Error: Connection Timed Out

[2026-06-17 05:34:48] Processing relay.daenerys.fr
  - Error on attempt 1: Connection Timed Out

[2026-06-17 05:34:48] PERMANENTLY FAILED: relay.daenerys.fr
  - Attempts: 1/2
  - Final Error: Connection Timed Out

[2026-06-17 05:34:48] Processing axezb5.mmscloudtest.com
  - Error on attempt 1: [Errno 8] nodename nor servname provided, or not known

[2026-06-17 05:34:48] PERMANENTLY FAILED: axezb5.mmscloudtest.com
  - Attempts: 1/2
  - Final Error: [Errno 8] nodename nor servname provided, or not known

[2026-06-17 05:34:49] Processing fikfapp.site
  - Error on attempt 1: [Errno 8] nodename nor servname provided, or not known

[2026-06-17 05:34:49] PERMANENTLY FAILED: fikfapp.site
  - Attempts: 1/2
  - Final Error: [Errno 8] nodename nor servname provided, or not known

[2026-06-17 05:34:49] Processing 3031913128.ccm-rxlb-dns.certsbridge.com
  - Error on attempt 1: [Errno 8] nodename nor servname provided, or not known

[2026-06-17 05:34:49] PERMANENTLY FAILED: 3031913128.ccm-rxlb-dns.certsbridge.com
  - Attempts: 1/2
  - Final Error: [Errno 8] nodename nor servname provided, or not known

[2026-06-17 05:34:49] Processing dashboard.sunstill.com
  - Error on attempt 1: [Errno 8] nodename nor servname provided, or not known

[2026-06-17 05:34:49] PERMANENTLY FAILED: dashboard.sunstill.com
  - Attempts: 1/2
  - Final Error: [Errno 8] nodename nor servname provided, or not known

[2026-06-17 05:34:49] Processing cysfmhajwedbfkn.wucd.com
  - Error on attempt 1: [SSL: TLSV1_UNRECOGNIZED_NAME] tlsv1 unrecognized name (_ssl.c:1006)

[2026-06-17 05:34:49] PERMANENTLY FAILED: cysfmhajwedbfkn.wucd.com
  - Attempts: 1/2
  - Final Error: [SSL: TLSV1_UNRECOGNIZED_NAME] tlsv1 unrecognized name (_ssl.c:1006)

[2026-06-17 05:34:49] Processing dev.verifiable.now
  - Error on attempt 1: [Errno 8] nodename nor servname provided, or not known

[2026-06-17 05:34:49] PERMANENTLY FAILED: dev.verifiable.now
  - Attempts: 1/2
  - Final Error: [Errno 8] nodename nor servname provided, or not known

[2026-06-17 05:34:49] Processing admin.cashlesschecking.com
  - Error on attempt 1: [SSL: TLSV1_ALERT_INTERNAL_ERROR] tlsv1 alert internal error (_ssl.c:1006)

[2026-06-17 05:34:49] PERMANENTLY FAILED: admin.cashlesschecking.com
  - Attempts: 1/2
  - Final Error: [SSL: TLSV1_ALERT_INTERNAL_ERROR] tlsv1 alert internal error (_ssl.c:1006)

[2026-06-17 05:34:49] Processing pop.fortbraggproperty.com
  - Error on attempt 1: Connection Timed Out

[2026-06-17 05:34:49] PERMANENTLY FAILED: pop.fortbraggproperty.com
  - Attempts: 1/2
  - Final Error: Connection Timed Out

[2026-06-17 05:34:49] Processing aichatbotschool.com
  - Error on attempt 1: [Errno 8] nodename nor servname provided, or not known

[2026-06-17 05:34:49] PERMANENTLY FAILED: aichatbotschool.com
  - Attempts: 1/2
  - Final Error: [Errno 8] nodename nor servname provided, or not known

[2026-06-17 05:34:49] Processing test.lilandcloe.h6.re
  - Error on attempt 1: [Errno 8] nodename nor servname provided, or not known

[2026-06-17 05:34:49] PERMANENTLY FAILED: test.lilandcloe.h6.re
  - Attempts: 1/2
  - Final Error: [Errno 8] nodename nor servname provided, or not known

[2026-06-17 05:34:49] Processing security.davkom.com
  - Error on attempt 1: [Errno 8] nodename nor servname provided, or not known

[2026-06-17 05:34:49] PERMANENTLY FAILED: security.davkom.com
  - Attempts: 1/2
  - Final Error: [Errno 8] nodename nor servname provided, or not known

[2026-06-17 05:34:50] Processing beta.dreampatios.com.au
  - Error on attempt 1: [SSL: TLSV1_UNRECOGNIZED_NAME] tlsv1 unrecognized name (_ssl.c:1006)

[2026-06-17 05:34:50] PERMANENTLY FAILED: beta.dreampatios.com.au
  - Attempts: 1/2
  - Final Error: [SSL: TLSV1_UNRECOGNIZED_NAME] tlsv1 unrecognized name (_ssl.c:1006)

[2026-06-17 05:34:50] Processing sakim.iphone.at
  - Error on attempt 1: Connection Timed Out

[2026-06-17 05:34:50] PERMANENTLY FAILED: sakim.iphone.at
  - Attempts: 1/2
  - Final Error: Connection Timed Out

[2026-06-17 05:34:50] Processing laughinghorses.com
  - Error on attempt 1: Connection Timed Out

[2026-06-17 05:34:50] PERMANENTLY FAILED: laughinghorses.com
  - Attempts: 1/2
  - Final Error: Connection Timed Out

[2026-06-17 05:34:50] Processing ciscovpn.mouse.de
  - Error on attempt 1: Connection Timed Out

[2026-06-17 05:34:50] PERMANENTLY FAILED: ciscovpn.mouse.de
  - Attempts: 1/2
  - Final Error: Connection Timed Out

[2026-06-17 05:34:51] Processing maisonboulumi.net
  - Error on attempt 1: [Errno 8] nodename nor servname provided, or not known

[2026-06-17 05:34:51] PERMANENTLY FAILED: maisonboulumi.net
  - Attempts: 1/2
  - Final Error: [Errno 8] nodename nor servname provided, or not known

[2026-06-17 05:34:51] Processing api.app.embaixopg.net
  - Error on attempt 1: Connection Timed Out

[2026-06-17 05:34:51] PERMANENTLY FAILED: api.app.embaixopg.net
  - Attempts: 1/2
  - Final Error: Connection Timed Out

[2026-06-17 05:34:51] Processing cisco.rostschutzmittel.de
  - Error on attempt 1: Connection Timed Out

[2026-06-17 05:34:51] PERMANENTLY FAILED: cisco.rostschutzmittel.de
  - Attempts: 1/2
  - Final Error: Connection Timed Out

[2026-06-17 05:34:51] Processing 3c5si.lax.no
  - Error on attempt 1: Connection Timed Out

[2026-06-17 05:34:51] PERMANENTLY FAILED: 3c5si.lax.no
  - Attempts: 1/2
  - Final Error: Connection Timed Out

[2026-06-17 05:34:51] Processing cloudapp.dapaul.com
  - Error on attempt 1: [Errno 8] nodename nor servname provided, or not known

[2026-06-17 05:34:51] PERMANENTLY FAILED: cloudapp.dapaul.com
  - Attempts: 1/2
  - Final Error: [Errno 8] nodename nor servname provided, or not known

[2026-06-17 05:34:52] Processing i0rzed-pt6u7wd4-nbc093sp8-w5u3qloefa.korealt.link
  - Error on attempt 1: [Errno 8] nodename nor servname provided, or not known

[2026-06-17 05:34:52] PERMANENTLY FAILED: i0rzed-pt6u7wd4-nbc093sp8-w5u3qloefa.korealt.link
  - Attempts: 1/2
  - Final Error: [Errno 8] nodename nor servname provided, or not known

[2026-06-17 05:34:52] Processing sinet5.nanatsumori.net
  - Error on attempt 1: [Errno 8] nodename nor servname provided, or not known

[2026-06-17 05:34:52] PERMANENTLY FAILED: sinet5.nanatsumori.net
  - Attempts: 1/2
  - Final Error: [Errno 8] nodename nor servname provided, or not known

[2026-06-17 05:34:52] Processing dev.jrsaxdpv.49-12-111-90.plesk.page
  - Error on attempt 1: [Errno 61] Connection refused

[2026-06-17 05:34:52] PERMANENTLY FAILED: dev.jrsaxdpv.49-12-111-90.plesk.page
  - Attempts: 1/2
  - Final Error: [Errno 61] Connection refused

[2026-06-17 05:34:52] Processing www-899952775.eu1.qa.hubspot-at-test.com
  - Error on attempt 1: [SSL: SSLV3_ALERT_HANDSHAKE_FAILURE] ssl/tls alert handshake failure (_ssl.c:1006)

[2026-06-17 05:34:52] PERMANENTLY FAILED: www-899952775.eu1.qa.hubspot-at-test.com
  - Attempts: 1/2
  - Final Error: [SSL: SSLV3_ALERT_HANDSHAKE_FAILURE] ssl/tls alert handshake failure (_ssl.c:1006)

[2026-06-17 05:34:52] Processing nashtk.synology.me
  - Error on attempt 1: Connection Timed Out

[2026-06-17 05:34:52] PERMANENTLY FAILED: nashtk.synology.me
  - Attempts: 1/2
  - Final Error: Connection Timed Out

[2026-06-17 05:34:52] Processing rugguard.syrem.io
  - Error on attempt 1: [Errno 8] nodename nor servname provided, or not known

[2026-06-17 05:34:52] PERMANENTLY FAILED: rugguard.syrem.io
  - Attempts: 1/2
  - Final Error: [Errno 8] nodename nor servname provided, or not known

[2026-06-17 05:34:52] Processing elliottlinda.shop
  - Error on attempt 1: [Errno 8] nodename nor servname provided, or not known

[2026-06-17 05:34:52] PERMANENTLY FAILED: elliottlinda.shop
  - Attempts: 1/2
  - Final Error: [Errno 8] nodename nor servname provided, or not known

[2026-06-17 05:34:52] Processing 729190953.workers.dev
  - Error on attempt 1: [Errno 8] nodename nor servname provided, or not known

[2026-06-17 05:34:52] PERMANENTLY FAILED: 729190953.workers.dev
  - Attempts: 1/2
  - Final Error: [Errno 8] nodename nor servname provided, or not known

[2026-06-17 05:34:52] Processing mysalvumpro.com
  - Error on attempt 1: [Errno 8] nodename nor servname provided, or not known

[2026-06-17 05:34:52] PERMANENTLY FAILED: mysalvumpro.com
  - Attempts: 1/2
  - Final Error: [Errno 8] nodename nor servname provided, or not known

[2026-06-17 05:34:53] Processing ytxf888.fnos.net
  - Error on attempt 1: [SSL: UNEXPECTED_EOF_WHILE_READING] EOF occurred in violation of protocol (_ssl.c:1006)

[2026-06-17 05:34:53] PERMANENTLY FAILED: ytxf888.fnos.net
  - Attempts: 1/2
  - Final Error: [SSL: UNEXPECTED_EOF_WHILE_READING] EOF occurred in violation of protocol (_ssl.c:1006)

[2026-06-17 05:34:53] Processing wap.televisionenterprise.com
  - Error on attempt 1: Connection Timed Out

[2026-06-17 05:34:53] PERMANENTLY FAILED: wap.televisionenterprise.com
  - Attempts: 1/2
  - Final Error: Connection Timed Out

[2026-06-17 05:34:53] Processing wangshijkl.fnos.net
  - Error on attempt 1: [SSL: UNEXPECTED_EOF_WHILE_READING] EOF occurred in violation of protocol (_ssl.c:1006)

[2026-06-17 05:34:53] PERMANENTLY FAILED: wangshijkl.fnos.net
  - Attempts: 1/2
  - Final Error: [SSL: UNEXPECTED_EOF_WHILE_READING] EOF occurred in violation of protocol (_ssl.c:1006)

[2026-06-17 05:34:53] Processing test.verifiable.now
  - Error on attempt 1: [Errno 8] nodename nor servname provided, or not known

[2026-06-17 05:34:53] PERMANENTLY FAILED: test.verifiable.now
  - Attempts: 1/2
  - Final Error: [Errno 8] nodename nor servname provided, or not known

[2026-06-17 05:34:53] Processing webmail.mindpicture.com
  - Error on attempt 1: [SSL: TLSV1_UNRECOGNIZED_NAME] tlsv1 unrecognized name (_ssl.c:1006)

[2026-06-17 05:34:53] PERMANENTLY FAILED: webmail.mindpicture.com
  - Attempts: 1/2
  - Final Error: [SSL: TLSV1_UNRECOGNIZED_NAME] tlsv1 unrecognized name (_ssl.c:1006)

[2026-06-17 05:34:53] Processing reginovivia.shop
  - Error on attempt 1: [Errno 8] nodename nor servname provided, or not known

[2026-06-17 05:34:53] PERMANENTLY FAILED: reginovivia.shop
  - Attempts: 1/2
  - Final Error: [Errno 8] nodename nor servname provided, or not known

[2026-06-17 05:34:53] Processing auth.tryghansa.se
  - Error on attempt 1: [SSL: UNEXPECTED_EOF_WHILE_READING] EOF occurred in violation of protocol (_ssl.c:1006)

[2026-06-17 05:34:53] PERMANENTLY FAILED: auth.tryghansa.se
  - Attempts: 1/2
  - Final Error: [SSL: UNEXPECTED_EOF_WHILE_READING] EOF occurred in violation of protocol (_ssl.c:1006)

[2026-06-17 05:34:53] Processing 602232fef2c806e11ffe07341e2306360acfe.id.ui.direct
  - Error on attempt 1: [Errno 8] nodename nor servname provided, or not known

[2026-06-17 05:34:53] PERMANENTLY FAILED: 602232fef2c806e11ffe07341e2306360acfe.id.ui.direct
  - Attempts: 1/2
  - Final Error: [Errno 8] nodename nor servname provided, or not known

[2026-06-17 05:34:53] Processing wo-w9b3200seses0ftzialtyt49n.w.modal.host
  - Error on attempt 1: [Errno 8] nodename nor servname provided, or not known

[2026-06-17 05:34:53] PERMANENTLY FAILED: wo-w9b3200seses0ftzialtyt49n.w.modal.host
  - Attempts: 1/2
  - Final Error: [Errno 8] nodename nor servname provided, or not known

[2026-06-17 05:34:53] Processing kqvxawpj.akwam.im
  - Error on attempt 1: [Errno 8] nodename nor servname provided, or not known

[2026-06-17 05:34:53] PERMANENTLY FAILED: kqvxawpj.akwam.im
  - Attempts: 1/2
  - Final Error: [Errno 8] nodename nor servname provided, or not known

[2026-06-17 05:34:53] Processing device-f81ab156-bc93-4016-8170-ef0469f24639.remotewd.com
  - Error on attempt 1: Connection Timed Out

[2026-06-17 05:34:53] PERMANENTLY FAILED: device-f81ab156-bc93-4016-8170-ef0469f24639.remotewd.com
  - Attempts: 1/2
  - Final Error: Connection Timed Out

[2026-06-17 05:34:53] Processing api.tischlerei-lehmann.de
  - Error on attempt 1: Connection Timed Out

[2026-06-17 05:34:53] PERMANENTLY FAILED: api.tischlerei-lehmann.de
  - Attempts: 1/2
  - Final Error: Connection Timed Out

[2026-06-17 05:34:53] Processing ww25.notexistsvpn.plyusd.org
  - Error on attempt 1: [Errno 54] Connection reset by peer

[2026-06-17 05:34:53] PERMANENTLY FAILED: ww25.notexistsvpn.plyusd.org
  - Attempts: 1/2
  - Final Error: [Errno 54] Connection reset by peer

[2026-06-17 05:34:54] Processing api.jrhz2.51.222.141.36.sslip.io
  - Error on attempt 1: [SSL: TLSV1_ALERT_INTERNAL_ERROR] tlsv1 alert internal error (_ssl.c:1006)

[2026-06-17 05:34:54] PERMANENTLY FAILED: api.jrhz2.51.222.141.36.sslip.io
  - Attempts: 1/2
  - Final Error: [SSL: TLSV1_ALERT_INTERNAL_ERROR] tlsv1 alert internal error (_ssl.c:1006)

[2026-06-17 05:34:54] Processing hoard.pozol.xyz
  - Error on attempt 1: [Errno 8] nodename nor servname provided, or not known

[2026-06-17 05:34:54] PERMANENTLY FAILED: hoard.pozol.xyz
  - Attempts: 1/2
  - Final Error: [Errno 8] nodename nor servname provided, or not known

[2026-06-17 05:34:54] Processing cloud.advertirish.com
  - Error on attempt 1: Connection Timed Out

[2026-06-17 05:34:54] PERMANENTLY FAILED: cloud.advertirish.com
  - Attempts: 1/2
  - Final Error: Connection Timed Out

[2026-06-17 05:34:54] Processing globalprotect.moveat.com
  - Error on attempt 1: [SSL: TLSV1_UNRECOGNIZED_NAME] tlsv1 unrecognized name (_ssl.c:1006)

[2026-06-17 05:34:54] PERMANENTLY FAILED: globalprotect.moveat.com
  - Attempts: 1/2
  - Final Error: [SSL: TLSV1_UNRECOGNIZED_NAME] tlsv1 unrecognized name (_ssl.c:1006)

[2026-06-17 05:34:54] Processing prototypenotebook.com
  - Error on attempt 1: [SSL: SSLV3_ALERT_HANDSHAKE_FAILURE] ssl/tls alert handshake failure (_ssl.c:1006)

[2026-06-17 05:34:54] PERMANENTLY FAILED: prototypenotebook.com
  - Attempts: 1/2
  - Final Error: [SSL: SSLV3_ALERT_HANDSHAKE_FAILURE] ssl/tls alert handshake failure (_ssl.c:1006)

[2026-06-17 05:34:54] Processing staging.jrsaxdpv.49-12-111-90.plesk.page
  - Error on attempt 1: [Errno 61] Connection refused

[2026-06-17 05:34:54] PERMANENTLY FAILED: staging.jrsaxdpv.49-12-111-90.plesk.page
  - Attempts: 1/2
  - Final Error: [Errno 61] Connection refused

[2026-06-17 05:34:54] Processing vd.tryghansa.se
  - Error on attempt 1: [SSL: UNEXPECTED_EOF_WHILE_READING] EOF occurred in violation of protocol (_ssl.c:1006)

[2026-06-17 05:34:54] PERMANENTLY FAILED: vd.tryghansa.se
  - Attempts: 1/2
  - Final Error: [SSL: UNEXPECTED_EOF_WHILE_READING] EOF occurred in violation of protocol (_ssl.c:1006)

[2026-06-17 05:34:54] Processing beocombeocin021.direct.quickconnect.to
  - Error on attempt 1: Connection Timed Out

[2026-06-17 05:34:54] PERMANENTLY FAILED: beocombeocin021.direct.quickconnect.to
  - Attempts: 1/2
  - Final Error: Connection Timed Out

[2026-06-17 05:34:54] Processing projectdifwrld.store
  - Error on attempt 1: [Errno 8] nodename nor servname provided, or not known

[2026-06-17 05:34:54] PERMANENTLY FAILED: projectdifwrld.store
  - Attempts: 1/2
  - Final Error: [Errno 8] nodename nor servname provided, or not known

[2026-06-17 05:34:55] Processing logon.vrii.com
  - Error on attempt 1: [SSL: TLSV1_UNRECOGNIZED_NAME] tlsv1 unrecognized name (_ssl.c:1006)

[2026-06-17 05:34:55] PERMANENTLY FAILED: logon.vrii.com
  - Attempts: 1/2
  - Final Error: [SSL: TLSV1_UNRECOGNIZED_NAME] tlsv1 unrecognized name (_ssl.c:1006)

[2026-06-17 05:34:55] Processing fr.fgnbln8.cfd
  - Error on attempt 1: [Errno 8] nodename nor servname provided, or not known

[2026-06-17 05:34:55] PERMANENTLY FAILED: fr.fgnbln8.cfd
  - Attempts: 1/2
  - Final Error: [Errno 8] nodename nor servname provided, or not known

[2026-06-17 05:34:55] Processing dma.segelferien.com
  - Error on attempt 1: [Errno 8] nodename nor servname provided, or not known

[2026-06-17 05:34:55] PERMANENTLY FAILED: dma.segelferien.com
  - Attempts: 1/2
  - Final Error: [Errno 8] nodename nor servname provided, or not known

[2026-06-17 05:34:55] Processing supremeautospa.org
  - Error on attempt 1: [Errno 8] nodename nor servname provided, or not known

[2026-06-17 05:34:55] PERMANENTLY FAILED: supremeautospa.org
  - Attempts: 1/2
  - Final Error: [Errno 8] nodename nor servname provided, or not known

[2026-06-17 05:34:55] Processing main.tianchenent-cn.com
  - Error on attempt 1: [Errno 8] nodename nor servname provided, or not known

[2026-06-17 05:34:55] PERMANENTLY FAILED: main.tianchenent-cn.com
  - Attempts: 1/2
  - Final Error: [Errno 8] nodename nor servname provided, or not known

[2026-06-17 05:34:55] Processing agent.smartphonegewinnen.de
  - Error on attempt 1: Connection Timed Out

[2026-06-17 05:34:55] PERMANENTLY FAILED: agent.smartphonegewinnen.de
  - Attempts: 1/2
  - Final Error: Connection Timed Out

[2026-06-17 05:34:55] Processing 1767886661548666056-1rjrhavjw5jsc.dns-01.production.haplorrhini.com
  - Error on attempt 1: [Errno 8] nodename nor servname provided, or not known

[2026-06-17 05:34:55] PERMANENTLY FAILED: 1767886661548666056-1rjrhavjw5jsc.dns-01.production.haplorrhini.com
  - Attempts: 1/2
  - Final Error: [Errno 8] nodename nor servname provided, or not known

[2026-06-17 05:34:55] Processing web17.funmassage.com
  - Error on attempt 1: [SSL: TLSV1_UNRECOGNIZED_NAME] tlsv1 unrecognized name (_ssl.c:1006)

[2026-06-17 05:34:55] PERMANENTLY FAILED: web17.funmassage.com
  - Attempts: 1/2
  - Final Error: [SSL: TLSV1_UNRECOGNIZED_NAME] tlsv1 unrecognized name (_ssl.c:1006)

[2026-06-17 05:34:55] Processing remote2.davkom.com
  - Error on attempt 1: [Errno 8] nodename nor servname provided, or not known

[2026-06-17 05:34:55] PERMANENTLY FAILED: remote2.davkom.com
  - Attempts: 1/2
  - Final Error: [Errno 8] nodename nor servname provided, or not known

[2026-06-17 05:34:56] Processing fortivpn.wildones.com
  - Error on attempt 1: Connection Timed Out

[2026-06-17 05:34:56] PERMANENTLY FAILED: fortivpn.wildones.com
  - Attempts: 1/2
  - Final Error: Connection Timed Out

[2026-06-17 05:34:56] Processing julwork.ahcoolthanks.com
  - Error on attempt 1: [Errno 8] nodename nor servname provided, or not known

[2026-06-17 05:34:56] PERMANENTLY FAILED: julwork.ahcoolthanks.com
  - Attempts: 1/2
  - Final Error: [Errno 8] nodename nor servname provided, or not known

[2026-06-17 05:34:56] Processing iqho.wucd.com
  - Error on attempt 1: [SSL: TLSV1_UNRECOGNIZED_NAME] tlsv1 unrecognized name (_ssl.c:1006)

[2026-06-17 05:34:56] PERMANENTLY FAILED: iqho.wucd.com
  - Attempts: 1/2
  - Final Error: [SSL: TLSV1_UNRECOGNIZED_NAME] tlsv1 unrecognized name (_ssl.c:1006)

[2026-06-17 05:34:56] Processing test.app.www.adfasdfsd.truffled.lol
  - Error on attempt 1: [SSL: TLSV1_ALERT_INTERNAL_ERROR] tlsv1 alert internal error (_ssl.c:1006)

[2026-06-17 05:34:56] PERMANENTLY FAILED: test.app.www.adfasdfsd.truffled.lol
  - Attempts: 1/2
  - Final Error: [SSL: TLSV1_ALERT_INTERNAL_ERROR] tlsv1 alert internal error (_ssl.c:1006)

[2026-06-17 05:34:56] Processing temp.php-fusion.com
  - Error on attempt 1: [SSL: TLSV1_UNRECOGNIZED_NAME] tlsv1 unrecognized name (_ssl.c:1006)

[2026-06-17 05:34:56] PERMANENTLY FAILED: temp.php-fusion.com
  - Attempts: 1/2
  - Final Error: [SSL: TLSV1_UNRECOGNIZED_NAME] tlsv1 unrecognized name (_ssl.c:1006)

[2026-06-17 05:34:56] Processing lyj.lat
  - Error on attempt 1: [Errno 8] nodename nor servname provided, or not known

[2026-06-17 05:34:56] PERMANENTLY FAILED: lyj.lat
  - Attempts: 1/2
  - Final Error: [Errno 8] nodename nor servname provided, or not known

[2026-06-17 05:34:56] Processing engineeringlibrary.site
  - Error on attempt 1: [Errno 8] nodename nor servname provided, or not known

[2026-06-17 05:34:56] PERMANENTLY FAILED: engineeringlibrary.site
  - Attempts: 1/2
  - Final Error: [Errno 8] nodename nor servname provided, or not known

[2026-06-17 05:34:56] Processing denverdotson.com
  - Error on attempt 1: Connection Timed Out

[2026-06-17 05:34:56] PERMANENTLY FAILED: denverdotson.com
  - Attempts: 1/2
  - Final Error: Connection Timed Out

[2026-06-17 05:34:56] Processing devmyft4.arsia.xyz
  - Error on attempt 1: [Errno 8] nodename nor servname provided, or not known

[2026-06-17 05:34:56] PERMANENTLY FAILED: devmyft4.arsia.xyz
  - Attempts: 1/2
  - Final Error: [Errno 8] nodename nor servname provided, or not known

[2026-06-17 05:34:56] Processing sorsaio.com
  - Error on attempt 1: [Errno 8] nodename nor servname provided, or not known

[2026-06-17 05:34:56] PERMANENTLY FAILED: sorsaio.com
  - Attempts: 1/2
  - Final Error: [Errno 8] nodename nor servname provided, or not known

[2026-06-17 05:34:56] Processing mindwaves-research.com
  - Error on attempt 1: [SSL: SSLV3_ALERT_HANDSHAKE_FAILURE] ssl/tls alert handshake failure (_ssl.c:1006)

[2026-06-17 05:34:56] PERMANENTLY FAILED: mindwaves-research.com
  - Attempts: 1/2
  - Final Error: [SSL: SSLV3_ALERT_HANDSHAKE_FAILURE] ssl/tls alert handshake failure (_ssl.c:1006)

[2026-06-17 05:34:57] Processing cabinet.fortbraggproperty.com
  - Error on attempt 1: Connection Timed Out

[2026-06-17 05:34:57] PERMANENTLY FAILED: cabinet.fortbraggproperty.com
  - Attempts: 1/2
  - Final Error: Connection Timed Out

[2026-06-17 05:34:57] Processing m.mellicard.com
  - Error on attempt 1: Connection Timed Out

[2026-06-17 05:34:57] PERMANENTLY FAILED: m.mellicard.com
  - Attempts: 1/2
  - Final Error: Connection Timed Out

[2026-06-17 05:34:57] Processing smail.musina.it
  - Error on attempt 1: Connection Timed Out

[2026-06-17 05:34:57] PERMANENTLY FAILED: smail.musina.it
  - Attempts: 1/2
  - Final Error: Connection Timed Out

[2026-06-17 05:34:57] Processing southcarolinatutors.com
  - Error on attempt 1: [Errno 61] Connection refused

[2026-06-17 05:34:57] PERMANENTLY FAILED: southcarolinatutors.com
  - Attempts: 1/2
  - Final Error: [Errno 61] Connection refused

[2026-06-17 05:34:57] Processing e4f966e8.sni.cloudflaressl.com
  - Error on attempt 1: [SSL: SSLV3_ALERT_HANDSHAKE_FAILURE] ssl/tls alert handshake failure (_ssl.c:1006)

[2026-06-17 05:34:57] PERMANENTLY FAILED: e4f966e8.sni.cloudflaressl.com
  - Attempts: 1/2
  - Final Error: [SSL: SSLV3_ALERT_HANDSHAKE_FAILURE] ssl/tls alert handshake failure (_ssl.c:1006)

[2026-06-17 05:34:57] Processing admin.lilandcloe.h6.re
  - Error on attempt 1: [Errno 8] nodename nor servname provided, or not known

[2026-06-17 05:34:57] PERMANENTLY FAILED: admin.lilandcloe.h6.re
  - Attempts: 1/2
  - Final Error: [Errno 8] nodename nor servname provided, or not known

[2026-06-17 05:34:57] Processing old.veritasesco.hr
  - Error on attempt 1: [Errno 8] nodename nor servname provided, or not known

[2026-06-17 05:34:57] PERMANENTLY FAILED: old.veritasesco.hr
  - Attempts: 1/2
  - Final Error: [Errno 8] nodename nor servname provided, or not known

[2026-06-17 05:34:58] Processing doubledownonline.com
  - Error on attempt 1: [Errno 8] nodename nor servname provided, or not known

[2026-06-17 05:34:58] PERMANENTLY FAILED: doubledownonline.com
  - Attempts: 1/2
  - Final Error: [Errno 8] nodename nor servname provided, or not known

[2026-06-17 05:34:58] Processing thomasponcet-internal-rustici.dev-eu.360l.io
  - Error on attempt 1: [Errno 8] nodename nor servname provided, or not known

[2026-06-17 05:34:58] PERMANENTLY FAILED: thomasponcet-internal-rustici.dev-eu.360l.io
  - Attempts: 1/2
  - Final Error: [Errno 8] nodename nor servname provided, or not known

[2026-06-17 05:34:58] Processing tel.esound.de
  - Error on attempt 1: Connection Timed Out

[2026-06-17 05:34:58] PERMANENTLY FAILED: tel.esound.de
  - Attempts: 1/2
  - Final Error: Connection Timed Out

[2026-06-17 05:34:58] Processing grandknifeadventure.com
  - Error on attempt 1: [SSL: TLSV1_ALERT_INTERNAL_ERROR] tlsv1 alert internal error (_ssl.c:1006)

[2026-06-17 05:34:58] PERMANENTLY FAILED: grandknifeadventure.com
  - Attempts: 1/2
  - Final Error: [SSL: TLSV1_ALERT_INTERNAL_ERROR] tlsv1 alert internal error (_ssl.c:1006)

[2026-06-17 05:34:58] Processing back.devapp4.arsia.xyz
  - Error on attempt 1: [Errno 8] nodename nor servname provided, or not known

[2026-06-17 05:34:58] PERMANENTLY FAILED: back.devapp4.arsia.xyz
  - Attempts: 1/2
  - Final Error: [Errno 8] nodename nor servname provided, or not known

[2026-06-17 05:34:58] Processing janhavijain.com
  - Error on attempt 1: Connection Timed Out

[2026-06-17 05:34:58] PERMANENTLY FAILED: janhavijain.com
  - Attempts: 1/2
  - Final Error: Connection Timed Out

[2026-06-17 05:34:58] Processing ec98bb1016929c9e9c1b56d0.keenetic.io
  - Error on attempt 1: [Errno 8] nodename nor servname provided, or not known

[2026-06-17 05:34:58] PERMANENTLY FAILED: ec98bb1016929c9e9c1b56d0.keenetic.io
  - Attempts: 1/2
  - Final Error: [Errno 8] nodename nor servname provided, or not known

[2026-06-17 05:34:58] Processing homologacompraagil.sistemasgrupoexito.com.br
  - Error on attempt 1: [Errno 8] nodename nor servname provided, or not known

[2026-06-17 05:34:58] PERMANENTLY FAILED: homologacompraagil.sistemasgrupoexito.com.br
  - Attempts: 1/2
  - Final Error: [Errno 8] nodename nor servname provided, or not known

[2026-06-17 05:34:58] Processing ksle.vrii.com
  - Error on attempt 1: [SSL: TLSV1_UNRECOGNIZED_NAME] tlsv1 unrecognized name (_ssl.c:1006)

[2026-06-17 05:34:58] PERMANENTLY FAILED: ksle.vrii.com
  - Attempts: 1/2
  - Final Error: [SSL: TLSV1_UNRECOGNIZED_NAME] tlsv1 unrecognized name (_ssl.c:1006)

[2026-06-17 05:34:59] Processing test.learnenglishkids.org
  - Error on attempt 1: Connection Timed Out

[2026-06-17 05:34:59] PERMANENTLY FAILED: test.learnenglishkids.org
  - Attempts: 1/2
  - Final Error: Connection Timed Out

[2026-06-17 05:34:59] Processing thomasobrien.me
  - Error on attempt 1: Connection Timed Out

[2026-06-17 05:34:59] PERMANENTLY FAILED: thomasobrien.me
  - Attempts: 1/2
  - Final Error: Connection Timed Out

[2026-06-17 05:34:59] Processing uat.borntraeger.com
  - Error on attempt 1: Connection Timed Out

[2026-06-17 05:34:59] PERMANENTLY FAILED: uat.borntraeger.com
  - Attempts: 1/2
  - Final Error: Connection Timed Out

[2026-06-17 05:34:59] Processing gygceoffice.upload.cash
  - Error on attempt 1: Connection Timed Out

[2026-06-17 05:34:59] PERMANENTLY FAILED: gygceoffice.upload.cash
  - Attempts: 1/2
  - Final Error: Connection Timed Out

[2026-06-17 05:34:59] Processing test.raum-und-service.de
  - Error on attempt 1: Connection Timed Out

[2026-06-17 05:34:59] PERMANENTLY FAILED: test.raum-und-service.de
  - Attempts: 1/2
  - Final Error: Connection Timed Out

[2026-06-17 05:34:59] Processing relay.vrii.com
  - Error on attempt 1: [SSL: TLSV1_UNRECOGNIZED_NAME] tlsv1 unrecognized name (_ssl.c:1006)

[2026-06-17 05:34:59] PERMANENTLY FAILED: relay.vrii.com
  - Attempts: 1/2
  - Final Error: [SSL: TLSV1_UNRECOGNIZED_NAME] tlsv1 unrecognized name (_ssl.c:1006)

[2026-06-17 05:34:59] Processing back.devmyft4.arsia.xyz
  - Error on attempt 1: [Errno 8] nodename nor servname provided, or not known

[2026-06-17 05:34:59] PERMANENTLY FAILED: back.devmyft4.arsia.xyz
  - Attempts: 1/2
  - Final Error: [Errno 8] nodename nor servname provided, or not known

[2026-06-17 05:34:59] Processing 8rii.brevi.com
  - Error on attempt 1: Connection Timed Out

[2026-06-17 05:34:59] PERMANENTLY FAILED: 8rii.brevi.com
  - Attempts: 1/2
  - Final Error: Connection Timed Out

[2026-06-17 05:34:59] Processing device-76621fe1-5a0e-45c6-9768-0c6b394957b8.remotewd.com
  - Error on attempt 1: Connection Timed Out

[2026-06-17 05:34:59] PERMANENTLY FAILED: device-76621fe1-5a0e-45c6-9768-0c6b394957b8.remotewd.com
  - Attempts: 1/2
  - Final Error: Connection Timed Out

[2026-06-17 05:34:59] Processing admin.libcom-dynamic-dialup.noondaycollection.com
  - Error on attempt 1: [Errno 61] Connection refused

[2026-06-17 05:34:59] PERMANENTLY FAILED: admin.libcom-dynamic-dialup.noondaycollection.com
  - Attempts: 1/2
  - Final Error: [Errno 61] Connection refused

[2026-06-17 05:34:59] Processing e327015a.sni.cloudflaressl.com
  - Error on attempt 1: [SSL: SSLV3_ALERT_HANDSHAKE_FAILURE] ssl/tls alert handshake failure (_ssl.c:1006)

[2026-06-17 05:34:59] PERMANENTLY FAILED: e327015a.sni.cloudflaressl.com
  - Attempts: 1/2
  - Final Error: [SSL: SSLV3_ALERT_HANDSHAKE_FAILURE] ssl/tls alert handshake failure (_ssl.c:1006)

[2026-06-17 05:35:00] Processing happydanielbird.workers.dev
  - Error on attempt 1: [Errno 8] nodename nor servname provided, or not known

[2026-06-17 05:35:00] PERMANENTLY FAILED: happydanielbird.workers.dev
  - Attempts: 1/2
  - Final Error: [Errno 8] nodename nor servname provided, or not known

[2026-06-17 05:35:00] Processing lgbii.vip
  - Error on attempt 1: [Errno 8] nodename nor servname provided, or not known

[2026-06-17 05:35:00] PERMANENTLY FAILED: lgbii.vip
  - Attempts: 1/2
  - Final Error: [Errno 8] nodename nor servname provided, or not known

[2026-06-17 05:35:00] Processing presspeel.com
  - Error on attempt 1: [SSL: SSLV3_ALERT_HANDSHAKE_FAILURE] ssl/tls alert handshake failure (_ssl.c:1006)

[2026-06-17 05:35:00] PERMANENTLY FAILED: presspeel.com
  - Attempts: 1/2
  - Final Error: [SSL: SSLV3_ALERT_HANDSHAKE_FAILURE] ssl/tls alert handshake failure (_ssl.c:1006)

[2026-06-17 05:35:00] Processing tengo.jaj.no
  - Error on attempt 1: Connection Timed Out

[2026-06-17 05:35:00] PERMANENTLY FAILED: tengo.jaj.no
  - Attempts: 1/2
  - Final Error: Connection Timed Out

[2026-06-17 05:35:00] Processing meiguwu.cn
  - Error on attempt 1: [Errno 8] nodename nor servname provided, or not known

[2026-06-17 05:35:00] PERMANENTLY FAILED: meiguwu.cn
  - Attempts: 1/2
  - Final Error: [Errno 8] nodename nor servname provided, or not known

[2026-06-17 05:35:00] Processing cveeb.vip
  - Error on attempt 1: Connection Timed Out

[2026-06-17 05:35:00] PERMANENTLY FAILED: cveeb.vip
  - Attempts: 1/2
  - Final Error: Connection Timed Out

[2026-06-17 05:35:00] Processing taxpay.cn
  - Error on attempt 1: [Errno 8] nodename nor servname provided, or not known

[2026-06-17 05:35:00] PERMANENTLY FAILED: taxpay.cn
  - Attempts: 1/2
  - Final Error: [Errno 8] nodename nor servname provided, or not known

[2026-06-17 05:35:00] Processing mundialrepuestoscol.com
  - Error on attempt 1: [Errno 8] nodename nor servname provided, or not known

[2026-06-17 05:35:00] PERMANENTLY FAILED: mundialrepuestoscol.com
  - Attempts: 1/2
  - Final Error: [Errno 8] nodename nor servname provided, or not known

[2026-06-17 05:35:00] Processing admin.jrsaxdpv.49-12-111-90.plesk.page
  - Error on attempt 1: [Errno 61] Connection refused

[2026-06-17 05:35:00] PERMANENTLY FAILED: admin.jrsaxdpv.49-12-111-90.plesk.page
  - Attempts: 1/2
  - Final Error: [Errno 61] Connection refused

[2026-06-17 05:35:00] Processing webmail.destrucciondedocumentacion.eu
  - Error on attempt 1: Connection Timed Out

[2026-06-17 05:35:00] PERMANENTLY FAILED: webmail.destrucciondedocumentacion.eu
  - Attempts: 1/2
  - Final Error: Connection Timed Out

[2026-06-17 05:35:01] Processing mp.carbonforumasia.com
  - Error on attempt 1: Connection Timed Out

[2026-06-17 05:35:01] PERMANENTLY FAILED: mp.carbonforumasia.com
  - Attempts: 1/2
  - Final Error: Connection Timed Out

[2026-06-17 05:35:01] Processing tm-alertmanager.reconciler-56.dh-production.tmachine.io
  - Error on attempt 1: [Errno 8] nodename nor servname provided, or not known

[2026-06-17 05:35:01] PERMANENTLY FAILED: tm-alertmanager.reconciler-56.dh-production.tmachine.io
  - Attempts: 1/2
  - Final Error: [Errno 8] nodename nor servname provided, or not known

[2026-06-17 05:35:01] Processing test.app.wwwwww.www.234cde3d.nip.io
  - Error on attempt 1: Connection Timed Out

[2026-06-17 05:35:01] PERMANENTLY FAILED: test.app.wwwwww.www.234cde3d.nip.io
  - Attempts: 1/2
  - Final Error: Connection Timed Out

[2026-06-17 05:35:01] Processing zillplus.com
  - Error on attempt 1: Connection Timed Out

[2026-06-17 05:35:01] PERMANENTLY FAILED: zillplus.com
  - Attempts: 1/2
  - Final Error: Connection Timed Out

[2026-06-17 05:35:01] Processing motorcityelectricco.net
  - Error on attempt 1: [Errno 61] Connection refused

[2026-06-17 05:35:01] PERMANENTLY FAILED: motorcityelectricco.net
  - Attempts: 1/2
  - Final Error: [Errno 61] Connection refused

[2026-06-17 05:35:01] Processing rclqas1-dhl.innovationcast.net
  - Error on attempt 1: [Errno 8] nodename nor servname provided, or not known

[2026-06-17 05:35:01] PERMANENTLY FAILED: rclqas1-dhl.innovationcast.net
  - Attempts: 1/2
  - Final Error: [Errno 8] nodename nor servname provided, or not known

[2026-06-17 05:35:01] Processing vid-6.freepornogallery.com
  - Error on attempt 1: [Errno 8] nodename nor servname provided, or not known

[2026-06-17 05:35:01] PERMANENTLY FAILED: vid-6.freepornogallery.com
  - Attempts: 1/2
  - Final Error: [Errno 8] nodename nor servname provided, or not known

[2026-06-17 05:35:01] Processing start.sunstill.com
  - Error on attempt 1: [Errno 8] nodename nor servname provided, or not known

[2026-06-17 05:35:01] PERMANENTLY FAILED: start.sunstill.com
  - Attempts: 1/2
  - Final Error: [Errno 8] nodename nor servname provided, or not known

[2026-06-17 05:35:01] Processing help.likh.com
  - Error on attempt 1: [SSL: TLSV1_UNRECOGNIZED_NAME] tlsv1 unrecognized name (_ssl.c:1006)

[2026-06-17 05:35:01] PERMANENTLY FAILED: help.likh.com
  - Attempts: 1/2
  - Final Error: [SSL: TLSV1_UNRECOGNIZED_NAME] tlsv1 unrecognized name (_ssl.c:1006)

[2026-06-17 05:35:02] Processing WKSP0014D33A.us.ups.com
  - Error on attempt 1: [Errno 8] nodename nor servname provided, or not known

[2026-06-17 05:35:02] PERMANENTLY FAILED: WKSP0014D33A.us.ups.com
  - Attempts: 1/2
  - Final Error: [Errno 8] nodename nor servname provided, or not known

[2026-06-17 05:35:02] Processing shop.selectewireless.com
  - Error on attempt 1: [Errno 8] nodename nor servname provided, or not known

[2026-06-17 05:35:02] PERMANENTLY FAILED: shop.selectewireless.com
  - Attempts: 1/2
  - Final Error: [Errno 8] nodename nor servname provided, or not known

[2026-06-17 05:35:02] Processing api.nutrin.app
  - Error on attempt 1: [Errno 8] nodename nor servname provided, or not known

[2026-06-17 05:35:02] PERMANENTLY FAILED: api.nutrin.app
  - Attempts: 1/2
  - Final Error: [Errno 8] nodename nor servname provided, or not known

[2026-06-17 05:35:02] Processing staging-bot.eo2heaven.org
  - Error on attempt 1: Connection Timed Out

[2026-06-17 05:35:02] PERMANENTLY FAILED: staging-bot.eo2heaven.org
  - Attempts: 1/2
  - Final Error: Connection Timed Out

[2026-06-17 05:35:02] Processing minecraaft.mx
  - Error on attempt 1: [Errno 8] nodename nor servname provided, or not known

[2026-06-17 05:35:02] PERMANENTLY FAILED: minecraaft.mx
  - Attempts: 1/2
  - Final Error: [Errno 8] nodename nor servname provided, or not known

[2026-06-17 05:35:02] Processing ce.yourbookpromoter.com
  - Error on attempt 1: [Errno 8] nodename nor servname provided, or not known

[2026-06-17 05:35:02] PERMANENTLY FAILED: ce.yourbookpromoter.com
  - Attempts: 1/2
  - Final Error: [Errno 8] nodename nor servname provided, or not known

[2026-06-17 05:35:03] Processing cimagroupspa.com
  - Error on attempt 1: Connection Timed Out

[2026-06-17 05:35:03] PERMANENTLY FAILED: cimagroupspa.com
  - Attempts: 1/2
  - Final Error: Connection Timed Out

[2026-06-17 05:35:03] Processing qa.ramadavienna-vs.at
  - Error on attempt 1: Connection Timed Out

[2026-06-17 05:35:03] PERMANENTLY FAILED: qa.ramadavienna-vs.at
  - Attempts: 1/2
  - Final Error: Connection Timed Out

[2026-06-17 05:35:03] Processing azofn.likh.com
  - Error on attempt 1: [SSL: TLSV1_UNRECOGNIZED_NAME] tlsv1 unrecognized name (_ssl.c:1006)

[2026-06-17 05:35:03] PERMANENTLY FAILED: azofn.likh.com
  - Attempts: 1/2
  - Final Error: [SSL: TLSV1_UNRECOGNIZED_NAME] tlsv1 unrecognized name (_ssl.c:1006)

[2026-06-17 05:35:03] Processing hault.r61c1r-infra-114468-cluster.dh-production.tmachine.io
  - Error on attempt 1: [Errno 8] nodename nor servname provided, or not known

[2026-06-17 05:35:03] PERMANENTLY FAILED: hault.r61c1r-infra-114468-cluster.dh-production.tmachine.io
  - Attempts: 1/2
  - Final Error: [Errno 8] nodename nor servname provided, or not known

[2026-06-17 05:35:03] Processing v1.akwam.im
  - Error on attempt 1: [Errno 8] nodename nor servname provided, or not known

[2026-06-17 05:35:03] PERMANENTLY FAILED: v1.akwam.im
  - Attempts: 1/2
  - Final Error: [Errno 8] nodename nor servname provided, or not known

[2026-06-17 05:35:03] Processing api.app.www.adfasdfsd.truffled.lol
  - Error on attempt 1: [SSL: TLSV1_ALERT_INTERNAL_ERROR] tlsv1 alert internal error (_ssl.c:1006)

[2026-06-17 05:35:03] PERMANENTLY FAILED: api.app.www.adfasdfsd.truffled.lol
  - Attempts: 1/2
  - Final Error: [SSL: TLSV1_ALERT_INTERNAL_ERROR] tlsv1 alert internal error (_ssl.c:1006)

[2026-06-17 05:35:03] Processing egomlbeta.googlespeedtest.com
  - Error on attempt 1: Connection Timed Out

[2026-06-17 05:35:03] PERMANENTLY FAILED: egomlbeta.googlespeedtest.com
  - Attempts: 1/2
  - Final Error: Connection Timed Out

[2026-06-17 05:35:03] Processing 0b635i.info
  - Error on attempt 1: Connection Timed Out

[2026-06-17 05:35:03] PERMANENTLY FAILED: 0b635i.info
  - Attempts: 1/2
  - Final Error: Connection Timed Out

[2026-06-17 05:35:03] Processing citrix.likh.com
  - Error on attempt 1: [SSL: TLSV1_UNRECOGNIZED_NAME] tlsv1 unrecognized name (_ssl.c:1006)

[2026-06-17 05:35:03] PERMANENTLY FAILED: citrix.likh.com
  - Attempts: 1/2
  - Final Error: [SSL: TLSV1_UNRECOGNIZED_NAME] tlsv1 unrecognized name (_ssl.c:1006)

[2026-06-17 05:35:03] Processing 39331.ooo
  - Error on attempt 1: [Errno 8] nodename nor servname provided, or not known

[2026-06-17 05:35:03] PERMANENTLY FAILED: 39331.ooo
  - Attempts: 1/2
  - Final Error: [Errno 8] nodename nor servname provided, or not known

[2026-06-17 05:35:03] Processing eh.872.com
  - Error on attempt 1: Connection Timed Out

[2026-06-17 05:35:03] PERMANENTLY FAILED: eh.872.com
  - Attempts: 1/2
  - Final Error: Connection Timed Out

[2026-06-17 05:35:04] Processing spaziocinema.anteo.it
  - Error on attempt 1: Connection Timed Out

[2026-06-17 05:35:04] PERMANENTLY FAILED: spaziocinema.anteo.it
  - Attempts: 1/2
  - Final Error: Connection Timed Out

[2026-06-17 05:35:04] Processing wobjgf.mongodb-dev.net
  - Error on attempt 1: [Errno 8] nodename nor servname provided, or not known

[2026-06-17 05:35:04] PERMANENTLY FAILED: wobjgf.mongodb-dev.net
  - Attempts: 1/2
  - Final Error: [Errno 8] nodename nor servname provided, or not known

[2026-06-17 05:35:04] Processing izham9217.workers.dev
  - Error on attempt 1: [Errno 8] nodename nor servname provided, or not known

[2026-06-17 05:35:04] PERMANENTLY FAILED: izham9217.workers.dev
  - Attempts: 1/2
  - Final Error: [Errno 8] nodename nor servname provided, or not known

[2026-06-17 05:35:04] Processing test-superset.upload.cash
  - Error on attempt 1: Connection Timed Out

[2026-06-17 05:35:04] PERMANENTLY FAILED: test-superset.upload.cash
  - Attempts: 1/2
  - Final Error: Connection Timed Out

[2026-06-17 05:35:04] Processing preview.pr-5495.cerosdev.site
  - Error on attempt 1: [SSL: SSLV3_ALERT_HANDSHAKE_FAILURE] ssl/tls alert handshake failure (_ssl.c:1006)

[2026-06-17 05:35:04] PERMANENTLY FAILED: preview.pr-5495.cerosdev.site
  - Attempts: 1/2
  - Final Error: [SSL: SSLV3_ALERT_HANDSHAKE_FAILURE] ssl/tls alert handshake failure (_ssl.c:1006)

[2026-06-17 05:35:04] Processing 2af9efec6c5f13e5b2adebb4.keenetic.io
  - Error on attempt 1: [Errno 8] nodename nor servname provided, or not known

[2026-06-17 05:35:04] PERMANENTLY FAILED: 2af9efec6c5f13e5b2adebb4.keenetic.io
  - Attempts: 1/2
  - Final Error: [Errno 8] nodename nor servname provided, or not known

[2026-06-17 05:35:04] Processing mai252622.workers.dev
  - Error on attempt 1: [Errno 8] nodename nor servname provided, or not known

[2026-06-17 05:35:04] PERMANENTLY FAILED: mai252622.workers.dev
  - Attempts: 1/2
  - Final Error: [Errno 8] nodename nor servname provided, or not known

[2026-06-17 05:35:04] Processing 3ebab99d.sni.cloudflaressl.com
  - Error on attempt 1: [SSL: SSLV3_ALERT_HANDSHAKE_FAILURE] ssl/tls alert handshake failure (_ssl.c:1006)

[2026-06-17 05:35:04] PERMANENTLY FAILED: 3ebab99d.sni.cloudflaressl.com
  - Attempts: 1/2
  - Final Error: [SSL: SSLV3_ALERT_HANDSHAKE_FAILURE] ssl/tls alert handshake failure (_ssl.c:1006)

[2026-06-17 05:35:04] Processing ouilvuzve.lkev.com
  - Error on attempt 1: [SSL: TLSV1_UNRECOGNIZED_NAME] tlsv1 unrecognized name (_ssl.c:1006)

[2026-06-17 05:35:04] PERMANENTLY FAILED: ouilvuzve.lkev.com
  - Attempts: 1/2
  - Final Error: [SSL: TLSV1_UNRECOGNIZED_NAME] tlsv1 unrecognized name (_ssl.c:1006)

[2026-06-17 05:35:05] Processing fullcircletolove.site
  - Error on attempt 1: [Errno 54] Connection reset by peer

[2026-06-17 05:35:05] PERMANENTLY FAILED: fullcircletolove.site
  - Attempts: 1/2
  - Final Error: [Errno 54] Connection reset by peer

[2026-06-17 05:35:05] Processing 7163972b1b0a59f38f2545fd.keenetic.io
  - Error on attempt 1: [Errno 8] nodename nor servname provided, or not known

[2026-06-17 05:35:05] PERMANENTLY FAILED: 7163972b1b0a59f38f2545fd.keenetic.io
  - Attempts: 1/2
  - Final Error: [Errno 8] nodename nor servname provided, or not known

[2026-06-17 05:35:05] Processing ale.byl.no
  - Error on attempt 1: [SSL: TLSV1_ALERT_INTERNAL_ERROR] tlsv1 alert internal error (_ssl.c:1006)

[2026-06-17 05:35:05] PERMANENTLY FAILED: ale.byl.no
  - Attempts: 1/2
  - Final Error: [SSL: TLSV1_ALERT_INTERNAL_ERROR] tlsv1 alert internal error (_ssl.c:1006)

[2026-06-17 05:35:05] Processing dev.libcom-dynamic-dialup.noondaycollection.com
  - Error on attempt 1: [Errno 61] Connection refused

[2026-06-17 05:35:05] PERMANENTLY FAILED: dev.libcom-dynamic-dialup.noondaycollection.com
  - Attempts: 1/2
  - Final Error: [Errno 61] Connection refused

[2026-06-17 05:35:05] Processing mta-sts.upload.cash
  - Error on attempt 1: Connection Timed Out

[2026-06-17 05:35:05] PERMANENTLY FAILED: mta-sts.upload.cash
  - Attempts: 1/2
  - Final Error: Connection Timed Out

[2026-06-17 05:35:05] Processing bgyvdfcdaer.com
  - Error on attempt 1: [Errno 8] nodename nor servname provided, or not known

[2026-06-17 05:35:05] PERMANENTLY FAILED: bgyvdfcdaer.com
  - Attempts: 1/2
  - Final Error: [Errno 8] nodename nor servname provided, or not known

[2026-06-17 05:35:05] Processing admin.sitemaps.keohay.me
  - Error on attempt 1: Connection Timed Out

[2026-06-17 05:35:05] PERMANENTLY FAILED: admin.sitemaps.keohay.me
  - Attempts: 1/2
  - Final Error: Connection Timed Out

[2026-06-17 05:35:05] Processing admin.andrena.viewbook.com
  - Error on attempt 1: [SSL: TLSV1_ALERT_INTERNAL_ERROR] tlsv1 alert internal error (_ssl.c:1006)

[2026-06-17 05:35:05] PERMANENTLY FAILED: admin.andrena.viewbook.com
  - Attempts: 1/2
  - Final Error: [SSL: TLSV1_ALERT_INTERNAL_ERROR] tlsv1 alert internal error (_ssl.c:1006)

[2026-06-17 05:35:05] Processing absolutezer0.org
  - Error on attempt 1: [Errno 8] nodename nor servname provided, or not known

[2026-06-17 05:35:05] PERMANENTLY FAILED: absolutezer0.org
  - Attempts: 1/2
  - Final Error: [Errno 8] nodename nor servname provided, or not known

[2026-06-17 05:35:05] Processing forums.creativephotobook.com
  - Error on attempt 1: Connection Timed Out

[2026-06-17 05:35:05] PERMANENTLY FAILED: forums.creativephotobook.com
  - Attempts: 1/2
  - Final Error: Connection Timed Out

[2026-06-17 05:35:05] Processing h.likh.com
  - Error on attempt 1: [SSL: TLSV1_UNRECOGNIZED_NAME] tlsv1 unrecognized name (_ssl.c:1006)

[2026-06-17 05:35:05] PERMANENTLY FAILED: h.likh.com
  - Attempts: 1/2
  - Final Error: [SSL: TLSV1_UNRECOGNIZED_NAME] tlsv1 unrecognized name (_ssl.c:1006)

[2026-06-17 05:35:06] Processing 103ebf01.sni.cloudflaressl.com
  - Error on attempt 1: [SSL: SSLV3_ALERT_HANDSHAKE_FAILURE] ssl/tls alert handshake failure (_ssl.c:1006)

[2026-06-17 05:35:06] PERMANENTLY FAILED: 103ebf01.sni.cloudflaressl.com
  - Attempts: 1/2
  - Final Error: [SSL: SSLV3_ALERT_HANDSHAKE_FAILURE] ssl/tls alert handshake failure (_ssl.c:1006)

[2026-06-17 05:35:06] Processing ww16.jinnairyokan.com
  - Error on attempt 1: Connection Timed Out

[2026-06-17 05:35:06] PERMANENTLY FAILED: ww16.jinnairyokan.com
  - Attempts: 1/2
  - Final Error: Connection Timed Out

[2026-06-17 05:35:06] Processing staging.neekan.com
  - Error on attempt 1: [SSL: TLSV1_ALERT_INTERNAL_ERROR] tlsv1 alert internal error (_ssl.c:1006)

[2026-06-17 05:35:06] PERMANENTLY FAILED: staging.neekan.com
  - Attempts: 1/2
  - Final Error: [SSL: TLSV1_ALERT_INTERNAL_ERROR] tlsv1 alert internal error (_ssl.c:1006)

[2026-06-17 05:35:06] Processing store.upload.cash
  - Error on attempt 1: Connection Timed Out

[2026-06-17 05:35:06] PERMANENTLY FAILED: store.upload.cash
  - Attempts: 1/2
  - Final Error: Connection Timed Out

[2026-06-17 05:35:06] Processing dirtyburgerwhitechapel.com
  - Error on attempt 1: [Errno 8] nodename nor servname provided, or not known

[2026-06-17 05:35:06] PERMANENTLY FAILED: dirtyburgerwhitechapel.com
  - Attempts: 1/2
  - Final Error: [Errno 8] nodename nor servname provided, or not known

[2026-06-17 05:35:06] Processing admin.ctszhajp.caddy-one-ibe-redirect-proxy.eu-central-1.elasticbeanstalk.com
  - Error on attempt 1: Connection Timed Out

[2026-06-17 05:35:06] PERMANENTLY FAILED: admin.ctszhajp.caddy-one-ibe-redirect-proxy.eu-central-1.elasticbeanstalk.com
  - Attempts: 1/2
  - Final Error: Connection Timed Out

[2026-06-17 05:35:06] Processing dx-fga-test-rps-2000-v2.dev.fga.dev
  - Error on attempt 1: [Errno 8] nodename nor servname provided, or not known

[2026-06-17 05:35:06] PERMANENTLY FAILED: dx-fga-test-rps-2000-v2.dev.fga.dev
  - Attempts: 1/2
  - Final Error: [Errno 8] nodename nor servname provided, or not known

[2026-06-17 05:35:06] Processing app.sjee9.com
  - Error on attempt 1: Connection Timed Out

[2026-06-17 05:35:06] PERMANENTLY FAILED: app.sjee9.com
  - Attempts: 1/2
  - Final Error: Connection Timed Out

[2026-06-17 05:35:06] Processing remote.adcamp.cz
  - Error on attempt 1: Connection Timed Out

[2026-06-17 05:35:06] PERMANENTLY FAILED: remote.adcamp.cz
  - Attempts: 1/2
  - Final Error: Connection Timed Out

[2026-06-17 05:35:06] Processing truedialoggroup.com
  - Error on attempt 1: [Errno 8] nodename nor servname provided, or not known

[2026-06-17 05:35:06] PERMANENTLY FAILED: truedialoggroup.com
  - Attempts: 1/2
  - Final Error: [Errno 8] nodename nor servname provided, or not known

[2026-06-17 05:35:06] Processing a018aef60a1d8a95887d2187.keenetic.io
  - Error on attempt 1: [Errno 8] nodename nor servname provided, or not known

[2026-06-17 05:35:06] PERMANENTLY FAILED: a018aef60a1d8a95887d2187.keenetic.io
  - Attempts: 1/2
  - Final Error: [Errno 8] nodename nor servname provided, or not known

[2026-06-17 05:35:07] Processing xqtvdmta-sts.raum-und-service.de
  - Error on attempt 1: [SSL: TLSV1_UNRECOGNIZED_NAME] tlsv1 unrecognized name (_ssl.c:1006)

[2026-06-17 05:35:07] PERMANENTLY FAILED: xqtvdmta-sts.raum-und-service.de
  - Attempts: 1/2
  - Final Error: [SSL: TLSV1_UNRECOGNIZED_NAME] tlsv1 unrecognized name (_ssl.c:1006)

[2026-06-17 05:35:07] Processing ac8ba96d47ad071e38c507741bf1063a07228.id.ui.direct
  - Error on attempt 1: [Errno 8] nodename nor servname provided, or not known

[2026-06-17 05:35:07] PERMANENTLY FAILED: ac8ba96d47ad071e38c507741bf1063a07228.id.ui.direct
  - Attempts: 1/2
  - Final Error: [Errno 8] nodename nor servname provided, or not known

[2026-06-17 05:35:07] Processing old.davkom.com
  - Error on attempt 1: [Errno 8] nodename nor servname provided, or not known

[2026-06-17 05:35:07] PERMANENTLY FAILED: old.davkom.com
  - Attempts: 1/2
  - Final Error: [Errno 8] nodename nor servname provided, or not known

[2026-06-17 05:35:07] Processing impactster.org
  - Error on attempt 1: [Errno 8] nodename nor servname provided, or not known

[2026-06-17 05:35:07] PERMANENTLY FAILED: impactster.org
  - Attempts: 1/2
  - Final Error: [Errno 8] nodename nor servname provided, or not known

[2026-06-17 05:35:07] Processing heatscasino.pl
  - Error on attempt 1: [Errno 8] nodename nor servname provided, or not known

[2026-06-17 05:35:07] PERMANENTLY FAILED: heatscasino.pl
  - Attempts: 1/2
  - Final Error: [Errno 8] nodename nor servname provided, or not known

[2026-06-17 05:35:07] Processing qnapts251d.zaloznik.com
  - Error on attempt 1: [Errno 8] nodename nor servname provided, or not known

[2026-06-17 05:35:07] PERMANENTLY FAILED: qnapts251d.zaloznik.com
  - Attempts: 1/2
  - Final Error: [Errno 8] nodename nor servname provided, or not known

[2026-06-17 05:35:07] Processing sso.fortbraggproperty.com
  - Error on attempt 1: Connection Timed Out

[2026-06-17 05:35:07] PERMANENTLY FAILED: sso.fortbraggproperty.com
  - Attempts: 1/2
  - Final Error: Connection Timed Out

[2026-06-17 05:35:07] Processing customlogomatspro.com
  - Error on attempt 1: [Errno 8] nodename nor servname provided, or not known

[2026-06-17 05:35:07] PERMANENTLY FAILED: customlogomatspro.com
  - Attempts: 1/2
  - Final Error: [Errno 8] nodename nor servname provided, or not known

[2026-06-17 05:35:07] Processing houinde.wanlianhtt.com
  - Error on attempt 1: [Errno 8] nodename nor servname provided, or not known

[2026-06-17 05:35:07] PERMANENTLY FAILED: houinde.wanlianhtt.com
  - Attempts: 1/2
  - Final Error: [Errno 8] nodename nor servname provided, or not known

[2026-06-17 05:35:08] Processing crackfly.comics.casadeuscoli.com.shoplog.v220190810156694590.powersrv.de
  - Error on attempt 1: [SSL: UNEXPECTED_EOF_WHILE_READING] EOF occurred in violation of protocol (_ssl.c:1006)

[2026-06-17 05:35:08] PERMANENTLY FAILED: crackfly.comics.casadeuscoli.com.shoplog.v220190810156694590.powersrv.de
  - Attempts: 1/2
  - Final Error: [SSL: UNEXPECTED_EOF_WHILE_READING] EOF occurred in violation of protocol (_ssl.c:1006)

[2026-06-17 05:35:08] Processing post.webnew.de
  - Error on attempt 1: [Errno 8] nodename nor servname provided, or not known

[2026-06-17 05:35:08] PERMANENTLY FAILED: post.webnew.de
  - Attempts: 1/2
  - Final Error: [Errno 8] nodename nor servname provided, or not known

[2026-06-17 05:35:08] Processing konto-ban.pl
  - Error on attempt 1: [Errno 8] nodename nor servname provided, or not known

[2026-06-17 05:35:08] PERMANENTLY FAILED: konto-ban.pl
  - Attempts: 1/2
  - Final Error: [Errno 8] nodename nor servname provided, or not known

[2026-06-17 05:35:08] Processing ellagoldsmith.com
  - Error on attempt 1: [Errno 61] Connection refused

[2026-06-17 05:35:08] PERMANENTLY FAILED: ellagoldsmith.com
  - Attempts: 1/2
  - Final Error: [Errno 61] Connection refused

[2026-06-17 05:35:08] Processing mp.parcoaspromonte.it
  - Error on attempt 1: Connection Timed Out

[2026-06-17 05:35:08] PERMANENTLY FAILED: mp.parcoaspromonte.it
  - Attempts: 1/2
  - Final Error: Connection Timed Out

[2026-06-17 05:35:08] Processing api.jrsaxdpv.49-12-111-90.plesk.page
  - Error on attempt 1: [Errno 61] Connection refused

[2026-06-17 05:35:08] PERMANENTLY FAILED: api.jrsaxdpv.49-12-111-90.plesk.page
  - Attempts: 1/2
  - Final Error: [Errno 61] Connection refused

[2026-06-17 05:35:08] Processing web1.contactcardgame.com
  - Error on attempt 1: Connection Timed Out

[2026-06-17 05:35:08] PERMANENTLY FAILED: web1.contactcardgame.com
  - Attempts: 1/2
  - Final Error: Connection Timed Out

[2026-06-17 05:35:08] Processing test.app.elevateclientventurespath.com
  - Error on attempt 1: [Errno 8] nodename nor servname provided, or not known

[2026-06-17 05:35:08] PERMANENTLY FAILED: test.app.elevateclientventurespath.com
  - Attempts: 1/2
  - Final Error: [Errno 8] nodename nor servname provided, or not known

[2026-06-17 05:35:08] Processing verbraunoblivionchecker.workers.dev
  - Error on attempt 1: [Errno 8] nodename nor servname provided, or not known

[2026-06-17 05:35:08] PERMANENTLY FAILED: verbraunoblivionchecker.workers.dev
  - Attempts: 1/2
  - Final Error: [Errno 8] nodename nor servname provided, or not known

[2026-06-17 05:35:08] Processing admin.app.www.adfasdfsd.truffled.lol
  - Error on attempt 1: [SSL: TLSV1_ALERT_INTERNAL_ERROR] tlsv1 alert internal error (_ssl.c:1006)

[2026-06-17 05:35:08] PERMANENTLY FAILED: admin.app.www.adfasdfsd.truffled.lol
  - Attempts: 1/2
  - Final Error: [SSL: TLSV1_ALERT_INTERNAL_ERROR] tlsv1 alert internal error (_ssl.c:1006)

[2026-06-17 05:35:08] Processing graph.fabebook.com
  - Error on attempt 1: [Errno 61] Connection refused

[2026-06-17 05:35:08] PERMANENTLY FAILED: graph.fabebook.com
  - Attempts: 1/2
  - Final Error: [Errno 61] Connection refused

[2026-06-17 05:35:09] Processing checkout.blattbillards.com
  - Error on attempt 1: [Errno 61] Connection refused

[2026-06-17 05:35:09] PERMANENTLY FAILED: checkout.blattbillards.com
  - Attempts: 1/2
  - Final Error: [Errno 61] Connection refused

[2026-06-17 05:35:09] Processing terminal1.eplloglaser.com
  - Error on attempt 1: [Errno 61] Connection refused

[2026-06-17 05:35:09] PERMANENTLY FAILED: terminal1.eplloglaser.com
  - Attempts: 1/2
  - Final Error: [Errno 61] Connection refused

[2026-06-17 05:35:10] Processing superset-production.upload.cash
  - Error on attempt 1: Connection Timed Out

[2026-06-17 05:35:10] PERMANENTLY FAILED: superset-production.upload.cash
  - Attempts: 1/2
  - Final Error: Connection Timed Out

[2026-06-17 05:35:10] Processing cpcontacts.mosaic.ro
  - Error on attempt 1: Connection Timed Out

[2026-06-17 05:35:10] PERMANENTLY FAILED: cpcontacts.mosaic.ro
  - Attempts: 1/2
  - Final Error: Connection Timed Out

[2026-06-17 05:35:10] Processing zayafashioncompany.com
  - Error on attempt 1: [Errno 8] nodename nor servname provided, or not known

[2026-06-17 05:35:10] PERMANENTLY FAILED: zayafashioncompany.com
  - Attempts: 1/2
  - Final Error: [Errno 8] nodename nor servname provided, or not known

[2026-06-17 05:35:10] Processing staging.www.console.wwwdemo.marionstronks.nl
  - Error on attempt 1: [SSL: TLSV1_ALERT_INTERNAL_ERROR] tlsv1 alert internal error (_ssl.c:1006)

[2026-06-17 05:35:10] PERMANENTLY FAILED: staging.www.console.wwwdemo.marionstronks.nl
  - Attempts: 1/2
  - Final Error: [SSL: TLSV1_ALERT_INTERNAL_ERROR] tlsv1 alert internal error (_ssl.c:1006)

[2026-06-17 05:35:10] Processing vpn.borntraeger.com
  - Error on attempt 1: Connection Timed Out

[2026-06-17 05:35:10] PERMANENTLY FAILED: vpn.borntraeger.com
  - Attempts: 1/2
  - Final Error: Connection Timed Out

[2026-06-17 05:35:10] Processing workspace.dapaul.com
  - Error on attempt 1: [Errno 8] nodename nor servname provided, or not known

[2026-06-17 05:35:10] PERMANENTLY FAILED: workspace.dapaul.com
  - Attempts: 1/2
  - Final Error: [Errno 8] nodename nor servname provided, or not known

[2026-06-17 05:35:10] Processing gp.borntraeger.com
  - Error on attempt 1: Connection Timed Out

[2026-06-17 05:35:10] PERMANENTLY FAILED: gp.borntraeger.com
  - Attempts: 1/2
  - Final Error: Connection Timed Out

[2026-06-17 05:35:10] Processing bil.outlet.se
  - Error on attempt 1: [SSL: TLSV1_ALERT_INTERNAL_ERROR] tlsv1 alert internal error (_ssl.c:1006)

[2026-06-17 05:35:10] PERMANENTLY FAILED: bil.outlet.se
  - Attempts: 1/2
  - Final Error: [SSL: TLSV1_ALERT_INTERNAL_ERROR] tlsv1 alert internal error (_ssl.c:1006)

[2026-06-17 05:35:10] Processing aula.ensupalabraiem.org
  - Error on attempt 1: [Errno 8] nodename nor servname provided, or not known

[2026-06-17 05:35:10] PERMANENTLY FAILED: aula.ensupalabraiem.org
  - Attempts: 1/2
  - Final Error: [Errno 8] nodename nor servname provided, or not known

[2026-06-17 05:35:10] Processing emsoc.mydocbilll.com
  - Error on attempt 1: Connection Timed Out

[2026-06-17 05:35:10] PERMANENTLY FAILED: emsoc.mydocbilll.com
  - Attempts: 1/2
  - Final Error: Connection Timed Out

[2026-06-17 05:35:11] Processing djkxwnocrumbs.left.net
  - Error on attempt 1: Connection Timed Out

[2026-06-17 05:35:11] PERMANENTLY FAILED: djkxwnocrumbs.left.net
  - Attempts: 1/2
  - Final Error: Connection Timed Out

[2026-06-17 05:35:11] Processing limisahi.akk.ro
  - Error on attempt 1: Connection Timed Out

[2026-06-17 05:35:11] PERMANENTLY FAILED: limisahi.akk.ro
  - Attempts: 1/2
  - Final Error: Connection Timed Out

[2026-06-17 05:35:11] Processing mahendar.site
  - Error on attempt 1: [Errno 8] nodename nor servname provided, or not known

[2026-06-17 05:35:11] PERMANENTLY FAILED: mahendar.site
  - Attempts: 1/2
  - Final Error: [Errno 8] nodename nor servname provided, or not known

[2026-06-17 05:35:11] Processing example.dapaul.com
  - Error on attempt 1: [Errno 8] nodename nor servname provided, or not known

[2026-06-17 05:35:11] PERMANENTLY FAILED: example.dapaul.com
  - Attempts: 1/2
  - Final Error: [Errno 8] nodename nor servname provided, or not known

[2026-06-17 05:35:11] Processing erverhosting112.daenerys.fr
  - Error on attempt 1: Connection Timed Out

[2026-06-17 05:35:11] PERMANENTLY FAILED: erverhosting112.daenerys.fr
  - Attempts: 1/2
  - Final Error: Connection Timed Out

[2026-06-17 05:35:11] Processing short.bubll.us
  - Error on attempt 1: Connection Timed Out

[2026-06-17 05:35:11] PERMANENTLY FAILED: short.bubll.us
  - Attempts: 1/2
  - Final Error: Connection Timed Out

[2026-06-17 05:35:12] Processing www6.tischlerei-lehmann.de
  - Error on attempt 1: Connection Timed Out

[2026-06-17 05:35:12] PERMANENTLY FAILED: www6.tischlerei-lehmann.de
  - Attempts: 1/2
  - Final Error: Connection Timed Out

[2026-06-17 05:35:12] Processing pinkandblackshop.com
  - Error on attempt 1: [SSL: SSLV3_ALERT_HANDSHAKE_FAILURE] ssl/tls alert handshake failure (_ssl.c:1006)

[2026-06-17 05:35:12] PERMANENTLY FAILED: pinkandblackshop.com
  - Attempts: 1/2
  - Final Error: [SSL: SSLV3_ALERT_HANDSHAKE_FAILURE] ssl/tls alert handshake failure (_ssl.c:1006)

[2026-06-17 05:35:12] Processing dev.checkout.europe-west1.gcp.commercetools.com
  - Error on attempt 1: [Errno 8] nodename nor servname provided, or not known

[2026-06-17 05:35:12] PERMANENTLY FAILED: dev.checkout.europe-west1.gcp.commercetools.com
  - Attempts: 1/2
  - Final Error: [Errno 8] nodename nor servname provided, or not known

[2026-06-17 05:35:12] Processing admin.js.cms.wialon.us
  - Error on attempt 1: [SSL: TLSV1_ALERT_INTERNAL_ERROR] tlsv1 alert internal error (_ssl.c:1006)

[2026-06-17 05:35:12] PERMANENTLY FAILED: admin.js.cms.wialon.us
  - Attempts: 1/2
  - Final Error: [SSL: TLSV1_ALERT_INTERNAL_ERROR] tlsv1 alert internal error (_ssl.c:1006)

[2026-06-17 05:35:12] Processing djtluww17.tickets.sloganoutdoor.com
  - Error on attempt 1: [Errno 61] Connection refused

[2026-06-17 05:35:12] PERMANENTLY FAILED: djtluww17.tickets.sloganoutdoor.com
  - Attempts: 1/2
  - Final Error: [Errno 61] Connection refused

[2026-06-17 05:35:12] Processing caz-odin-t-postgresdb.postgres.database.usgovcloudapi.net
  - Error on attempt 1: [Errno 8] nodename nor servname provided, or not known

[2026-06-17 05:35:12] PERMANENTLY FAILED: caz-odin-t-postgresdb.postgres.database.usgovcloudapi.net
  - Attempts: 1/2
  - Final Error: [Errno 8] nodename nor servname provided, or not known

[2026-06-17 05:35:12] Processing api.app.www.www.wwwportal.app.wwwwww.234cde3d.nip.io
  - Error on attempt 1: Connection Timed Out

[2026-06-17 05:35:12] PERMANENTLY FAILED: api.app.www.www.wwwportal.app.wwwwww.234cde3d.nip.io
  - Attempts: 1/2
  - Final Error: Connection Timed Out

[2026-06-17 05:35:12] Processing api.app.seohat.com
  - Error on attempt 1: [SSL: TLSV1_UNRECOGNIZED_NAME] tlsv1 unrecognized name (_ssl.c:1006)

[2026-06-17 05:35:12] PERMANENTLY FAILED: api.app.seohat.com
  - Attempts: 1/2
  - Final Error: [SSL: TLSV1_UNRECOGNIZED_NAME] tlsv1 unrecognized name (_ssl.c:1006)

[2026-06-17 05:35:13] Processing api.mcallister.com.au
  - Error on attempt 1: Connection Timed Out

[2026-06-17 05:35:13] PERMANENTLY FAILED: api.mcallister.com.au
  - Attempts: 1/2
  - Final Error: Connection Timed Out

[2026-06-17 05:35:13] Processing 156d1d466b61f4ca2ee47133.keenetic.io
  - Error on attempt 1: [Errno 8] nodename nor servname provided, or not known

[2026-06-17 05:35:13] PERMANENTLY FAILED: 156d1d466b61f4ca2ee47133.keenetic.io
  - Attempts: 1/2
  - Final Error: [Errno 8] nodename nor servname provided, or not known

[2026-06-17 05:35:13] Processing 79310686.sni.cloudflaressl.com
  - Error on attempt 1: [SSL: SSLV3_ALERT_HANDSHAKE_FAILURE] ssl/tls alert handshake failure (_ssl.c:1006)

[2026-06-17 05:35:13] PERMANENTLY FAILED: 79310686.sni.cloudflaressl.com
  - Attempts: 1/2
  - Final Error: [SSL: SSLV3_ALERT_HANDSHAKE_FAILURE] ssl/tls alert handshake failure (_ssl.c:1006)

[2026-06-17 05:35:13] Processing backend.neekan.com
  - Error on attempt 1: [SSL: TLSV1_ALERT_INTERNAL_ERROR] tlsv1 alert internal error (_ssl.c:1006)

[2026-06-17 05:35:13] PERMANENTLY FAILED: backend.neekan.com
  - Attempts: 1/2
  - Final Error: [SSL: TLSV1_ALERT_INTERNAL_ERROR] tlsv1 alert internal error (_ssl.c:1006)

[2026-06-17 05:35:13] Processing ngubfbvhjnl.com
  - Error on attempt 1: [Errno 8] nodename nor servname provided, or not known

[2026-06-17 05:35:13] PERMANENTLY FAILED: ngubfbvhjnl.com
  - Attempts: 1/2
  - Final Error: [Errno 8] nodename nor servname provided, or not known

[2026-06-17 05:35:13] Processing sitemaps.coudun.com
  - Error on attempt 1: Connection Timed Out

[2026-06-17 05:35:13] PERMANENTLY FAILED: sitemaps.coudun.com
  - Attempts: 1/2
  - Final Error: Connection Timed Out

[2026-06-17 05:35:13] Processing centreon.inkedblood.net
  - Error on attempt 1: [Errno 8] nodename nor servname provided, or not known

[2026-06-17 05:35:13] PERMANENTLY FAILED: centreon.inkedblood.net
  - Attempts: 1/2
  - Final Error: [Errno 8] nodename nor servname provided, or not known

[2026-06-17 05:35:13] Processing dev.api.freshflowersonly.com
  - Error on attempt 1: [SSL: UNEXPECTED_EOF_WHILE_READING] EOF occurred in violation of protocol (_ssl.c:1006)

[2026-06-17 05:35:13] PERMANENTLY FAILED: dev.api.freshflowersonly.com
  - Attempts: 1/2
  - Final Error: [SSL: UNEXPECTED_EOF_WHILE_READING] EOF occurred in violation of protocol (_ssl.c:1006)

[2026-06-17 05:35:14] Processing staging.lilandcloe.h6.re
  - Error on attempt 1: [Errno 8] nodename nor servname provided, or not known

[2026-06-17 05:35:14] PERMANENTLY FAILED: staging.lilandcloe.h6.re
  - Attempts: 1/2
  - Final Error: [Errno 8] nodename nor servname provided, or not known

[2026-06-17 05:35:14] Processing automio-mail.net
  - Error on attempt 1: [Errno 8] nodename nor servname provided, or not known

[2026-06-17 05:35:14] PERMANENTLY FAILED: automio-mail.net
  - Attempts: 1/2
  - Final Error: [Errno 8] nodename nor servname provided, or not known

[2026-06-17 05:35:14] Processing staging.app.elitejourneyguides.live
  - Error on attempt 1: Connection Timed Out

[2026-06-17 05:35:14] PERMANENTLY FAILED: staging.app.elitejourneyguides.live
  - Attempts: 1/2
  - Final Error: Connection Timed Out

[2026-06-17 05:35:14] Processing mx3.peisze.com
  - Error on attempt 1: [Errno 8] nodename nor servname provided, or not known

[2026-06-17 05:35:14] PERMANENTLY FAILED: mx3.peisze.com
  - Attempts: 1/2
  - Final Error: [Errno 8] nodename nor servname provided, or not known

[2026-06-17 05:35:15] Processing siconductors.com
  - Error on attempt 1: [Errno 8] nodename nor servname provided, or not known

[2026-06-17 05:35:15] PERMANENTLY FAILED: siconductors.com
  - Attempts: 1/2
  - Final Error: [Errno 8] nodename nor servname provided, or not known

[2026-06-17 05:35:15] Processing au.nyfa.edu
  - Error on attempt 1: [Errno 8] nodename nor servname provided, or not known

[2026-06-17 05:35:15] PERMANENTLY FAILED: au.nyfa.edu
  - Attempts: 1/2
  - Final Error: [Errno 8] nodename nor servname provided, or not known

[2026-06-17 05:35:15] Processing dev.atsbookkeeping.comeducation.historicacanada.ca
  - Error on attempt 1: [SSL: UNEXPECTED_EOF_WHILE_READING] EOF occurred in violation of protocol (_ssl.c:1006)

[2026-06-17 05:35:15] PERMANENTLY FAILED: dev.atsbookkeeping.comeducation.historicacanada.ca
  - Attempts: 1/2
  - Final Error: [SSL: UNEXPECTED_EOF_WHILE_READING] EOF occurred in violation of protocol (_ssl.c:1006)

[2026-06-17 05:35:15] Processing ebmail.carbonforumasia.com
  - Error on attempt 1: Connection Timed Out

[2026-06-17 05:35:15] PERMANENTLY FAILED: ebmail.carbonforumasia.com
  - Attempts: 1/2
  - Final Error: Connection Timed Out

[2026-06-17 05:35:15] Processing poc.mellicard.com
  - Error on attempt 1: Connection Timed Out

[2026-06-17 05:35:15] PERMANENTLY FAILED: poc.mellicard.com
  - Attempts: 1/2
  - Final Error: Connection Timed Out

[2026-06-17 05:35:15] Processing demo.actors.info
  - Error on attempt 1: Connection Timed Out

[2026-06-17 05:35:15] PERMANENTLY FAILED: demo.actors.info
  - Attempts: 1/2
  - Final Error: Connection Timed Out

[2026-06-17 05:35:15] Processing 141957792-website-test.eu1.prod.hubspot-at-test.com
  - Error on attempt 1: [SSL: SSLV3_ALERT_HANDSHAKE_FAILURE] ssl/tls alert handshake failure (_ssl.c:1006)

[2026-06-17 05:35:15] PERMANENTLY FAILED: 141957792-website-test.eu1.prod.hubspot-at-test.com
  - Attempts: 1/2
  - Final Error: [SSL: SSLV3_ALERT_HANDSHAKE_FAILURE] ssl/tls alert handshake failure (_ssl.c:1006)

[2026-06-17 05:35:15] Processing rootstowingsmarket.com
  - Error on attempt 1: Connection Timed Out

[2026-06-17 05:35:15] PERMANENTLY FAILED: rootstowingsmarket.com
  - Attempts: 1/2
  - Final Error: Connection Timed Out

[2026-06-17 05:35:15] Processing visual.nvusd.com
  - Error on attempt 1: [Errno 61] Connection refused

[2026-06-17 05:35:15] PERMANENTLY FAILED: visual.nvusd.com
  - Attempts: 1/2
  - Final Error: [Errno 61] Connection refused

[2026-06-17 05:35:15] Processing 4d6f3276-fab2-456d-9851-66007e955f2f.dvvm.com
  - Error on attempt 1: [SSL: TLSV1_UNRECOGNIZED_NAME] tlsv1 unrecognized name (_ssl.c:1006)

[2026-06-17 05:35:15] PERMANENTLY FAILED: 4d6f3276-fab2-456d-9851-66007e955f2f.dvvm.com
  - Attempts: 1/2
  - Final Error: [SSL: TLSV1_UNRECOGNIZED_NAME] tlsv1 unrecognized name (_ssl.c:1006)

[2026-06-17 05:35:15] Processing knopka.eu
  - Error on attempt 1: [Errno 61] Connection refused

[2026-06-17 05:35:15] PERMANENTLY FAILED: knopka.eu
  - Attempts: 1/2
  - Final Error: [Errno 61] Connection refused

[2026-06-17 05:35:16] Processing staging.sel.cabinet.id
  - Error on attempt 1: [Errno 8] nodename nor servname provided, or not known

[2026-06-17 05:35:16] PERMANENTLY FAILED: staging.sel.cabinet.id
  - Attempts: 1/2
  - Final Error: [Errno 8] nodename nor servname provided, or not known

[2026-06-17 05:35:16] Processing new.titsfuck.com
  - Error on attempt 1: Connection Timed Out

[2026-06-17 05:35:16] PERMANENTLY FAILED: new.titsfuck.com
  - Attempts: 1/2
  - Final Error: Connection Timed Out

[2026-06-17 05:35:16] Processing dxp4800-hw.direct.ug.link
  - Error on attempt 1: [Errno 8] nodename nor servname provided, or not known

[2026-06-17 05:35:16] PERMANENTLY FAILED: dxp4800-hw.direct.ug.link
  - Attempts: 1/2
  - Final Error: [Errno 8] nodename nor servname provided, or not known

[2026-06-17 05:35:16] Processing my-mikulla.direct.quickconnect.to
  - Error on attempt 1: Connection Timed Out

[2026-06-17 05:35:16] PERMANENTLY FAILED: my-mikulla.direct.quickconnect.to
  - Attempts: 1/2
  - Final Error: Connection Timed Out

[2026-06-17 05:35:16] Processing cluster-w5zg5ynoafanst7tcngguhvdf6.cloudworkstations.dev
  - Error on attempt 1: [Errno 8] nodename nor servname provided, or not known

[2026-06-17 05:35:16] PERMANENTLY FAILED: cluster-w5zg5ynoafanst7tcngguhvdf6.cloudworkstations.dev
  - Attempts: 1/2
  - Final Error: [Errno 8] nodename nor servname provided, or not known

[2026-06-17 05:35:16] Processing sohohouse180.com
  - Error on attempt 1: [Errno 8] nodename nor servname provided, or not known

[2026-06-17 05:35:16] PERMANENTLY FAILED: sohohouse180.com
  - Attempts: 1/2
  - Final Error: [Errno 8] nodename nor servname provided, or not known

[2026-06-17 05:35:16] Processing dev.musina.it
  - Error on attempt 1: Connection Timed Out

[2026-06-17 05:35:16] PERMANENTLY FAILED: dev.musina.it
  - Attempts: 1/2
  - Final Error: Connection Timed Out

[2026-06-17 05:35:16] Processing 5d643833.creator-preview.lottiefiles.dev
  - Error on attempt 1: [Errno 8] nodename nor servname provided, or not known

[2026-06-17 05:35:16] PERMANENTLY FAILED: 5d643833.creator-preview.lottiefiles.dev
  - Attempts: 1/2
  - Final Error: [Errno 8] nodename nor servname provided, or not known

[2026-06-17 05:35:16] Processing 47dc6f38.sni.cloudflaressl.com
  - Error on attempt 1: [SSL: SSLV3_ALERT_HANDSHAKE_FAILURE] ssl/tls alert handshake failure (_ssl.c:1006)

[2026-06-17 05:35:16] PERMANENTLY FAILED: 47dc6f38.sni.cloudflaressl.com
  - Attempts: 1/2
  - Final Error: [SSL: SSLV3_ALERT_HANDSHAKE_FAILURE] ssl/tls alert handshake failure (_ssl.c:1006)

[2026-06-17 05:35:16] Processing guqos.workers.dev
  - Error on attempt 1: [Errno 8] nodename nor servname provided, or not known

[2026-06-17 05:35:16] PERMANENTLY FAILED: guqos.workers.dev
  - Attempts: 1/2
  - Final Error: [Errno 8] nodename nor servname provided, or not known

[2026-06-17 05:35:17] Processing flsitebuilder-stage7.com
  - Error on attempt 1: [Errno 8] nodename nor servname provided, or not known

[2026-06-17 05:35:17] PERMANENTLY FAILED: flsitebuilder-stage7.com
  - Attempts: 1/2
  - Final Error: [Errno 8] nodename nor servname provided, or not known

[2026-06-17 05:35:17] Processing lpgexuzb.caddy-one-ibe-redirect-proxy.eu-central-1.elasticbeanstalk.com
  - Error on attempt 1: Connection Timed Out

[2026-06-17 05:35:17] PERMANENTLY FAILED: lpgexuzb.caddy-one-ibe-redirect-proxy.eu-central-1.elasticbeanstalk.com
  - Attempts: 1/2
  - Final Error: Connection Timed Out

[2026-06-17 05:35:17] Processing api.skmagic.innovationcast.net
  - Error on attempt 1: [Errno 8] nodename nor servname provided, or not known

[2026-06-17 05:35:17] PERMANENTLY FAILED: api.skmagic.innovationcast.net
  - Attempts: 1/2
  - Final Error: [Errno 8] nodename nor servname provided, or not known

[2026-06-17 05:35:17] Processing api.andreloessel.viewbook.com
  - Error on attempt 1: [SSL: TLSV1_ALERT_INTERNAL_ERROR] tlsv1 alert internal error (_ssl.c:1006)

[2026-06-17 05:35:17] PERMANENTLY FAILED: api.andreloessel.viewbook.com
  - Attempts: 1/2
  - Final Error: [SSL: TLSV1_ALERT_INTERNAL_ERROR] tlsv1 alert internal error (_ssl.c:1006)

[2026-06-17 05:35:17] Processing gopjax.com
  - Error on attempt 1: [Errno 61] Connection refused

[2026-06-17 05:35:17] PERMANENTLY FAILED: gopjax.com
  - Attempts: 1/2
  - Final Error: [Errno 61] Connection refused

[2026-06-17 05:35:17] Processing kennynrest.cn
  - Error on attempt 1: [Errno 8] nodename nor servname provided, or not known

[2026-06-17 05:35:17] PERMANENTLY FAILED: kennynrest.cn
  - Attempts: 1/2
  - Final Error: [Errno 8] nodename nor servname provided, or not known

[2026-06-17 05:35:17] Processing 2dxbd.lol
  - Error on attempt 1: [Errno 8] nodename nor servname provided, or not known

[2026-06-17 05:35:17] PERMANENTLY FAILED: 2dxbd.lol
  - Attempts: 1/2
  - Final Error: [Errno 8] nodename nor servname provided, or not known

[2026-06-17 05:35:17] Processing connect.vrii.com
  - Error on attempt 1: [SSL: TLSV1_UNRECOGNIZED_NAME] tlsv1 unrecognized name (_ssl.c:1006)

[2026-06-17 05:35:17] PERMANENTLY FAILED: connect.vrii.com
  - Attempts: 1/2
  - Final Error: [SSL: TLSV1_UNRECOGNIZED_NAME] tlsv1 unrecognized name (_ssl.c:1006)

[2026-06-17 05:35:17] Processing familyofficetoys.com
  - Error on attempt 1: [Errno 61] Connection refused

[2026-06-17 05:35:17] PERMANENTLY FAILED: familyofficetoys.com
  - Attempts: 1/2
  - Final Error: [Errno 61] Connection refused

[2026-06-17 05:35:17] Processing wwwitemap.innovationcast.net
  - Error on attempt 1: [Errno 8] nodename nor servname provided, or not known

[2026-06-17 05:35:17] PERMANENTLY FAILED: wwwitemap.innovationcast.net
  - Attempts: 1/2
  - Final Error: [Errno 8] nodename nor servname provided, or not known

[2026-06-17 05:35:17] Processing dev.sni.cloudflaressl.comjyqgzdxo.surveyssaas.com
  - Error on attempt 1: [Errno 61] Connection refused

[2026-06-17 05:35:17] PERMANENTLY FAILED: dev.sni.cloudflaressl.comjyqgzdxo.surveyssaas.com
  - Attempts: 1/2
  - Final Error: [Errno 61] Connection refused

[2026-06-17 05:35:17] Processing api.app.emailforinnovators.com
  - Error on attempt 1: [Errno 8] nodename nor servname provided, or not known

[2026-06-17 05:35:17] PERMANENTLY FAILED: api.app.emailforinnovators.com
  - Attempts: 1/2
  - Final Error: [Errno 8] nodename nor servname provided, or not known

[2026-06-17 05:35:17] Processing e35c1b85-b32f-4209-85a4-de21d3b5b0d9.littlestreetpottery.com
  - Error on attempt 1: [Errno 8] nodename nor servname provided, or not known

[2026-06-17 05:35:17] PERMANENTLY FAILED: e35c1b85-b32f-4209-85a4-de21d3b5b0d9.littlestreetpottery.com
  - Attempts: 1/2
  - Final Error: [Errno 8] nodename nor servname provided, or not known

[2026-06-17 05:35:17] Processing whatthemoxie.com
  - Error on attempt 1: [Errno 8] nodename nor servname provided, or not known

[2026-06-17 05:35:17] PERMANENTLY FAILED: whatthemoxie.com
  - Attempts: 1/2
  - Final Error: [Errno 8] nodename nor servname provided, or not known

[2026-06-17 05:35:18] Processing betting-scoreboard-gql.vulkanrussia.rocks
  - Error on attempt 1: [Errno 8] nodename nor servname provided, or not known

[2026-06-17 05:35:18] PERMANENTLY FAILED: betting-scoreboard-gql.vulkanrussia.rocks
  - Attempts: 1/2
  - Final Error: [Errno 8] nodename nor servname provided, or not known

[2026-06-17 05:35:18] Processing glbssy26.workers.dev
  - Error on attempt 1: [Errno 8] nodename nor servname provided, or not known

[2026-06-17 05:35:18] PERMANENTLY FAILED: glbssy26.workers.dev
  - Attempts: 1/2
  - Final Error: [Errno 8] nodename nor servname provided, or not known

[2026-06-17 05:35:18] Processing w577096163.fnos.net
  - Error on attempt 1: [SSL: UNEXPECTED_EOF_WHILE_READING] EOF occurred in violation of protocol (_ssl.c:1006)

[2026-06-17 05:35:18] PERMANENTLY FAILED: w577096163.fnos.net
  - Attempts: 1/2
  - Final Error: [SSL: UNEXPECTED_EOF_WHILE_READING] EOF occurred in violation of protocol (_ssl.c:1006)

[2026-06-17 05:35:18] Processing ieonios.online
  - Error on attempt 1: [Errno 8] nodename nor servname provided, or not known

[2026-06-17 05:35:18] PERMANENTLY FAILED: ieonios.online
  - Attempts: 1/2
  - Final Error: [Errno 8] nodename nor servname provided, or not known

[2026-06-17 05:35:18] Processing eta.empire.et
  - Error on attempt 1: [Errno 8] nodename nor servname provided, or not known

[2026-06-17 05:35:18] PERMANENTLY FAILED: eta.empire.et
  - Attempts: 1/2
  - Final Error: [Errno 8] nodename nor servname provided, or not known

[2026-06-17 05:35:18] Processing stemcelljoint.net
  - Error on attempt 1: [Errno 8] nodename nor servname provided, or not known

[2026-06-17 05:35:18] PERMANENTLY FAILED: stemcelljoint.net
  - Attempts: 1/2
  - Final Error: [Errno 8] nodename nor servname provided, or not known

[2026-06-17 05:35:18] Processing argo.sexhealth.com
  - Error on attempt 1: Connection Timed Out

[2026-06-17 05:35:18] PERMANENTLY FAILED: argo.sexhealth.com
  - Attempts: 1/2
  - Final Error: Connection Timed Out

[2026-06-17 05:35:18] Processing indicadores.edem.eu
  - Error on attempt 1: Connection Timed Out

[2026-06-17 05:35:18] PERMANENTLY FAILED: indicadores.edem.eu
  - Attempts: 1/2
  - Final Error: Connection Timed Out

[2026-06-17 05:35:18] Processing configfarsi695fcf3146e3d.workers.dev
  - Error on attempt 1: [Errno 8] nodename nor servname provided, or not known

[2026-06-17 05:35:18] PERMANENTLY FAILED: configfarsi695fcf3146e3d.workers.dev
  - Attempts: 1/2
  - Final Error: [Errno 8] nodename nor servname provided, or not known

[2026-06-17 05:35:18] Processing xaqtauser.renovaveisnahora.pt
  - Error on attempt 1: Connection Timed Out

[2026-06-17 05:35:18] PERMANENTLY FAILED: xaqtauser.renovaveisnahora.pt
  - Attempts: 1/2
  - Final Error: Connection Timed Out

[2026-06-17 05:35:18] Processing wqarjemail.webnew.de
  - Error on attempt 1: [Errno 8] nodename nor servname provided, or not known

[2026-06-17 05:35:18] PERMANENTLY FAILED: wqarjemail.webnew.de
  - Attempts: 1/2
  - Final Error: [Errno 8] nodename nor servname provided, or not known

[2026-06-17 05:35:18] Processing hallinta.workers.dev
  - Error on attempt 1: [Errno 8] nodename nor servname provided, or not known

[2026-06-17 05:35:18] PERMANENTLY FAILED: hallinta.workers.dev
  - Attempts: 1/2
  - Final Error: [Errno 8] nodename nor servname provided, or not known

[2026-06-17 05:35:19] Processing txqildz-ghvvkjmjgg.dynamic-m.com
  - Error on attempt 1: Connection Timed Out

[2026-06-17 05:35:19] PERMANENTLY FAILED: txqildz-ghvvkjmjgg.dynamic-m.com
  - Attempts: 1/2
  - Final Error: Connection Timed Out

[2026-06-17 05:35:19] Processing leatherscapitalreach.co
  - Error on attempt 1: [Errno 8] nodename nor servname provided, or not known

[2026-06-17 05:35:19] PERMANENTLY FAILED: leatherscapitalreach.co
  - Attempts: 1/2
  - Final Error: [Errno 8] nodename nor servname provided, or not known

[2026-06-17 05:35:19] Processing swaram.com
  - Error on attempt 1: [Errno 8] nodename nor servname provided, or not known

[2026-06-17 05:35:19] PERMANENTLY FAILED: swaram.com
  - Attempts: 1/2
  - Final Error: [Errno 8] nodename nor servname provided, or not known

[2026-06-17 05:35:19] Processing online.brevi.com
  - Error on attempt 1: Connection Timed Out

[2026-06-17 05:35:19] PERMANENTLY FAILED: online.brevi.com
  - Attempts: 1/2
  - Final Error: Connection Timed Out

[2026-06-17 05:35:19] Processing digicrib.me
  - Error on attempt 1: [Errno 61] Connection refused

[2026-06-17 05:35:19] PERMANENTLY FAILED: digicrib.me
  - Attempts: 1/2
  - Final Error: [Errno 61] Connection refused

[2026-06-17 05:35:20] Processing notexistsadmin.lesliecaron-auberge.com
  - Error on attempt 1: [Errno 61] Connection refused

[2026-06-17 05:35:20] PERMANENTLY FAILED: notexistsadmin.lesliecaron-auberge.com
  - Attempts: 1/2
  - Final Error: [Errno 61] Connection refused

[2026-06-17 05:35:20] Processing cpanel.finechineseclothing.com
  - Error on attempt 1: [Errno 8] nodename nor servname provided, or not known

[2026-06-17 05:35:20] PERMANENTLY FAILED: cpanel.finechineseclothing.com
  - Attempts: 1/2
  - Final Error: [Errno 8] nodename nor servname provided, or not known

[2026-06-17 05:35:20] Processing canvasschamp.com
  - Error on attempt 1: [Errno 8] nodename nor servname provided, or not known

[2026-06-17 05:35:20] PERMANENTLY FAILED: canvasschamp.com
  - Attempts: 1/2
  - Final Error: [Errno 8] nodename nor servname provided, or not known

[2026-06-17 05:35:20] Processing ww25.argo.rkvid.com
  - Error on attempt 1: [Errno 61] Connection refused

[2026-06-17 05:35:20] PERMANENTLY FAILED: ww25.argo.rkvid.com
  - Attempts: 1/2
  - Final Error: [Errno 61] Connection refused

[2026-06-17 05:35:20] Processing v1.wolf-forum.ch
  - Error on attempt 1: Connection Timed Out

[2026-06-17 05:35:20] PERMANENTLY FAILED: v1.wolf-forum.ch
  - Attempts: 1/2
  - Final Error: Connection Timed Out

[2026-06-17 05:35:20] Processing synoinstall-ocfu4pqqxmdj95mp.direct.quickconnect.to
  - Error on attempt 1: [Errno 8] nodename nor servname provided, or not known

[2026-06-17 05:35:20] PERMANENTLY FAILED: synoinstall-ocfu4pqqxmdj95mp.direct.quickconnect.to
  - Attempts: 1/2
  - Final Error: [Errno 8] nodename nor servname provided, or not known

[2026-06-17 05:35:20] Processing staging.app.www.adfasdfsd.truffled.lol
  - Error on attempt 1: [SSL: TLSV1_ALERT_INTERNAL_ERROR] tlsv1 alert internal error (_ssl.c:1006)

[2026-06-17 05:35:20] PERMANENTLY FAILED: staging.app.www.adfasdfsd.truffled.lol
  - Attempts: 1/2
  - Final Error: [SSL: TLSV1_ALERT_INTERNAL_ERROR] tlsv1 alert internal error (_ssl.c:1006)

[2026-06-17 05:35:20] Processing ftp.gtdfl.com
  - Error on attempt 1: [Errno 54] Connection reset by peer

[2026-06-17 05:35:20] PERMANENTLY FAILED: ftp.gtdfl.com
  - Attempts: 1/2
  - Final Error: [Errno 54] Connection reset by peer

[2026-06-17 05:35:20] Processing sc.redirect404web.com
  - Error on attempt 1: [Errno 61] Connection refused

[2026-06-17 05:35:20] PERMANENTLY FAILED: sc.redirect404web.com
  - Attempts: 1/2
  - Final Error: [Errno 61] Connection refused

[2026-06-17 05:35:20] Processing dashboard.mygolfer.com
  - Error on attempt 1: Connection Timed Out

[2026-06-17 05:35:20] PERMANENTLY FAILED: dashboard.mygolfer.com
  - Attempts: 1/2
  - Final Error: Connection Timed Out

[2026-06-17 05:35:21] Processing staging.sitemaps.kepi.rip
  - Error on attempt 1: [Errno 8] nodename nor servname provided, or not known

[2026-06-17 05:35:21] PERMANENTLY FAILED: staging.sitemaps.kepi.rip
  - Attempts: 1/2
  - Final Error: [Errno 8] nodename nor servname provided, or not known

[2026-06-17 05:35:21] Processing 6842d5dce3c8dd2da2668034.keenetic.io
  - Error on attempt 1: [Errno 8] nodename nor servname provided, or not known

[2026-06-17 05:35:21] PERMANENTLY FAILED: 6842d5dce3c8dd2da2668034.keenetic.io
  - Attempts: 1/2
  - Final Error: [Errno 8] nodename nor servname provided, or not known

[2026-06-17 05:35:21] Processing devmyttl4.arsia.xyz
  - Error on attempt 1: [Errno 8] nodename nor servname provided, or not known

[2026-06-17 05:35:21] PERMANENTLY FAILED: devmyttl4.arsia.xyz
  - Attempts: 1/2
  - Final Error: [Errno 8] nodename nor servname provided, or not known

[2026-06-17 05:35:21] Processing server2.drcomfortdpm.com
  - Error on attempt 1: Connection Timed Out

[2026-06-17 05:35:21] PERMANENTLY FAILED: server2.drcomfortdpm.com
  - Attempts: 1/2
  - Final Error: Connection Timed Out

[2026-06-17 05:35:21] Processing forums.adcamp.cz
  - Error on attempt 1: Connection Timed Out

[2026-06-17 05:35:21] PERMANENTLY FAILED: forums.adcamp.cz
  - Attempts: 1/2
  - Final Error: Connection Timed Out

[2026-06-17 05:35:21] Processing dev.app.elitejourneyguides.live
  - Error on attempt 1: Connection Timed Out

[2026-06-17 05:35:21] PERMANENTLY FAILED: dev.app.elitejourneyguides.live
  - Attempts: 1/2
  - Final Error: Connection Timed Out

[2026-06-17 05:35:22] Processing iot.renovaveisnahora.pt
  - Error on attempt 1: Connection Timed Out

[2026-06-17 05:35:22] PERMANENTLY FAILED: iot.renovaveisnahora.pt
  - Attempts: 1/2
  - Final Error: Connection Timed Out

[2026-06-17 05:35:22] Processing azpmail.com
  - Error on attempt 1: [Errno 61] Connection refused

[2026-06-17 05:35:22] PERMANENTLY FAILED: azpmail.com
  - Attempts: 1/2
  - Final Error: [Errno 61] Connection refused

[2026-06-17 05:35:22] Processing as9912.xn--hndler-bua.com
  - Error on attempt 1: Connection Timed Out

[2026-06-17 05:35:22] PERMANENTLY FAILED: as9912.xn--hndler-bua.com
  - Attempts: 1/2
  - Final Error: Connection Timed Out

[2026-06-17 05:35:22] Processing secure.thaifilms.com
  - Error on attempt 1: Connection Timed Out

[2026-06-17 05:35:22] PERMANENTLY FAILED: secure.thaifilms.com
  - Attempts: 1/2
  - Final Error: Connection Timed Out

[2026-06-17 05:35:22] Processing warrantywire.online
  - Error on attempt 1: [Errno 61] Connection refused

[2026-06-17 05:35:22] PERMANENTLY FAILED: warrantywire.online
  - Attempts: 1/2
  - Final Error: [Errno 61] Connection refused

[2026-06-17 05:35:22] Processing api.dev.mnpmp-ph.almased.uk
  - Error on attempt 1: [Errno 8] nodename nor servname provided, or not known

[2026-06-17 05:35:22] PERMANENTLY FAILED: api.dev.mnpmp-ph.almased.uk
  - Attempts: 1/2
  - Final Error: [Errno 8] nodename nor servname provided, or not known

[2026-06-17 05:35:22] Processing tonyolinda.direct.quickconnect.to
  - Error on attempt 1: Connection Timed Out

[2026-06-17 05:35:22] PERMANENTLY FAILED: tonyolinda.direct.quickconnect.to
  - Attempts: 1/2
  - Final Error: Connection Timed Out

[2026-06-17 05:35:22] Processing betting-scoreboard-gql.wulkan-russiya.xyz
  - Error on attempt 1: [Errno 8] nodename nor servname provided, or not known

[2026-06-17 05:35:22] PERMANENTLY FAILED: betting-scoreboard-gql.wulkan-russiya.xyz
  - Attempts: 1/2
  - Final Error: [Errno 8] nodename nor servname provided, or not known

[2026-06-17 05:35:22] Processing yandex.sberbank.youla.pochtabank.od2kvu.wog-azk.com
  - Error on attempt 1: Connection Timed Out

[2026-06-17 05:35:22] PERMANENTLY FAILED: yandex.sberbank.youla.pochtabank.od2kvu.wog-azk.com
  - Attempts: 1/2
  - Final Error: Connection Timed Out

[2026-06-17 05:35:23] Processing login.iphone.at
  - Error on attempt 1: Connection Timed Out

[2026-06-17 05:35:23] PERMANENTLY FAILED: login.iphone.at
  - Attempts: 1/2
  - Final Error: Connection Timed Out

[2026-06-17 05:35:23] Processing mailgw.baas.ro
  - Error on attempt 1: Connection Timed Out

[2026-06-17 05:35:23] PERMANENTLY FAILED: mailgw.baas.ro
  - Attempts: 1/2
  - Final Error: Connection Timed Out

[2026-06-17 05:35:23] Processing 36swed01.live
  - Error on attempt 1: [Errno 8] nodename nor servname provided, or not known

[2026-06-17 05:35:23] PERMANENTLY FAILED: 36swed01.live
  - Attempts: 1/2
  - Final Error: [Errno 8] nodename nor servname provided, or not known

[2026-06-17 05:35:24] Processing backup.thaifilms.com
  - Error on attempt 1: Connection Timed Out

[2026-06-17 05:35:24] PERMANENTLY FAILED: backup.thaifilms.com
  - Attempts: 1/2
  - Final Error: Connection Timed Out

[2026-06-17 05:35:24] Processing akivapini.direct.quickconnect.to
  - Error on attempt 1: Connection Timed Out

[2026-06-17 05:35:24] PERMANENTLY FAILED: akivapini.direct.quickconnect.to
  - Attempts: 1/2
  - Final Error: Connection Timed Out

[2026-06-17 05:35:25] Processing katharina-cloud.direct.quickconnect.to
  - Error on attempt 1: [Errno 61] Connection refused

[2026-06-17 05:35:25] PERMANENTLY FAILED: katharina-cloud.direct.quickconnect.to
  - Attempts: 1/2
  - Final Error: [Errno 61] Connection refused

[2026-06-17 05:35:25] Processing cailyboots.direct.quickconnect.to
  - Error on attempt 1: Connection Timed Out

[2026-06-17 05:35:25] PERMANENTLY FAILED: cailyboots.direct.quickconnect.to
  - Attempts: 1/2
  - Final Error: Connection Timed Out

[2026-06-17 05:35:25] Processing akfprremote.musina.it
  - Error on attempt 1: Connection Timed Out

[2026-06-17 05:35:25] PERMANENTLY FAILED: akfprremote.musina.it
  - Attempts: 1/2
  - Final Error: Connection Timed Out

[2026-06-17 05:35:26] Processing help.exposebooks.com
  - Error on attempt 1: Connection Timed Out

[2026-06-17 05:35:26] PERMANENTLY FAILED: help.exposebooks.com
  - Attempts: 1/2
  - Final Error: Connection Timed Out

[2026-06-17 05:35:27] Processing web2.learnenglishkids.org
  - Error on attempt 1: Connection Timed Out

[2026-06-17 05:35:27] PERMANENTLY FAILED: web2.learnenglishkids.org
  - Attempts: 1/2
  - Final Error: Connection Timed Out

[2026-06-17 05:35:28] Processing goframe1.direct.quickconnect.to
  - Error on attempt 1: Connection Timed Out

[2026-06-17 05:35:28] PERMANENTLY FAILED: goframe1.direct.quickconnect.to
  - Attempts: 1/2
  - Final Error: Connection Timed Out

[2026-06-17 05:35:28] Processing exchange.moonstone.it
  - Error on attempt 1: Connection Timed Out

[2026-06-17 05:35:28] PERMANENTLY FAILED: exchange.moonstone.it
  - Attempts: 1/2
  - Final Error: Connection Timed Out

[2026-06-17 05:35:29] Processing staging.app.www.www.www.www.www.234cde3d.nip.io
  - Error on attempt 1: Connection Timed Out

[2026-06-17 05:35:29] PERMANENTLY FAILED: staging.app.www.www.www.www.www.234cde3d.nip.io
  - Attempts: 1/2
  - Final Error: Connection Timed Out

[2026-06-17 05:35:29] Processing ocninteractive.com
  - Error on attempt 1: Connection Timed Out

[2026-06-17 05:35:29] PERMANENTLY FAILED: ocninteractive.com
  - Attempts: 1/2
  - Final Error: Connection Timed Out

[2026-06-17 05:35:29] Processing tzefldvs.caddy-one-ibe-redirect-proxy.eu-central-1.elasticbeanstalk.com
  - Error on attempt 1: Connection Timed Out

[2026-06-17 05:35:29] PERMANENTLY FAILED: tzefldvs.caddy-one-ibe-redirect-proxy.eu-central-1.elasticbeanstalk.com
  - Attempts: 1/2
  - Final Error: Connection Timed Out

[2026-06-17 05:35:29] Processing ds-swimor.direct.quickconnect.to
  - Error on attempt 1: Connection Timed Out

[2026-06-17 05:35:29] PERMANENTLY FAILED: ds-swimor.direct.quickconnect.to
  - Attempts: 1/2
  - Final Error: Connection Timed Out

[2026-06-17 05:35:29] Processing paqvrqa.carbonforumasia.com
  - Error on attempt 1: Connection Timed Out

[2026-06-17 05:35:29] PERMANENTLY FAILED: paqvrqa.carbonforumasia.com
  - Attempts: 1/2
  - Final Error: Connection Timed Out

[2026-06-17 05:35:29] Processing backup.tischlerei-lehmann.de
  - Error on attempt 1: Connection Timed Out

[2026-06-17 05:35:29] PERMANENTLY FAILED: backup.tischlerei-lehmann.de
  - Attempts: 1/2
  - Final Error: Connection Timed Out

[2026-06-17 05:35:30] Processing manage.wildones.com
  - Error on attempt 1: Connection Timed Out

[2026-06-17 05:35:30] PERMANENTLY FAILED: manage.wildones.com
  - Attempts: 1/2
  - Final Error: Connection Timed Out

[2026-06-17 05:35:31] Processing admin.api.mohuazhi.cn
  - Error on attempt 1: Connection Timed Out

[2026-06-17 05:35:31] PERMANENTLY FAILED: admin.api.mohuazhi.cn
  - Attempts: 1/2
  - Final Error: Connection Timed Out

[2026-06-17 05:35:31] Processing api.caronavirusvaccines.com
  - Error on attempt 1: Connection Timed Out

[2026-06-17 05:35:31] PERMANENTLY FAILED: api.caronavirusvaccines.com
  - Attempts: 1/2
  - Final Error: Connection Timed Out

[2026-06-17 05:35:31] Processing thpgqrd.printbiz.com
  - Error on attempt 1: [Errno 8] nodename nor servname provided, or not known

[2026-06-17 05:35:31] PERMANENTLY FAILED: thpgqrd.printbiz.com
  - Attempts: 1/2
  - Final Error: [Errno 8] nodename nor servname provided, or not known

[2026-06-17 05:35:32] Processing dev.jrhz2.51.222.141.36.sslip.io
  - Error on attempt 1: [SSL: TLSV1_ALERT_INTERNAL_ERROR] tlsv1 alert internal error (_ssl.c:1006)

[2026-06-17 05:35:32] PERMANENTLY FAILED: dev.jrhz2.51.222.141.36.sslip.io
  - Attempts: 1/2
  - Final Error: [SSL: TLSV1_ALERT_INTERNAL_ERROR] tlsv1 alert internal error (_ssl.c:1006)

[2026-06-17 05:35:32] Processing firewall.enigmatec.com
  - Error on attempt 1: Connection Timed Out

[2026-06-17 05:35:32] PERMANENTLY FAILED: firewall.enigmatec.com
  - Attempts: 1/2
  - Final Error: Connection Timed Out

[2026-06-17 05:35:32] Processing stanley212.com
  - Error on attempt 1: Connection Timed Out

[2026-06-17 05:35:32] PERMANENTLY FAILED: stanley212.com
  - Attempts: 1/2
  - Final Error: Connection Timed Out

[2026-06-17 05:35:32] Processing veeam.calcuator.com
  - Error on attempt 1: Connection Timed Out

[2026-06-17 05:35:32] PERMANENTLY FAILED: veeam.calcuator.com
  - Attempts: 1/2
  - Final Error: Connection Timed Out

[2026-06-17 05:35:32] Processing notification-gw.daktela.test.pbk-lab.tech
  - Error on attempt 1: Connection Timed Out

[2026-06-17 05:35:32] PERMANENTLY FAILED: notification-gw.daktela.test.pbk-lab.tech
  - Attempts: 1/2
  - Final Error: Connection Timed Out

[2026-06-17 05:35:32] Processing aplusrocks.com
  - Error on attempt 1: Connection Timed Out

[2026-06-17 05:35:32] PERMANENTLY FAILED: aplusrocks.com
  - Attempts: 1/2
  - Final Error: Connection Timed Out

[2026-06-17 05:35:34] Processing gozephyrus.com
  - Error on attempt 1: Connection Timed Out

[2026-06-17 05:35:34] PERMANENTLY FAILED: gozephyrus.com
  - Attempts: 1/2
  - Final Error: Connection Timed Out

[2026-06-17 05:35:35] Processing harrywaynecasey.us
  - Error on attempt 1: Connection Timed Out

[2026-06-17 05:35:35] PERMANENTLY FAILED: harrywaynecasey.us
  - Attempts: 1/2
  - Final Error: Connection Timed Out

[2026-06-17 05:35:35] Processing alidndev.lax.no
  - Error on attempt 1: Connection Timed Out

[2026-06-17 05:35:35] PERMANENTLY FAILED: alidndev.lax.no
  - Attempts: 1/2
  - Final Error: Connection Timed Out

[2026-06-17 05:35:35] Processing neexora.shop
  - Error on attempt 1: [Errno 8] nodename nor servname provided, or not known

[2026-06-17 05:35:35] PERMANENTLY FAILED: neexora.shop
  - Attempts: 1/2
  - Final Error: [Errno 8] nodename nor servname provided, or not known

[2026-06-17 05:35:36] Processing etc-telecomm.com
  - Error on attempt 1: Connection Timed Out

[2026-06-17 05:35:36] PERMANENTLY FAILED: etc-telecomm.com
  - Attempts: 1/2
  - Final Error: Connection Timed Out

[2026-06-17 05:35:36] Processing net.onup.de
  - Error on attempt 1: [Errno 8] nodename nor servname provided, or not known

[2026-06-17 05:35:36] PERMANENTLY FAILED: net.onup.de
  - Attempts: 1/2
  - Final Error: [Errno 8] nodename nor servname provided, or not known

[2026-06-17 05:35:37] Processing buyer-api.upload.cash
  - Error on attempt 1: Connection Timed Out

[2026-06-17 05:35:37] PERMANENTLY FAILED: buyer-api.upload.cash
  - Attempts: 1/2
  - Final Error: Connection Timed Out

[2026-06-17 05:35:37] Processing olcsoviz.vizmegtakaritas.hu
  - Error on attempt 1: Connection Timed Out

[2026-06-17 05:35:37] PERMANENTLY FAILED: olcsoviz.vizmegtakaritas.hu
  - Attempts: 1/2
  - Final Error: Connection Timed Out

[2026-06-17 05:35:37] Processing device-local-506efda0-7338-41ba-a009-4c6e8ca3ac0d.remotewd.com
  - Error on attempt 1: Connection Timed Out

[2026-06-17 05:35:37] PERMANENTLY FAILED: device-local-506efda0-7338-41ba-a009-4c6e8ca3ac0d.remotewd.com
  - Attempts: 1/2
  - Final Error: Connection Timed Out

[2026-06-17 05:35:38] Processing centralbearings.com
  - Error on attempt 1: Connection Timed Out

[2026-06-17 05:35:38] PERMANENTLY FAILED: centralbearings.com
  - Attempts: 1/2
  - Final Error: Connection Timed Out

[2026-06-17 05:35:39] Processing m.aus.vg
  - Error on attempt 1: Connection Timed Out

[2026-06-17 05:35:39] PERMANENTLY FAILED: m.aus.vg
  - Attempts: 1/2
  - Final Error: Connection Timed Out

[2026-06-17 05:35:39] Processing a7dfdae7-e0f1-4034-a845-382e5e25d30e.caronavirusvaccines.com
  - Error on attempt 1: Connection Timed Out

[2026-06-17 05:35:39] PERMANENTLY FAILED: a7dfdae7-e0f1-4034-a845-382e5e25d30e.caronavirusvaccines.com
  - Attempts: 1/2
  - Final Error: Connection Timed Out

[2026-06-17 05:35:39] Processing roos.casjansenit.nl
  - Error on attempt 1: [Errno 8] nodename nor servname provided, or not known

[2026-06-17 05:35:39] PERMANENTLY FAILED: roos.casjansenit.nl
  - Attempts: 1/2
  - Final Error: [Errno 8] nodename nor servname provided, or not known

[2026-06-17 05:35:39] Processing ts.meisterbrief.eu
  - Error on attempt 1: Connection Timed Out

[2026-06-17 05:35:39] PERMANENTLY FAILED: ts.meisterbrief.eu
  - Attempts: 1/2
  - Final Error: Connection Timed Out

[2026-06-17 05:35:39] Processing thomasponcet-rustici.dev-eu.360l.io
  - Error on attempt 1: [Errno 8] nodename nor servname provided, or not known

[2026-06-17 05:35:39] PERMANENTLY FAILED: thomasponcet-rustici.dev-eu.360l.io
  - Attempts: 1/2
  - Final Error: [Errno 8] nodename nor servname provided, or not known

[2026-06-17 05:35:39] Processing buffer-buffer-metrics.dev-c15a-labawsuse.lab.ppops.net
  - Error on attempt 1: [Errno 8] nodename nor servname provided, or not known

[2026-06-17 05:35:39] PERMANENTLY FAILED: buffer-buffer-metrics.dev-c15a-labawsuse.lab.ppops.net
  - Attempts: 1/2
  - Final Error: [Errno 8] nodename nor servname provided, or not known

[2026-06-17 05:35:39] Processing ustad.co.in
  - Error on attempt 1: Connection Timed Out

[2026-06-17 05:35:39] PERMANENTLY FAILED: ustad.co.in
  - Attempts: 1/2
  - Final Error: Connection Timed Out

[2026-06-17 05:35:40] Processing chuanmeia.top
  - Error on attempt 1: Connection Timed Out

[2026-06-17 05:35:40] PERMANENTLY FAILED: chuanmeia.top
  - Attempts: 1/2
  - Final Error: Connection Timed Out

[2026-06-17 05:35:41] Processing talge.direct.quickconnect.to
  - Error on attempt 1: Connection Timed Out

[2026-06-17 05:35:41] PERMANENTLY FAILED: talge.direct.quickconnect.to
  - Attempts: 1/2
  - Final Error: Connection Timed Out

[2026-06-17 05:35:41] Processing myvateam.hu
  - Error on attempt 1: Connection Timed Out

[2026-06-17 05:35:41] PERMANENTLY FAILED: myvateam.hu
  - Attempts: 1/2
  - Final Error: Connection Timed Out

[2026-06-17 05:35:42] Processing rainira.com
  - Error on attempt 1: Connection Timed Out

[2026-06-17 05:35:42] PERMANENTLY FAILED: rainira.com
  - Attempts: 1/2
  - Final Error: Connection Timed Out

[2026-06-17 05:35:47] Processing staging3.plasmastreamtech.com
  - Error on attempt 1: Connection Timed Out

[2026-06-17 05:35:47] PERMANENTLY FAILED: staging3.plasmastreamtech.com
  - Attempts: 1/2
  - Final Error: Connection Timed Out

[2026-06-17 05:35:47] Processing docker.nmdoj.gov
  - Error on attempt 1: [Errno 8] nodename nor servname provided, or not known

[2026-06-17 05:35:47] PERMANENTLY FAILED: docker.nmdoj.gov
  - Attempts: 1/2
  - Final Error: [Errno 8] nodename nor servname provided, or not known

[2026-06-17 05:35:49] Processing pop-mail.mosaic.ro
  - Error on attempt 1: Connection Timed Out

[2026-06-17 05:35:49] PERMANENTLY FAILED: pop-mail.mosaic.ro
  - Attempts: 1/2
  - Final Error: Connection Timed Out

[2026-06-17 05:35:49] Processing api.app.xn--h1aekihbc.xn--p1ai
  - Error on attempt 1: Connection Timed Out

[2026-06-17 05:35:49] PERMANENTLY FAILED: api.app.xn--h1aekihbc.xn--p1ai
  - Attempts: 1/2
  - Final Error: Connection Timed Out

[2026-06-17 05:35:49] Processing il.mateimonio.com
  - Error on attempt 1: Connection Timed Out

[2026-06-17 05:35:49] PERMANENTLY FAILED: il.mateimonio.com
  - Attempts: 1/2
  - Final Error: Connection Timed Out

[2026-06-17 05:35:49] Processing status.psd-nuernberg.de
  - Error on attempt 1: Connection Timed Out

[2026-06-17 05:35:49] PERMANENTLY FAILED: status.psd-nuernberg.de
  - Attempts: 1/2
  - Final Error: Connection Timed Out

[2026-06-17 05:35:51] Processing latest.dnxcapesvc.dlr.usw2.eks.wdprapps.disney.com
  - Error on attempt 1: [Errno 8] nodename nor servname provided, or not known

[2026-06-17 05:35:51] PERMANENTLY FAILED: latest.dnxcapesvc.dlr.usw2.eks.wdprapps.disney.com
  - Attempts: 1/2
  - Final Error: [Errno 8] nodename nor servname provided, or not known

[2026-06-17 05:35:51] Processing dev.shexpdbz.caddy-one-ibe-redirect-proxy.eu-central-1.elasticbeanstalk.com
  - Error on attempt 1: [Errno 8] nodename nor servname provided, or not known

[2026-06-17 05:35:51] PERMANENTLY FAILED: dev.shexpdbz.caddy-one-ibe-redirect-proxy.eu-central-1.elasticbeanstalk.com
  - Attempts: 1/2
  - Final Error: [Errno 8] nodename nor servname provided, or not known

[2026-06-17 05:35:51] Processing staging.sni.cloudflaressl.comjyqgzdxo.surveyssaas.com
  - Error on attempt 1: [Errno 8] nodename nor servname provided, or not known

[2026-06-17 05:35:51] PERMANENTLY FAILED: staging.sni.cloudflaressl.comjyqgzdxo.surveyssaas.com
  - Attempts: 1/2
  - Final Error: [Errno 8] nodename nor servname provided, or not known

[2026-06-17 05:35:51] Processing freshlookinhomecleaning.ca
  - Error on attempt 1: [Errno 8] nodename nor servname provided, or not known

[2026-06-17 05:35:51] PERMANENTLY FAILED: freshlookinhomecleaning.ca
  - Attempts: 1/2
  - Final Error: [Errno 8] nodename nor servname provided, or not known

[2026-06-17 05:35:51] Processing www4.ktm-faber.de
  - Error on attempt 1: Connection Timed Out

[2026-06-17 05:35:51] PERMANENTLY FAILED: www4.ktm-faber.de
  - Attempts: 1/2
  - Final Error: Connection Timed Out

[2026-06-17 05:35:51] Processing sylmwear.com
  - Error on attempt 1: [SSL: SSLV3_ALERT_HANDSHAKE_FAILURE] ssl/tls alert handshake failure (_ssl.c:1006)

[2026-06-17 05:35:51] PERMANENTLY FAILED: sylmwear.com
  - Attempts: 1/2
  - Final Error: [SSL: SSLV3_ALERT_HANDSHAKE_FAILURE] ssl/tls alert handshake failure (_ssl.c:1006)

[2026-06-17 05:35:52] Processing summitwithet.com
  - Error on attempt 1: [Errno 8] nodename nor servname provided, or not known

[2026-06-17 05:35:52] PERMANENTLY FAILED: summitwithet.com
  - Attempts: 1/2
  - Final Error: [Errno 8] nodename nor servname provided, or not known

[2026-06-17 05:35:52] Processing front-facing-v2.lotus.bloomflow.com
  - Error on attempt 1: [Errno 8] nodename nor servname provided, or not known

[2026-06-17 05:35:52] PERMANENTLY FAILED: front-facing-v2.lotus.bloomflow.com
  - Attempts: 1/2
  - Final Error: [Errno 8] nodename nor servname provided, or not known

[2026-06-17 05:35:52] Processing lopofficesupply.com
  - Error on attempt 1: [Errno 8] nodename nor servname provided, or not known

[2026-06-17 05:35:52] PERMANENTLY FAILED: lopofficesupply.com
  - Attempts: 1/2
  - Final Error: [Errno 8] nodename nor servname provided, or not known

[2026-06-17 05:35:52] Processing api.xwimtygc.bg.geek.nz
  - Error on attempt 1: [Errno 8] nodename nor servname provided, or not known

[2026-06-17 05:35:52] PERMANENTLY FAILED: api.xwimtygc.bg.geek.nz
  - Attempts: 1/2
  - Final Error: [Errno 8] nodename nor servname provided, or not known

[2026-06-17 05:35:52] Processing jiuyuebinguan.com
  - Error on attempt 1: [Errno 8] nodename nor servname provided, or not known

[2026-06-17 05:35:52] PERMANENTLY FAILED: jiuyuebinguan.com
  - Attempts: 1/2
  - Final Error: [Errno 8] nodename nor servname provided, or not known

[2026-06-17 05:35:52] Processing test.balbak.com
  - Error on attempt 1: [Errno 8] nodename nor servname provided, or not known

[2026-06-17 05:35:52] PERMANENTLY FAILED: test.balbak.com
  - Attempts: 1/2
  - Final Error: [Errno 8] nodename nor servname provided, or not known

[2026-06-17 05:35:52] Processing kabarheadline.com
  - Error on attempt 1: [Errno 8] nodename nor servname provided, or not known

[2026-06-17 05:35:52] PERMANENTLY FAILED: kabarheadline.com
  - Attempts: 1/2
  - Final Error: [Errno 8] nodename nor servname provided, or not known

[2026-06-17 05:35:52] Processing wwuat.innovationcast.net
  - Error on attempt 1: [Errno 8] nodename nor servname provided, or not known

[2026-06-17 05:35:52] PERMANENTLY FAILED: wwuat.innovationcast.net
  - Attempts: 1/2
  - Final Error: [Errno 8] nodename nor servname provided, or not known

[2026-06-17 05:35:52] Processing divorcelawyeratweston.com
  - Error on attempt 1: Connection Timed Out

[2026-06-17 05:35:52] PERMANENTLY FAILED: divorcelawyeratweston.com
  - Attempts: 1/2
  - Final Error: Connection Timed Out

[2026-06-17 05:35:53] Processing m.apex-dg.com.cn
  - Error on attempt 1: [Errno 8] nodename nor servname provided, or not known

[2026-06-17 05:35:53] PERMANENTLY FAILED: m.apex-dg.com.cn
  - Attempts: 1/2
  - Final Error: [Errno 8] nodename nor servname provided, or not known

[2026-06-17 05:35:53] Processing 1.nflxso.net
  - Error on attempt 1: [Errno 8] nodename nor servname provided, or not known

[2026-06-17 05:35:53] PERMANENTLY FAILED: 1.nflxso.net
  - Attempts: 1/2
  - Final Error: [Errno 8] nodename nor servname provided, or not known

[2026-06-17 05:35:54] Processing generate-api.sag.ceo
  - Error on attempt 1: [Errno 8] nodename nor servname provided, or not known

[2026-06-17 05:35:54] PERMANENTLY FAILED: generate-api.sag.ceo
  - Attempts: 1/2
  - Final Error: [Errno 8] nodename nor servname provided, or not known

[2026-06-17 05:35:54] Processing smashbros.co.in
  - Error on attempt 1: [Errno 8] nodename nor servname provided, or not known

[2026-06-17 05:35:54] PERMANENTLY FAILED: smashbros.co.in
  - Attempts: 1/2
  - Final Error: [Errno 8] nodename nor servname provided, or not known

[2026-06-17 05:35:55] Processing 3ddab4164fe9af6b04d04185.keenetic.io
  - Error on attempt 1: [Errno 8] nodename nor servname provided, or not known

[2026-06-17 05:35:55] PERMANENTLY FAILED: 3ddab4164fe9af6b04d04185.keenetic.io
  - Attempts: 1/2
  - Final Error: [Errno 8] nodename nor servname provided, or not known

[2026-06-17 05:35:55] Processing dev.www.bodyshoppng.com
  - Error on attempt 1: [Errno 8] nodename nor servname provided, or not known

[2026-06-17 05:35:55] PERMANENTLY FAILED: dev.www.bodyshoppng.com
  - Attempts: 1/2
  - Final Error: [Errno 8] nodename nor servname provided, or not known

[2026-06-17 05:35:55] Processing c418e8a7999e4efa564.dcer.azurecertificateservice.azure-int.net
  - Error on attempt 1: [Errno 8] nodename nor servname provided, or not known

[2026-06-17 05:35:55] PERMANENTLY FAILED: c418e8a7999e4efa564.dcer.azurecertificateservice.azure-int.net
  - Attempts: 1/2
  - Final Error: [Errno 8] nodename nor servname provided, or not known

[2026-06-17 05:35:57] Processing taxiservicespaphos.com
  - Error on attempt 1: Connection Timed Out

[2026-06-17 05:35:57] PERMANENTLY FAILED: taxiservicespaphos.com
  - Attempts: 1/2
  - Final Error: Connection Timed Out

[2026-06-17 05:35:58] Processing acb91b02e6c700255fd.dcer.azurecertificateservice.azure-int.net
  - Error on attempt 1: [Errno 8] nodename nor servname provided, or not known

[2026-06-17 05:35:58] PERMANENTLY FAILED: acb91b02e6c700255fd.dcer.azurecertificateservice.azure-int.net
  - Attempts: 1/2
  - Final Error: [Errno 8] nodename nor servname provided, or not known

[2026-06-17 05:35:59] Processing test.shexpdbz.caddy-one-ibe-redirect-proxy.eu-central-1.elasticbeanstalk.com
  - Error on attempt 1: [Errno 8] nodename nor servname provided, or not known

[2026-06-17 05:35:59] PERMANENTLY FAILED: test.shexpdbz.caddy-one-ibe-redirect-proxy.eu-central-1.elasticbeanstalk.com
  - Attempts: 1/2
  - Final Error: [Errno 8] nodename nor servname provided, or not known

[2026-06-17 05:35:59] Processing app.rubackyte.eu
  - Error on attempt 1: Connection Timed Out

[2026-06-17 05:35:59] PERMANENTLY FAILED: app.rubackyte.eu
  - Attempts: 1/2
  - Final Error: Connection Timed Out

[2026-06-17 05:35:59] Processing pijnvrij.fysiotherapie4all.nl
  - Error on attempt 1: [Errno 8] nodename nor servname provided, or not known

[2026-06-17 05:35:59] PERMANENTLY FAILED: pijnvrij.fysiotherapie4all.nl
  - Attempts: 1/2
  - Final Error: [Errno 8] nodename nor servname provided, or not known

[2026-06-17 05:35:59] Processing a03bc95e26bd893f389.dcer.azurecertificateservice.azure-int.net
  - Error on attempt 1: [Errno 8] nodename nor servname provided, or not known

[2026-06-17 05:35:59] PERMANENTLY FAILED: a03bc95e26bd893f389.dcer.azurecertificateservice.azure-int.net
  - Attempts: 1/2
  - Final Error: [Errno 8] nodename nor servname provided, or not known

[2026-06-17 05:36:00] Processing 99f6c67a21a.dcer.azurecertificateservice.azure-int.net
  - Error on attempt 1: [Errno 8] nodename nor servname provided, or not known

[2026-06-17 05:36:00] PERMANENTLY FAILED: 99f6c67a21a.dcer.azurecertificateservice.azure-int.net
  - Attempts: 1/2
  - Final Error: [Errno 8] nodename nor servname provided, or not known

[2026-06-17 05:36:01] Processing foreshore.org
  - Error on attempt 1: Connection Timed Out

[2026-06-17 05:36:01] PERMANENTLY FAILED: foreshore.org
  - Attempts: 1/2
  - Final Error: Connection Timed Out

[2026-06-17 05:36:02] Processing blondiescooking.com
  - Error on attempt 1: [Errno 8] nodename nor servname provided, or not known

[2026-06-17 05:36:02] PERMANENTLY FAILED: blondiescooking.com
  - Attempts: 1/2
  - Final Error: [Errno 8] nodename nor servname provided, or not known

[2026-06-17 05:36:02] Processing partaiidamess.upload.cash
  - Error on attempt 1: Connection Timed Out

[2026-06-17 05:36:02] PERMANENTLY FAILED: partaiidamess.upload.cash
  - Attempts: 1/2
  - Final Error: Connection Timed Out

[2026-06-17 05:36:02] Processing casanapoli.es
  - Error on attempt 1: [Errno 8] nodename nor servname provided, or not known

[2026-06-17 05:36:02] PERMANENTLY FAILED: casanapoli.es
  - Attempts: 1/2
  - Final Error: [Errno 8] nodename nor servname provided, or not known

[2026-06-17 05:36:02] Processing learnstatamic.com
  - Error on attempt 1: [Errno 8] nodename nor servname provided, or not known

[2026-06-17 05:36:02] PERMANENTLY FAILED: learnstatamic.com
  - Attempts: 1/2
  - Final Error: [Errno 8] nodename nor servname provided, or not known

[2026-06-17 05:36:02] Processing admin.secure.stage.csbtestingipfacts.triage.com
  - Error on attempt 1: [Errno 8] nodename nor servname provided, or not known

[2026-06-17 05:36:02] PERMANENTLY FAILED: admin.secure.stage.csbtestingipfacts.triage.com
  - Attempts: 1/2
  - Final Error: [Errno 8] nodename nor servname provided, or not known

[2026-06-17 05:36:03] Processing qa.upload.cash
  - Error on attempt 1: Connection Timed Out

[2026-06-17 05:36:03] PERMANENTLY FAILED: qa.upload.cash
  - Attempts: 1/2
  - Final Error: Connection Timed Out

[2026-06-17 05:36:04] Processing staging.security-syss.weblly.com
  - Error on attempt 1: [Errno 8] nodename nor servname provided, or not known

[2026-06-17 05:36:04] PERMANENTLY FAILED: staging.security-syss.weblly.com
  - Attempts: 1/2
  - Final Error: [Errno 8] nodename nor servname provided, or not known

[2026-06-17 05:36:05] Processing 499bad7a04a.dcer.azurecertificateservice.azure-int.net
  - Error on attempt 1: [Errno 8] nodename nor servname provided, or not known

[2026-06-17 05:36:05] PERMANENTLY FAILED: 499bad7a04a.dcer.azurecertificateservice.azure-int.net
  - Attempts: 1/2
  - Final Error: [Errno 8] nodename nor servname provided, or not known

[2026-06-17 05:36:05] Processing adumar.whf.bz
  - Error on attempt 1: Connection Timed Out

[2026-06-17 05:36:05] PERMANENTLY FAILED: adumar.whf.bz
  - Attempts: 1/2
  - Final Error: Connection Timed Out

[2026-06-17 05:36:06] Processing cdek.sbermarket.www.ww.id0718.com
  - Error on attempt 1: [Errno 8] nodename nor servname provided, or not known

[2026-06-17 05:36:06] PERMANENTLY FAILED: cdek.sbermarket.www.ww.id0718.com
  - Attempts: 1/2
  - Final Error: [Errno 8] nodename nor servname provided, or not known

[2026-06-17 05:36:06] Processing ebac709ea91.dcer.azurecertificateservice.azure-int.net
  - Error on attempt 1: [Errno 8] nodename nor servname provided, or not known

[2026-06-17 05:36:06] PERMANENTLY FAILED: ebac709ea91.dcer.azurecertificateservice.azure-int.net
  - Attempts: 1/2
  - Final Error: [Errno 8] nodename nor servname provided, or not known

[2026-06-17 05:36:07] Processing drive.itsufficient.me
  - Error on attempt 1: [Errno 8] nodename nor servname provided, or not known

[2026-06-17 05:36:07] PERMANENTLY FAILED: drive.itsufficient.me
  - Attempts: 1/2
  - Final Error: [Errno 8] nodename nor servname provided, or not known

[2026-06-17 05:36:07] Processing test.demo-data.itinerator.ca
  - Error on attempt 1: Connection Timed Out

[2026-06-17 05:36:07] PERMANENTLY FAILED: test.demo-data.itinerator.ca
  - Attempts: 1/2
  - Final Error: Connection Timed Out

[2026-06-17 05:36:07] Processing centraloncologyreview.com
  - Error on attempt 1: [Errno 8] nodename nor servname provided, or not known

[2026-06-17 05:36:07] PERMANENTLY FAILED: centraloncologyreview.com
  - Attempts: 1/2
  - Final Error: [Errno 8] nodename nor servname provided, or not known

[2026-06-17 05:36:07] Processing polyana-chudes.ru
  - Error on attempt 1: [Errno 8] nodename nor servname provided, or not known

[2026-06-17 05:36:07] PERMANENTLY FAILED: polyana-chudes.ru
  - Attempts: 1/2
  - Final Error: [Errno 8] nodename nor servname provided, or not known

[2026-06-17 05:36:08] Processing gltestapp.com
  - Error on attempt 1: [Errno 8] nodename nor servname provided, or not known

[2026-06-17 05:36:08] PERMANENTLY FAILED: gltestapp.com
  - Attempts: 1/2
  - Final Error: [Errno 8] nodename nor servname provided, or not known

[2026-06-17 05:36:09] Processing corpalliances.site
  - Error on attempt 1: [Errno 8] nodename nor servname provided, or not known

[2026-06-17 05:36:09] PERMANENTLY FAILED: corpalliances.site
  - Attempts: 1/2
  - Final Error: [Errno 8] nodename nor servname provided, or not known

[2026-06-17 05:36:09] Processing fridayoptionsincome.com
  - Error on attempt 1: [Errno 8] nodename nor servname provided, or not known

[2026-06-17 05:36:09] PERMANENTLY FAILED: fridayoptionsincome.com
  - Attempts: 1/2
  - Final Error: [Errno 8] nodename nor servname provided, or not known

[2026-06-17 05:36:11] Processing exportskerala.in
  - Error on attempt 1: [Errno 8] nodename nor servname provided, or not known

[2026-06-17 05:36:11] PERMANENTLY FAILED: exportskerala.in
  - Attempts: 1/2
  - Final Error: [Errno 8] nodename nor servname provided, or not known

[2026-06-17 05:36:12] Processing d.obsci.com
  - Error on attempt 1: [Errno 8] nodename nor servname provided, or not known

[2026-06-17 05:36:12] PERMANENTLY FAILED: d.obsci.com
  - Attempts: 1/2
  - Final Error: [Errno 8] nodename nor servname provided, or not known

[2026-06-17 05:36:14] Processing correo.tischlerei-lehmann.de
  - Error on attempt 1: Connection Timed Out

[2026-06-17 05:36:14] PERMANENTLY FAILED: correo.tischlerei-lehmann.de
  - Attempts: 1/2
  - Final Error: Connection Timed Out

[2026-06-17 05:36:14] Processing interactievevideo.metmotion.nl
  - Error on attempt 1: [Errno 8] nodename nor servname provided, or not known

[2026-06-17 05:36:14] PERMANENTLY FAILED: interactievevideo.metmotion.nl
  - Attempts: 1/2
  - Final Error: [Errno 8] nodename nor servname provided, or not known

[2026-06-17 05:36:15] Processing vistakale.com.br
  - Error on attempt 1: Connection Timed Out

[2026-06-17 05:36:15] PERMANENTLY FAILED: vistakale.com.br
  - Attempts: 1/2
  - Final Error: Connection Timed Out

[2026-06-17 05:36:15] Processing ogakuzunyanko.com
  - Error on attempt 1: [Errno 8] nodename nor servname provided, or not known

[2026-06-17 05:36:15] PERMANENTLY FAILED: ogakuzunyanko.com
  - Attempts: 1/2
  - Final Error: [Errno 8] nodename nor servname provided, or not known

[2026-06-17 05:36:15] Processing zimbra.buongiorno.de
  - Error on attempt 1: Connection Timed Out

[2026-06-17 05:36:15] PERMANENTLY FAILED: zimbra.buongiorno.de
  - Attempts: 1/2
  - Final Error: Connection Timed Out

[2026-06-17 05:36:15] Processing mlawca.com
  - Error on attempt 1: Connection Timed Out

[2026-06-17 05:36:15] PERMANENTLY FAILED: mlawca.com
  - Attempts: 1/2
  - Final Error: Connection Timed Out

[2026-06-17 05:36:16] Processing ww31.v172.thefutureis.digital
  - Error on attempt 1: [Errno 8] nodename nor servname provided, or not known

[2026-06-17 05:36:16] PERMANENTLY FAILED: ww31.v172.thefutureis.digital
  - Attempts: 1/2
  - Final Error: [Errno 8] nodename nor servname provided, or not known

[2026-06-17 05:36:17] Processing staging.dev.novyportal.almased.uk
  - Error on attempt 1: [Errno 8] nodename nor servname provided, or not known

[2026-06-17 05:36:17] PERMANENTLY FAILED: staging.dev.novyportal.almased.uk
  - Attempts: 1/2
  - Final Error: [Errno 8] nodename nor servname provided, or not known

[2026-06-17 05:36:17] Processing rxlbdnstf-domain-eu-n2.ccm-rxlb-dns-tf.certsbridge.com
  - Error on attempt 1: [Errno 8] nodename nor servname provided, or not known

[2026-06-17 05:36:17] PERMANENTLY FAILED: rxlbdnstf-domain-eu-n2.ccm-rxlb-dns-tf.certsbridge.com
  - Attempts: 1/2
  - Final Error: [Errno 8] nodename nor servname provided, or not known

[2026-06-17 05:36:17] Processing antonkudo-design.workers.dev
  - Error on attempt 1: [Errno 8] nodename nor servname provided, or not known

[2026-06-17 05:36:17] PERMANENTLY FAILED: antonkudo-design.workers.dev
  - Attempts: 1/2
  - Final Error: [Errno 8] nodename nor servname provided, or not known

[2026-06-17 05:36:18] Processing smtp.upload.cash
  - Error on attempt 1: Connection Timed Out

[2026-06-17 05:36:18] PERMANENTLY FAILED: smtp.upload.cash
  - Attempts: 1/2
  - Final Error: Connection Timed Out

[2026-06-17 05:36:18] Processing figzoo.us
  - Error on attempt 1: [Errno 8] nodename nor servname provided, or not known

[2026-06-17 05:36:18] PERMANENTLY FAILED: figzoo.us
  - Attempts: 1/2
  - Final Error: [Errno 8] nodename nor servname provided, or not known

[2026-06-17 05:36:18] Processing lohxewomen.didona.com
  - Error on attempt 1: [Errno 8] nodename nor servname provided, or not known

[2026-06-17 05:36:18] PERMANENTLY FAILED: lohxewomen.didona.com
  - Attempts: 1/2
  - Final Error: [Errno 8] nodename nor servname provided, or not known

[2026-06-17 05:36:18] Processing dev.www.console.wwwdemo.marionstronks.nl
  - Error on attempt 1: [SSL: TLSV1_ALERT_INTERNAL_ERROR] tlsv1 alert internal error (_ssl.c:1006)

[2026-06-17 05:36:18] PERMANENTLY FAILED: dev.www.console.wwwdemo.marionstronks.nl
  - Attempts: 1/2
  - Final Error: [SSL: TLSV1_ALERT_INTERNAL_ERROR] tlsv1 alert internal error (_ssl.c:1006)

[2026-06-17 05:36:19] Processing laspalomasvacay.com
  - Error on attempt 1: Connection Timed Out

[2026-06-17 05:36:19] PERMANENTLY FAILED: laspalomasvacay.com
  - Attempts: 1/2
  - Final Error: Connection Timed Out

[2026-06-17 05:36:19] Processing sumio.online
  - Error on attempt 1: [Errno 8] nodename nor servname provided, or not known

[2026-06-17 05:36:19] PERMANENTLY FAILED: sumio.online
  - Attempts: 1/2
  - Final Error: [Errno 8] nodename nor servname provided, or not known

[2026-06-17 05:36:19] Processing dh4300plus-543c-8bio.direct.ug.link
  - Error on attempt 1: [Errno 8] nodename nor servname provided, or not known

[2026-06-17 05:36:19] PERMANENTLY FAILED: dh4300plus-543c-8bio.direct.ug.link
  - Attempts: 1/2
  - Final Error: [Errno 8] nodename nor servname provided, or not known

[2026-06-17 05:36:19] Processing kuhllinscomb.info
  - Error on attempt 1: [Errno 61] Connection refused

[2026-06-17 05:36:19] PERMANENTLY FAILED: kuhllinscomb.info
  - Attempts: 1/2
  - Final Error: [Errno 61] Connection refused

[2026-06-17 05:36:20] Processing ulfgyforum.davkom.com
  - Error on attempt 1: [Errno 8] nodename nor servname provided, or not known

[2026-06-17 05:36:20] PERMANENTLY FAILED: ulfgyforum.davkom.com
  - Attempts: 1/2
  - Final Error: [Errno 8] nodename nor servname provided, or not known

[2026-06-17 05:36:20] Processing dev.davkom.com
  - Error on attempt 1: [Errno 8] nodename nor servname provided, or not known

[2026-06-17 05:36:20] PERMANENTLY FAILED: dev.davkom.com
  - Attempts: 1/2
  - Final Error: [Errno 8] nodename nor servname provided, or not known

[2026-06-17 05:36:21] Processing alpha.upload.cash
  - Error on attempt 1: Connection Timed Out

[2026-06-17 05:36:21] PERMANENTLY FAILED: alpha.upload.cash
  - Attempts: 1/2
  - Final Error: Connection Timed Out

[2026-06-17 05:36:21] Processing franciscolorenzo.com
  - Error on attempt 1: [Errno 8] nodename nor servname provided, or not known

[2026-06-17 05:36:21] PERMANENTLY FAILED: franciscolorenzo.com
  - Attempts: 1/2
  - Final Error: [Errno 8] nodename nor servname provided, or not known

[2026-06-17 05:36:21] Processing lotteskunstshop.com
  - Error on attempt 1: Connection Timed Out

[2026-06-17 05:36:21] PERMANENTLY FAILED: lotteskunstshop.com
  - Attempts: 1/2
  - Final Error: Connection Timed Out

[2026-06-17 05:36:21] Processing f0ce11ffbdf55a6d0515ec8a.keenetic.io
  - Error on attempt 1: [Errno 8] nodename nor servname provided, or not known

[2026-06-17 05:36:21] PERMANENTLY FAILED: f0ce11ffbdf55a6d0515ec8a.keenetic.io
  - Attempts: 1/2
  - Final Error: [Errno 8] nodename nor servname provided, or not known

[2026-06-17 05:36:21] Processing 90.nitelikmedya.com
  - Error on attempt 1: [Errno 8] nodename nor servname provided, or not known

[2026-06-17 05:36:21] PERMANENTLY FAILED: 90.nitelikmedya.com
  - Attempts: 1/2
  - Final Error: [Errno 8] nodename nor servname provided, or not known

[2026-06-17 05:36:22] Processing 690248dc74c39840143c1d4c.keenetic.io
  - Error on attempt 1: [Errno 8] nodename nor servname provided, or not known

[2026-06-17 05:36:22] PERMANENTLY FAILED: 690248dc74c39840143c1d4c.keenetic.io
  - Attempts: 1/2
  - Final Error: [Errno 8] nodename nor servname provided, or not known

[2026-06-17 05:36:22] Processing admin.sni.cloudflaressl.comjyqgzdxo.surveyssaas.com
  - Error on attempt 1: [Errno 8] nodename nor servname provided, or not known

[2026-06-17 05:36:22] PERMANENTLY FAILED: admin.sni.cloudflaressl.comjyqgzdxo.surveyssaas.com
  - Attempts: 1/2
  - Final Error: [Errno 8] nodename nor servname provided, or not known

[2026-06-17 05:36:22] Processing fortigate.gayaqua.ch
  - Error on attempt 1: Connection Timed Out

[2026-06-17 05:36:22] PERMANENTLY FAILED: fortigate.gayaqua.ch
  - Attempts: 1/2
  - Final Error: Connection Timed Out

[2026-06-17 05:36:23] Processing 2497324193.ccm-rxlb-dns.certsbridge.com
  - Error on attempt 1: [Errno 8] nodename nor servname provided, or not known

[2026-06-17 05:36:23] PERMANENTLY FAILED: 2497324193.ccm-rxlb-dns.certsbridge.com
  - Attempts: 1/2
  - Final Error: [Errno 8] nodename nor servname provided, or not known

[2026-06-17 05:36:23] Processing 6c7ba102-7a72-4d65-89a3-1c4663e837c3.donuts-zentrale.de
  - Error on attempt 1: [Errno 8] nodename nor servname provided, or not known

[2026-06-17 05:36:23] PERMANENTLY FAILED: 6c7ba102-7a72-4d65-89a3-1c4663e837c3.donuts-zentrale.de
  - Attempts: 1/2
  - Final Error: [Errno 8] nodename nor servname provided, or not known

[2026-06-17 05:36:25] Processing web16977.kthy.net
  - Error on attempt 1: Connection Timed Out

[2026-06-17 05:36:25] PERMANENTLY FAILED: web16977.kthy.net
  - Attempts: 1/2
  - Final Error: Connection Timed Out

[2026-06-17 05:36:25] Processing a2ea7aa6-6ff1-4a94-93dd-12010fb83d57.fadnetworks.com
  - Error on attempt 1: [Errno 8] nodename nor servname provided, or not known

[2026-06-17 05:36:25] PERMANENTLY FAILED: a2ea7aa6-6ff1-4a94-93dd-12010fb83d57.fadnetworks.com
  - Attempts: 1/2
  - Final Error: [Errno 8] nodename nor servname provided, or not known

[2026-06-17 05:36:26] Processing kkk.weimingyangvip.dpdns.org
  - Error on attempt 1: [Errno 8] nodename nor servname provided, or not known

[2026-06-17 05:36:26] PERMANENTLY FAILED: kkk.weimingyangvip.dpdns.org
  - Attempts: 1/2
  - Final Error: [Errno 8] nodename nor servname provided, or not known

[2026-06-17 05:36:26] Processing app2.alternatifokitoto.info
  - Error on attempt 1: [Errno 8] nodename nor servname provided, or not known

[2026-06-17 05:36:26] PERMANENTLY FAILED: app2.alternatifokitoto.info
  - Attempts: 1/2
  - Final Error: [Errno 8] nodename nor servname provided, or not known

[2026-06-17 05:36:27] Processing popmail.mosaic.ro
  - Error on attempt 1: Connection Timed Out

[2026-06-17 05:36:27] PERMANENTLY FAILED: popmail.mosaic.ro
  - Attempts: 1/2
  - Final Error: Connection Timed Out

[2026-06-17 05:36:27] Processing device-local-89f2d358-408b-4d30-8aaa-84423a952d29.remotewd.com
  - Error on attempt 1: Connection Timed Out

[2026-06-17 05:36:27] PERMANENTLY FAILED: device-local-89f2d358-408b-4d30-8aaa-84423a952d29.remotewd.com
  - Attempts: 1/2
  - Final Error: Connection Timed Out

[2026-06-17 05:36:28] Processing abohadaicloud.direct.quickconnect.to
  - Error on attempt 1: Connection Timed Out

[2026-06-17 05:36:28] PERMANENTLY FAILED: abohadaicloud.direct.quickconnect.to
  - Attempts: 1/2
  - Final Error: Connection Timed Out

[2026-06-17 05:36:28] Processing pay.katiebacuart.com
  - Error on attempt 1: [Errno 8] nodename nor servname provided, or not known

[2026-06-17 05:36:28] PERMANENTLY FAILED: pay.katiebacuart.com
  - Attempts: 1/2
  - Final Error: [Errno 8] nodename nor servname provided, or not known

[2026-06-17 05:36:28] Processing thepromisedcourier.com
  - Error on attempt 1: [Errno 8] nodename nor servname provided, or not known

[2026-06-17 05:36:28] PERMANENTLY FAILED: thepromisedcourier.com
  - Attempts: 1/2
  - Final Error: [Errno 8] nodename nor servname provided, or not known

[2026-06-17 05:36:28] Processing piotrekkowalskisynology.direct.quickconnect.to
  - Error on attempt 1: Connection Timed Out

[2026-06-17 05:36:28] PERMANENTLY FAILED: piotrekkowalskisynology.direct.quickconnect.to
  - Attempts: 1/2
  - Final Error: Connection Timed Out

[2026-06-17 05:36:28] Processing marketing.tp-webdesign.de
  - Error on attempt 1: [Errno 8] nodename nor servname provided, or not known

[2026-06-17 05:36:28] PERMANENTLY FAILED: marketing.tp-webdesign.de
  - Attempts: 1/2
  - Final Error: [Errno 8] nodename nor servname provided, or not known

[2026-06-17 05:36:29] Processing dma.ricezionemms.info
  - Error on attempt 1: Connection Timed Out

[2026-06-17 05:36:29] PERMANENTLY FAILED: dma.ricezionemms.info
  - Attempts: 1/2
  - Final Error: Connection Timed Out

[2026-06-17 05:36:29] Processing tonyolinda.synology.me
  - Error on attempt 1: [Errno 8] nodename nor servname provided, or not known

[2026-06-17 05:36:29] PERMANENTLY FAILED: tonyolinda.synology.me
  - Attempts: 1/2
  - Final Error: [Errno 8] nodename nor servname provided, or not known

[2026-06-17 05:36:29] Processing cabinet.erozan.com
  - Error on attempt 1: [Errno 8] nodename nor servname provided, or not known

[2026-06-17 05:36:29] PERMANENTLY FAILED: cabinet.erozan.com
  - Attempts: 1/2
  - Final Error: [Errno 8] nodename nor servname provided, or not known

[2026-06-17 05:36:30] Processing staging.cryptocurrencyhd.co
  - Error on attempt 1: [SSL: TLSV1_UNRECOGNIZED_NAME] tlsv1 unrecognized name (_ssl.c:1006)

[2026-06-17 05:36:30] PERMANENTLY FAILED: staging.cryptocurrencyhd.co
  - Attempts: 1/2
  - Final Error: [SSL: TLSV1_UNRECOGNIZED_NAME] tlsv1 unrecognized name (_ssl.c:1006)

[2026-06-17 05:36:30] Processing api.ctszhajp.caddy-one-ibe-redirect-proxy.eu-central-1.elasticbeanstalk.com
  - Error on attempt 1: Connection Timed Out

[2026-06-17 05:36:30] PERMANENTLY FAILED: api.ctszhajp.caddy-one-ibe-redirect-proxy.eu-central-1.elasticbeanstalk.com
  - Attempts: 1/2
  - Final Error: Connection Timed Out

[2026-06-17 05:36:31] Processing backoffice.erozan.com
  - Error on attempt 1: [Errno 8] nodename nor servname provided, or not known

[2026-06-17 05:36:31] PERMANENTLY FAILED: backoffice.erozan.com
  - Attempts: 1/2
  - Final Error: [Errno 8] nodename nor servname provided, or not known

[2026-06-17 05:36:31] Processing portal.digitops.com
  - Error on attempt 1: [SSL: TLSV1_UNRECOGNIZED_NAME] tlsv1 unrecognized name (_ssl.c:1006)

[2026-06-17 05:36:31] PERMANENTLY FAILED: portal.digitops.com
  - Attempts: 1/2
  - Final Error: [SSL: TLSV1_UNRECOGNIZED_NAME] tlsv1 unrecognized name (_ssl.c:1006)

[2026-06-17 05:36:31] Processing blacknerdradio.com
  - Error on attempt 1: [Errno 8] nodename nor servname provided, or not known

[2026-06-17 05:36:31] PERMANENTLY FAILED: blacknerdradio.com
  - Attempts: 1/2
  - Final Error: [Errno 8] nodename nor servname provided, or not known

[2026-06-17 05:36:31] Processing insight.irishinvestment.com
  - Error on attempt 1: [SSL: TLSV1_UNRECOGNIZED_NAME] tlsv1 unrecognized name (_ssl.c:1006)

[2026-06-17 05:36:31] PERMANENTLY FAILED: insight.irishinvestment.com
  - Attempts: 1/2
  - Final Error: [SSL: TLSV1_UNRECOGNIZED_NAME] tlsv1 unrecognized name (_ssl.c:1006)

[2026-06-17 05:36:32] Processing api.andrena.viewbook.com
  - Error on attempt 1: [SSL: TLSV1_ALERT_INTERNAL_ERROR] tlsv1 alert internal error (_ssl.c:1006)

[2026-06-17 05:36:32] PERMANENTLY FAILED: api.andrena.viewbook.com
  - Attempts: 1/2
  - Final Error: [SSL: TLSV1_ALERT_INTERNAL_ERROR] tlsv1 alert internal error (_ssl.c:1006)

[2026-06-17 05:36:32] Processing notexistsgit.iphone.at
  - Error on attempt 1: Connection Timed Out

[2026-06-17 05:36:32] PERMANENTLY FAILED: notexistsgit.iphone.at
  - Attempts: 1/2
  - Final Error: Connection Timed Out

[2026-06-17 05:36:32] Processing hotfix-dashboard.sarm.am
  - Error on attempt 1: [Errno 8] nodename nor servname provided, or not known

[2026-06-17 05:36:32] PERMANENTLY FAILED: hotfix-dashboard.sarm.am
  - Attempts: 1/2
  - Final Error: [Errno 8] nodename nor servname provided, or not known

[2026-06-17 05:36:32] Processing e1388.cc
  - Error on attempt 1: [Errno 8] nodename nor servname provided, or not known

[2026-06-17 05:36:32] PERMANENTLY FAILED: e1388.cc
  - Attempts: 1/2
  - Final Error: [Errno 8] nodename nor servname provided, or not known

[2026-06-17 05:36:32] Processing WKSP00107FDF.us.ups.com
  - Error on attempt 1: [Errno 8] nodename nor servname provided, or not known

[2026-06-17 05:36:32] PERMANENTLY FAILED: WKSP00107FDF.us.ups.com
  - Attempts: 1/2
  - Final Error: [Errno 8] nodename nor servname provided, or not known

[2026-06-17 05:36:32] Processing trushastudios.com
  - Error on attempt 1: [Errno 8] nodename nor servname provided, or not known

[2026-06-17 05:36:32] PERMANENTLY FAILED: trushastudios.com
  - Attempts: 1/2
  - Final Error: [Errno 8] nodename nor servname provided, or not known

[2026-06-17 05:36:32] Processing eventtracking-881298764.10.qa.hubspot-at-test.com
  - Error on attempt 1: [Errno 8] nodename nor servname provided, or not known

[2026-06-17 05:36:32] PERMANENTLY FAILED: eventtracking-881298764.10.qa.hubspot-at-test.com
  - Attempts: 1/2
  - Final Error: [Errno 8] nodename nor servname provided, or not known

[2026-06-17 05:36:32] Processing autodiscover.likh.com
  - Error on attempt 1: [SSL: TLSV1_UNRECOGNIZED_NAME] tlsv1 unrecognized name (_ssl.c:1006)

[2026-06-17 05:36:32] PERMANENTLY FAILED: autodiscover.likh.com
  - Attempts: 1/2
  - Final Error: [SSL: TLSV1_UNRECOGNIZED_NAME] tlsv1 unrecognized name (_ssl.c:1006)

[2026-06-17 05:36:33] Processing demo.xn--hndler-bua.com
  - Error on attempt 1: Connection Timed Out

[2026-06-17 05:36:33] PERMANENTLY FAILED: demo.xn--hndler-bua.com
  - Attempts: 1/2
  - Final Error: Connection Timed Out

[2026-06-17 05:36:33] Processing bjoptical.com
  - Error on attempt 1: [Errno 8] nodename nor servname provided, or not known

[2026-06-17 05:36:33] PERMANENTLY FAILED: bjoptical.com
  - Attempts: 1/2
  - Final Error: [Errno 8] nodename nor servname provided, or not known

[2026-06-17 05:36:33] Processing fapi.fda-74b7bcb8.core.build.vwn.cloud
  - Error on attempt 1: [Errno 8] nodename nor servname provided, or not known

[2026-06-17 05:36:33] PERMANENTLY FAILED: fapi.fda-74b7bcb8.core.build.vwn.cloud
  - Attempts: 1/2
  - Final Error: [Errno 8] nodename nor servname provided, or not known

[2026-06-17 05:36:33] Processing dev.andreloessel.viewbook.com
  - Error on attempt 1: [SSL: TLSV1_ALERT_INTERNAL_ERROR] tlsv1 alert internal error (_ssl.c:1006)

[2026-06-17 05:36:33] PERMANENTLY FAILED: dev.andreloessel.viewbook.com
  - Attempts: 1/2
  - Final Error: [SSL: TLSV1_ALERT_INTERNAL_ERROR] tlsv1 alert internal error (_ssl.c:1006)

[2026-06-17 05:36:33] Processing wwwdev.www.crm.crm.35-226-225-22.sslip.io
  - Error on attempt 1: Connection Timed Out

[2026-06-17 05:36:33] PERMANENTLY FAILED: wwwdev.www.crm.crm.35-226-225-22.sslip.io
  - Attempts: 1/2
  - Final Error: Connection Timed Out

[2026-06-17 05:36:33] Processing autodiscover.php-fusion.com
  - Error on attempt 1: [SSL: TLSV1_UNRECOGNIZED_NAME] tlsv1 unrecognized name (_ssl.c:1006)

[2026-06-17 05:36:33] PERMANENTLY FAILED: autodiscover.php-fusion.com
  - Attempts: 1/2
  - Final Error: [SSL: TLSV1_UNRECOGNIZED_NAME] tlsv1 unrecognized name (_ssl.c:1006)

[2026-06-17 05:36:33] Processing cinarapart.com.tr
  - Error on attempt 1: [Errno 8] nodename nor servname provided, or not known

[2026-06-17 05:36:33] PERMANENTLY FAILED: cinarapart.com.tr
  - Attempts: 1/2
  - Final Error: [Errno 8] nodename nor servname provided, or not known

[2026-06-17 05:36:34] Processing crossroadssolar.org
  - Error on attempt 1: [Errno 8] nodename nor servname provided, or not known

[2026-06-17 05:36:34] PERMANENTLY FAILED: crossroadssolar.org
  - Attempts: 1/2
  - Final Error: [Errno 8] nodename nor servname provided, or not known

[2026-06-17 05:36:34] Processing limelightlogisticsinc.com
  - Error on attempt 1: Connection Timed Out

[2026-06-17 05:36:34] PERMANENTLY FAILED: limelightlogisticsinc.com
  - Attempts: 1/2
  - Final Error: Connection Timed Out

[2026-06-17 05:36:34] Processing planchamex.com
  - Error on attempt 1: [Errno 8] nodename nor servname provided, or not known

[2026-06-17 05:36:34] PERMANENTLY FAILED: planchamex.com
  - Attempts: 1/2
  - Final Error: [Errno 8] nodename nor servname provided, or not known

[2026-06-17 05:36:35] Processing ww38.supersets.edenresbenefits.com
  - Error on attempt 1: [Errno 8] nodename nor servname provided, or not known

[2026-06-17 05:36:35] PERMANENTLY FAILED: ww38.supersets.edenresbenefits.com
  - Attempts: 1/2
  - Final Error: [Errno 8] nodename nor servname provided, or not known

[2026-06-17 05:36:36] Processing katieleverenz.noondaycollection.com
  - Error on attempt 1: [Errno 61] Connection refused

[2026-06-17 05:36:36] PERMANENTLY FAILED: katieleverenz.noondaycollection.com
  - Attempts: 1/2
  - Final Error: [Errno 61] Connection refused

[2026-06-17 05:36:37] Processing bkukwclientesvpn.davkom.com
  - Error on attempt 1: [Errno 8] nodename nor servname provided, or not known

[2026-06-17 05:36:37] PERMANENTLY FAILED: bkukwclientesvpn.davkom.com
  - Attempts: 1/2
  - Final Error: [Errno 8] nodename nor servname provided, or not known

[2026-06-17 05:36:37] Processing streamflix.web.id
  - Error on attempt 1: [Errno 8] nodename nor servname provided, or not known

[2026-06-17 05:36:37] PERMANENTLY FAILED: streamflix.web.id
  - Attempts: 1/2
  - Final Error: [Errno 8] nodename nor servname provided, or not known

[2026-06-17 05:36:37] Processing cr250m.com
  - Error on attempt 1: [Errno 61] Connection refused

[2026-06-17 05:36:37] PERMANENTLY FAILED: cr250m.com
  - Attempts: 1/2
  - Final Error: [Errno 61] Connection refused

[2026-06-17 05:36:37] Processing wildcard.onatural.com
  - Error on attempt 1: [Errno 8] nodename nor servname provided, or not known

[2026-06-17 05:36:37] PERMANENTLY FAILED: wildcard.onatural.com
  - Attempts: 1/2
  - Final Error: [Errno 8] nodename nor servname provided, or not known

[2026-06-17 05:36:39] Processing ttcwesthoek.be
  - Error on attempt 1: [Errno 8] nodename nor servname provided, or not known

[2026-06-17 05:36:39] PERMANENTLY FAILED: ttcwesthoek.be
  - Attempts: 1/2
  - Final Error: [Errno 8] nodename nor servname provided, or not known

[2026-06-17 05:36:39] Processing m.fadnetworks.com
  - Error on attempt 1: Connection Timed Out

[2026-06-17 05:36:39] PERMANENTLY FAILED: m.fadnetworks.com
  - Attempts: 1/2
  - Final Error: Connection Timed Out

[2026-06-17 05:36:39] Processing naestu.com
  - Error on attempt 1: [Errno 8] nodename nor servname provided, or not known

[2026-06-17 05:36:39] PERMANENTLY FAILED: naestu.com
  - Attempts: 1/2
  - Final Error: [Errno 8] nodename nor servname provided, or not known

[2026-06-17 05:36:40] Processing demo.littlestreetpottery.com
  - Error on attempt 1: [Errno 8] nodename nor servname provided, or not known

[2026-06-17 05:36:40] PERMANENTLY FAILED: demo.littlestreetpottery.com
  - Attempts: 1/2
  - Final Error: [Errno 8] nodename nor servname provided, or not known

[2026-06-17 05:36:40] Processing panel.apexstudio.cc
  - Error on attempt 1: Connection Timed Out

[2026-06-17 05:36:40] PERMANENTLY FAILED: panel.apexstudio.cc
  - Attempts: 1/2
  - Final Error: Connection Timed Out

[2026-06-17 05:36:40] Processing sunlighttime.direct.quickconnect.to
  - Error on attempt 1: [Errno 8] nodename nor servname provided, or not known

[2026-06-17 05:36:40] PERMANENTLY FAILED: sunlighttime.direct.quickconnect.to
  - Attempts: 1/2
  - Final Error: [Errno 8] nodename nor servname provided, or not known

[2026-06-17 05:36:40] Processing vertical8.online
  - Error on attempt 1: [Errno 8] nodename nor servname provided, or not known

[2026-06-17 05:36:40] PERMANENTLY FAILED: vertical8.online
  - Attempts: 1/2
  - Final Error: [Errno 8] nodename nor servname provided, or not known

[2026-06-17 05:36:40] Processing restepin.hug.ge
  - Error on attempt 1: Connection Timed Out

[2026-06-17 05:36:40] PERMANENTLY FAILED: restepin.hug.ge
  - Attempts: 1/2
  - Final Error: Connection Timed Out

[2026-06-17 05:36:41] Processing desktop.left.net
  - Error on attempt 1: Connection Timed Out

[2026-06-17 05:36:41] PERMANENTLY FAILED: desktop.left.net
  - Attempts: 1/2
  - Final Error: Connection Timed Out

[2026-06-17 05:36:41] Processing joseph-johnston.com
  - Error on attempt 1: [Errno 61] Connection refused

[2026-06-17 05:36:41] PERMANENTLY FAILED: joseph-johnston.com
  - Attempts: 1/2
  - Final Error: [Errno 61] Connection refused

[2026-06-17 05:36:41] Processing wo-27nsqe2rtzj762qrvoyfvub9n.w.modal.host
  - Error on attempt 1: [Errno 8] nodename nor servname provided, or not known

[2026-06-17 05:36:41] PERMANENTLY FAILED: wo-27nsqe2rtzj762qrvoyfvub9n.w.modal.host
  - Attempts: 1/2
  - Final Error: [Errno 8] nodename nor servname provided, or not known

[2026-06-17 05:36:42] Processing web.economicinitiative.com
  - Error on attempt 1: [SSL: TLSV1_ALERT_INTERNAL_ERROR] tlsv1 alert internal error (_ssl.c:1006)

[2026-06-17 05:36:42] PERMANENTLY FAILED: web.economicinitiative.com
  - Attempts: 1/2
  - Final Error: [SSL: TLSV1_ALERT_INTERNAL_ERROR] tlsv1 alert internal error (_ssl.c:1006)

[2026-06-17 05:36:42] Processing ra.fadnetworks.com
  - Error on attempt 1: Connection Timed Out

[2026-06-17 05:36:42] PERMANENTLY FAILED: ra.fadnetworks.com
  - Attempts: 1/2
  - Final Error: Connection Timed Out

[2026-06-17 05:36:42] Processing analytics.wifiwepkey.com
  - Error on attempt 1: Connection Timed Out

[2026-06-17 05:36:42] PERMANENTLY FAILED: analytics.wifiwepkey.com
  - Attempts: 1/2
  - Final Error: Connection Timed Out

[2026-06-17 05:36:43] Processing vpn1.cefat.com
  - Error on attempt 1: [SSL: TLSV1_UNRECOGNIZED_NAME] tlsv1 unrecognized name (_ssl.c:1006)

[2026-06-17 05:36:43] PERMANENTLY FAILED: vpn1.cefat.com
  - Attempts: 1/2
  - Final Error: [SSL: TLSV1_UNRECOGNIZED_NAME] tlsv1 unrecognized name (_ssl.c:1006)

[2026-06-17 05:36:44] Processing anyconnect.gkn.no
  - Error on attempt 1: Connection Timed Out

[2026-06-17 05:36:44] PERMANENTLY FAILED: anyconnect.gkn.no
  - Attempts: 1/2
  - Final Error: Connection Timed Out

[2026-06-17 05:36:44] Processing dev.www.console.wwwwwwgjbimnwtkcsample.nimboxcrm.cloud
  - Error on attempt 1: Connection Timed Out

[2026-06-17 05:36:44] PERMANENTLY FAILED: dev.www.console.wwwwwwgjbimnwtkcsample.nimboxcrm.cloud
  - Attempts: 1/2
  - Final Error: Connection Timed Out

[2026-06-17 05:36:44] Processing ay0d2f1d.workers.dev
  - Error on attempt 1: [Errno 8] nodename nor servname provided, or not known

[2026-06-17 05:36:44] PERMANENTLY FAILED: ay0d2f1d.workers.dev
  - Attempts: 1/2
  - Final Error: [Errno 8] nodename nor servname provided, or not known

[2026-06-17 05:36:44] Processing home.windmillcornerinn.com
  - Error on attempt 1: Connection Timed Out

[2026-06-17 05:36:44] PERMANENTLY FAILED: home.windmillcornerinn.com
  - Attempts: 1/2
  - Final Error: Connection Timed Out

[2026-06-17 05:36:44] Processing demo.esound.de
  - Error on attempt 1: Connection Timed Out

[2026-06-17 05:36:44] PERMANENTLY FAILED: demo.esound.de
  - Attempts: 1/2
  - Final Error: Connection Timed Out

[2026-06-17 05:36:44] Processing studio--crimsonchat.us-central1.hosted.app
  - Error on attempt 1: Connection Timed Out

[2026-06-17 05:36:44] PERMANENTLY FAILED: studio--crimsonchat.us-central1.hosted.app
  - Attempts: 1/2
  - Final Error: Connection Timed Out

[2026-06-17 05:36:44] Processing portal.carbonforumasia.com
  - Error on attempt 1: Connection Timed Out

[2026-06-17 05:36:44] PERMANENTLY FAILED: portal.carbonforumasia.com
  - Attempts: 1/2
  - Final Error: Connection Timed Out

[2026-06-17 05:36:44] Processing 8abc4f02-d921-41c6-85ed-1d6f9af5722b.irishinvestment.com
  - Error on attempt 1: [SSL: TLSV1_UNRECOGNIZED_NAME] tlsv1 unrecognized name (_ssl.c:1006)

[2026-06-17 05:36:44] PERMANENTLY FAILED: 8abc4f02-d921-41c6-85ed-1d6f9af5722b.irishinvestment.com
  - Attempts: 1/2
  - Final Error: [SSL: TLSV1_UNRECOGNIZED_NAME] tlsv1 unrecognized name (_ssl.c:1006)

[2026-06-17 05:36:44] Processing de.htlzjr3.com.tr
  - Error on attempt 1: [Errno 8] nodename nor servname provided, or not known

[2026-06-17 05:36:44] PERMANENTLY FAILED: de.htlzjr3.com.tr
  - Attempts: 1/2
  - Final Error: [Errno 8] nodename nor servname provided, or not known

[2026-06-17 05:36:45] Processing doitforlove.us
  - Error on attempt 1: [Errno 61] Connection refused

[2026-06-17 05:36:45] PERMANENTLY FAILED: doitforlove.us
  - Attempts: 1/2
  - Final Error: [Errno 61] Connection refused

[2026-06-17 05:36:45] Processing api.www.console.wwwwwwap2024.marionstronks.nl
  - Error on attempt 1: [SSL: TLSV1_ALERT_INTERNAL_ERROR] tlsv1 alert internal error (_ssl.c:1006)

[2026-06-17 05:36:45] PERMANENTLY FAILED: api.www.console.wwwwwwap2024.marionstronks.nl
  - Attempts: 1/2
  - Final Error: [SSL: TLSV1_ALERT_INTERNAL_ERROR] tlsv1 alert internal error (_ssl.c:1006)

[2026-06-17 05:36:45] Processing anyconnect.ineer.com
  - Error on attempt 1: [Errno 8] nodename nor servname provided, or not known

[2026-06-17 05:36:45] PERMANENTLY FAILED: anyconnect.ineer.com
  - Attempts: 1/2
  - Final Error: [Errno 8] nodename nor servname provided, or not known

[2026-06-17 05:36:45] Processing admin.demo-data.itinerator.ca
  - Error on attempt 1: [SSL: TLSV1_ALERT_INTERNAL_ERROR] tlsv1 alert internal error (_ssl.c:1006)

[2026-06-17 05:36:45] PERMANENTLY FAILED: admin.demo-data.itinerator.ca
  - Attempts: 1/2
  - Final Error: [SSL: TLSV1_ALERT_INTERNAL_ERROR] tlsv1 alert internal error (_ssl.c:1006)

[2026-06-17 05:36:46] Processing ww7.free-romance.site
  - Error on attempt 1: [Errno 8] nodename nor servname provided, or not known

[2026-06-17 05:36:46] PERMANENTLY FAILED: ww7.free-romance.site
  - Attempts: 1/2
  - Final Error: [Errno 8] nodename nor servname provided, or not known

[2026-06-17 05:36:46] Processing firewall.mindpicture.com
  - Error on attempt 1: [SSL: TLSV1_UNRECOGNIZED_NAME] tlsv1 unrecognized name (_ssl.c:1006)

[2026-06-17 05:36:46] PERMANENTLY FAILED: firewall.mindpicture.com
  - Attempts: 1/2
  - Final Error: [SSL: TLSV1_UNRECOGNIZED_NAME] tlsv1 unrecognized name (_ssl.c:1006)

[2026-06-17 05:36:46] Processing extranet.ineer.com
  - Error on attempt 1: [Errno 8] nodename nor servname provided, or not known

[2026-06-17 05:36:46] PERMANENTLY FAILED: extranet.ineer.com
  - Attempts: 1/2
  - Final Error: [Errno 8] nodename nor servname provided, or not known

[2026-06-17 05:36:46] Processing saimachahinpuntacana.com
  - Error on attempt 1: [Errno 8] nodename nor servname provided, or not known

[2026-06-17 05:36:46] PERMANENTLY FAILED: saimachahinpuntacana.com
  - Attempts: 1/2
  - Final Error: [Errno 8] nodename nor servname provided, or not known

[2026-06-17 05:36:47] Processing wuwyvtnbrd.bhdv.com
  - Error on attempt 1: [Errno 8] nodename nor servname provided, or not known

[2026-06-17 05:36:47] PERMANENTLY FAILED: wuwyvtnbrd.bhdv.com
  - Attempts: 1/2
  - Final Error: [Errno 8] nodename nor servname provided, or not known

[2026-06-17 05:36:47] Processing members.kg3313.com
  - Error on attempt 1: Connection Timed Out

[2026-06-17 05:36:47] PERMANENTLY FAILED: members.kg3313.com
  - Attempts: 1/2
  - Final Error: Connection Timed Out

[2026-06-17 05:36:47] Processing developersdiversifiedcorp.com
  - Error on attempt 1: [Errno 61] Connection refused

[2026-06-17 05:36:47] PERMANENTLY FAILED: developersdiversifiedcorp.com
  - Attempts: 1/2
  - Final Error: [Errno 61] Connection refused

[2026-06-17 05:36:47] Processing arav.lipslearner.in
  - Error on attempt 1: [Errno 8] nodename nor servname provided, or not known

[2026-06-17 05:36:47] PERMANENTLY FAILED: arav.lipslearner.in
  - Attempts: 1/2
  - Final Error: [Errno 8] nodename nor servname provided, or not known

[2026-06-17 05:36:48] Processing playgroundinspectorsllc.org
  - Error on attempt 1: [Errno 61] Connection refused

[2026-06-17 05:36:48] PERMANENTLY FAILED: playgroundinspectorsllc.org
  - Attempts: 1/2
  - Final Error: [Errno 61] Connection refused

[2026-06-17 05:36:48] Processing studentsvpn.ineer.com
  - Error on attempt 1: [Errno 8] nodename nor servname provided, or not known

[2026-06-17 05:36:48] PERMANENTLY FAILED: studentsvpn.ineer.com
  - Attempts: 1/2
  - Final Error: [Errno 8] nodename nor servname provided, or not known

[2026-06-17 05:36:48] Processing labelsoncall.com
  - Error on attempt 1: [Errno 61] Connection refused

[2026-06-17 05:36:48] PERMANENTLY FAILED: labelsoncall.com
  - Attempts: 1/2
  - Final Error: [Errno 61] Connection refused

[2026-06-17 05:36:48] Processing apps.hotmemorabilia.com
  - Error on attempt 1: [Errno 8] nodename nor servname provided, or not known

[2026-06-17 05:36:48] PERMANENTLY FAILED: apps.hotmemorabilia.com
  - Attempts: 1/2
  - Final Error: [Errno 8] nodename nor servname provided, or not known

[2026-06-17 05:36:48] Processing rds2.woodfoest.com
  - Error on attempt 1: [Errno 61] Connection refused

[2026-06-17 05:36:48] PERMANENTLY FAILED: rds2.woodfoest.com
  - Attempts: 1/2
  - Final Error: [Errno 61] Connection refused

[2026-06-17 05:36:48] Processing members.ineer.com
  - Error on attempt 1: [Errno 8] nodename nor servname provided, or not known

[2026-06-17 05:36:48] PERMANENTLY FAILED: members.ineer.com
  - Attempts: 1/2
  - Final Error: [Errno 8] nodename nor servname provided, or not known

[2026-06-17 05:36:48] Processing 56906c58-38b0-4ce3-9cf8-f14a852099e2.caronavirusvaccines.com
  - Error on attempt 1: Connection Timed Out

[2026-06-17 05:36:48] PERMANENTLY FAILED: 56906c58-38b0-4ce3-9cf8-f14a852099e2.caronavirusvaccines.com
  - Attempts: 1/2
  - Final Error: Connection Timed Out

[2026-06-17 05:36:49] Processing test.www.git.git.old.blog.blog.h2775398.stratoserver.net
  - Error on attempt 1: [SSL: TLSV1_UNRECOGNIZED_NAME] tlsv1 unrecognized name (_ssl.c:1006)

[2026-06-17 05:36:49] PERMANENTLY FAILED: test.www.git.git.old.blog.blog.h2775398.stratoserver.net
  - Attempts: 1/2
  - Final Error: [SSL: TLSV1_UNRECOGNIZED_NAME] tlsv1 unrecognized name (_ssl.c:1006)

[2026-06-17 05:36:49] Processing ww16.argo.mintueclinic.com
  - Error on attempt 1: [Errno 61] Connection refused

[2026-06-17 05:36:49] PERMANENTLY FAILED: ww16.argo.mintueclinic.com
  - Attempts: 1/2
  - Final Error: [Errno 61] Connection refused

[2026-06-17 05:36:49] Processing test.app.energeticof.com
  - Error on attempt 1: [Errno 8] nodename nor servname provided, or not known

[2026-06-17 05:36:49] PERMANENTLY FAILED: test.app.energeticof.com
  - Attempts: 1/2
  - Final Error: [Errno 8] nodename nor servname provided, or not known

[2026-06-17 05:36:49] Processing staging.mail.wwwwwwapp.wwwwwwwwwminio-gartenkultur-neos-1c089c2d.gk01.cynova.dev
  - Error on attempt 1: [Errno 61] Connection refused

[2026-06-17 05:36:49] PERMANENTLY FAILED: staging.mail.wwwwwwapp.wwwwwwwwwminio-gartenkultur-neos-1c089c2d.gk01.cynova.dev
  - Attempts: 1/2
  - Final Error: [Errno 61] Connection refused

[2026-06-17 05:36:49] Processing staging2.nextlevelgreetings.com
  - Error on attempt 1: [Errno 8] nodename nor servname provided, or not known

[2026-06-17 05:36:49] PERMANENTLY FAILED: staging2.nextlevelgreetings.com
  - Attempts: 1/2
  - Final Error: [Errno 8] nodename nor servname provided, or not known

[2026-06-17 05:36:49] Processing imap.hubta.com
  - Error on attempt 1: [SSL: TLSV1_UNRECOGNIZED_NAME] tlsv1 unrecognized name (_ssl.c:1006)

[2026-06-17 05:36:49] PERMANENTLY FAILED: imap.hubta.com
  - Attempts: 1/2
  - Final Error: [SSL: TLSV1_UNRECOGNIZED_NAME] tlsv1 unrecognized name (_ssl.c:1006)

[2026-06-17 05:36:49] Processing ijnbgvfdsaz.com
  - Error on attempt 1: [Errno 8] nodename nor servname provided, or not known

[2026-06-17 05:36:49] PERMANENTLY FAILED: ijnbgvfdsaz.com
  - Attempts: 1/2
  - Final Error: [Errno 8] nodename nor servname provided, or not known

[2026-06-17 05:36:50] Processing admin.www.console.wwwwwwap2024.marionstronks.nl
  - Error on attempt 1: [SSL: TLSV1_ALERT_INTERNAL_ERROR] tlsv1 alert internal error (_ssl.c:1006)

[2026-06-17 05:36:50] PERMANENTLY FAILED: admin.www.console.wwwwwwap2024.marionstronks.nl
  - Attempts: 1/2
  - Final Error: [SSL: TLSV1_ALERT_INTERNAL_ERROR] tlsv1 alert internal error (_ssl.c:1006)

[2026-06-17 05:36:50] Processing hartontechnology.online
  - Error on attempt 1: [Errno 8] nodename nor servname provided, or not known

[2026-06-17 05:36:50] PERMANENTLY FAILED: hartontechnology.online
  - Attempts: 1/2
  - Final Error: [Errno 8] nodename nor servname provided, or not known

[2026-06-17 05:36:50] Processing fjphy.ineer.com
  - Error on attempt 1: [Errno 8] nodename nor servname provided, or not known

[2026-06-17 05:36:50] PERMANENTLY FAILED: fjphy.ineer.com
  - Attempts: 1/2
  - Final Error: [Errno 8] nodename nor servname provided, or not known

[2026-06-17 05:36:50] Processing owa.s-mies.de
  - Error on attempt 1: [Errno 8] nodename nor servname provided, or not known

[2026-06-17 05:36:50] PERMANENTLY FAILED: owa.s-mies.de
  - Attempts: 1/2
  - Final Error: [Errno 8] nodename nor servname provided, or not known

[2026-06-17 05:36:50] Processing DXP4800-WBIRD.direct.ug.link
  - Error on attempt 1: [Errno 8] nodename nor servname provided, or not known

[2026-06-17 05:36:50] PERMANENTLY FAILED: DXP4800-WBIRD.direct.ug.link
  - Attempts: 1/2
  - Final Error: [Errno 8] nodename nor servname provided, or not known

[2026-06-17 05:36:50] Processing device-local-d8a7ec2a-7894-4b8a-ac16-fcb8fd02bb1f.remotewd.com
  - Error on attempt 1: Connection Timed Out

[2026-06-17 05:36:50] PERMANENTLY FAILED: device-local-d8a7ec2a-7894-4b8a-ac16-fcb8fd02bb1f.remotewd.com
  - Attempts: 1/2
  - Final Error: Connection Timed Out

[2026-06-17 05:36:50] Processing cxshengan.cn
  - Error on attempt 1: [Errno 8] nodename nor servname provided, or not known

[2026-06-17 05:36:50] PERMANENTLY FAILED: cxshengan.cn
  - Attempts: 1/2
  - Final Error: [Errno 8] nodename nor servname provided, or not known

[2026-06-17 05:36:50] Processing sgetq.org
  - Error on attempt 1: Connection Timed Out

[2026-06-17 05:36:50] PERMANENTLY FAILED: sgetq.org
  - Attempts: 1/2
  - Final Error: Connection Timed Out

[2026-06-17 05:36:50] Processing 8cede114a866098fb6920a1614c8068fbb1d8.id.ui.direct
  - Error on attempt 1: [Errno 8] nodename nor servname provided, or not known

[2026-06-17 05:36:50] PERMANENTLY FAILED: 8cede114a866098fb6920a1614c8068fbb1d8.id.ui.direct
  - Attempts: 1/2
  - Final Error: [Errno 8] nodename nor servname provided, or not known

[2026-06-17 05:36:51] Processing rdweb.enidpublicschool.org
  - Error on attempt 1: [Errno 61] Connection refused

[2026-06-17 05:36:51] PERMANENTLY FAILED: rdweb.enidpublicschool.org
  - Attempts: 1/2
  - Final Error: [Errno 61] Connection refused

[2026-06-17 05:36:51] Processing api.sitemap.activecoquitlam.net
  - Error on attempt 1: [SSL: UNEXPECTED_EOF_WHILE_READING] EOF occurred in violation of protocol (_ssl.c:1006)

[2026-06-17 05:36:51] PERMANENTLY FAILED: api.sitemap.activecoquitlam.net
  - Attempts: 1/2
  - Final Error: [SSL: UNEXPECTED_EOF_WHILE_READING] EOF occurred in violation of protocol (_ssl.c:1006)

[2026-06-17 05:36:51] Processing bb71040a-9359-4fdd-a8cc-c0827d940ad7.mygolfer.com
  - Error on attempt 1: Connection Timed Out

[2026-06-17 05:36:51] PERMANENTLY FAILED: bb71040a-9359-4fdd-a8cc-c0827d940ad7.mygolfer.com
  - Attempts: 1/2
  - Final Error: Connection Timed Out

[2026-06-17 05:36:51] Processing dev-executor.tradealgo.com
  - Error on attempt 1: Connection Timed Out

[2026-06-17 05:36:51] PERMANENTLY FAILED: dev-executor.tradealgo.com
  - Attempts: 1/2
  - Final Error: Connection Timed Out

[2026-06-17 05:36:51] Processing synology-reserve-4mj1vv8lwxjffu.direct.quickconnect.to
  - Error on attempt 1: [Errno 8] nodename nor servname provided, or not known

[2026-06-17 05:36:51] PERMANENTLY FAILED: synology-reserve-4mj1vv8lwxjffu.direct.quickconnect.to
  - Attempts: 1/2
  - Final Error: [Errno 8] nodename nor servname provided, or not known

[2026-06-17 05:36:51] Processing cloud.php-fusion.com
  - Error on attempt 1: [SSL: TLSV1_UNRECOGNIZED_NAME] tlsv1 unrecognized name (_ssl.c:1006)

[2026-06-17 05:36:51] PERMANENTLY FAILED: cloud.php-fusion.com
  - Attempts: 1/2
  - Final Error: [SSL: TLSV1_UNRECOGNIZED_NAME] tlsv1 unrecognized name (_ssl.c:1006)

[2026-06-17 05:36:52] Processing howtomovemyparents.com
  - Error on attempt 1: [Errno 8] nodename nor servname provided, or not known

[2026-06-17 05:36:52] PERMANENTLY FAILED: howtomovemyparents.com
  - Attempts: 1/2
  - Final Error: [Errno 8] nodename nor servname provided, or not known

[2026-06-17 05:36:52] Processing centerforplantconservation.us
  - Error on attempt 1: Connection Timed Out

[2026-06-17 05:36:52] PERMANENTLY FAILED: centerforplantconservation.us
  - Attempts: 1/2
  - Final Error: Connection Timed Out

[2026-06-17 05:36:52] Processing staging.appellerai.com
  - Error on attempt 1: Connection Timed Out

[2026-06-17 05:36:52] PERMANENTLY FAILED: staging.appellerai.com
  - Attempts: 1/2
  - Final Error: Connection Timed Out

[2026-06-17 05:36:53] Processing webmail.rbh.co.za
  - Error on attempt 1: [Errno 8] nodename nor servname provided, or not known

[2026-06-17 05:36:53] PERMANENTLY FAILED: webmail.rbh.co.za
  - Attempts: 1/2
  - Final Error: [Errno 8] nodename nor servname provided, or not known

[2026-06-17 05:36:53] Processing test.lisbonexpatguide.pt
  - Error on attempt 1: Connection Timed Out

[2026-06-17 05:36:53] PERMANENTLY FAILED: test.lisbonexpatguide.pt
  - Attempts: 1/2
  - Final Error: Connection Timed Out

[2026-06-17 05:36:53] Processing 167.99.100.139.nip.io
  - Error on attempt 1: Connection Timed Out

[2026-06-17 05:36:53] PERMANENTLY FAILED: 167.99.100.139.nip.io
  - Attempts: 1/2
  - Final Error: Connection Timed Out

[2026-06-17 05:36:53] Processing fitinside.us
  - Error on attempt 1: [SSL: UNEXPECTED_EOF_WHILE_READING] EOF occurred in violation of protocol (_ssl.c:1006)

[2026-06-17 05:36:53] PERMANENTLY FAILED: fitinside.us
  - Attempts: 1/2
  - Final Error: [SSL: UNEXPECTED_EOF_WHILE_READING] EOF occurred in violation of protocol (_ssl.c:1006)

[2026-06-17 05:36:53] Processing mobileconnect.bigjohnsons.com
  - Error on attempt 1: Connection Timed Out

[2026-06-17 05:36:53] PERMANENTLY FAILED: mobileconnect.bigjohnsons.com
  - Attempts: 1/2
  - Final Error: Connection Timed Out

[2026-06-17 05:36:53] Processing angelsport-rata.de
  - Error on attempt 1: [Errno 8] nodename nor servname provided, or not known

[2026-06-17 05:36:53] PERMANENTLY FAILED: angelsport-rata.de
  - Attempts: 1/2
  - Final Error: [Errno 8] nodename nor servname provided, or not known

[2026-06-17 05:36:53] Processing us.azyjrz1.com.tr
  - Error on attempt 1: [Errno 8] nodename nor servname provided, or not known

[2026-06-17 05:36:53] PERMANENTLY FAILED: us.azyjrz1.com.tr
  - Attempts: 1/2
  - Final Error: [Errno 8] nodename nor servname provided, or not known

[2026-06-17 05:36:53] Processing sy3rbi.mesh.mongodb-dev.net
  - Error on attempt 1: [Errno 8] nodename nor servname provided, or not known

[2026-06-17 05:36:53] PERMANENTLY FAILED: sy3rbi.mesh.mongodb-dev.net
  - Attempts: 1/2
  - Final Error: [Errno 8] nodename nor servname provided, or not known

[2026-06-17 05:36:54] Processing staging.api.loaningtop.com
  - Error on attempt 1: [Errno 8] nodename nor servname provided, or not known

[2026-06-17 05:36:54] PERMANENTLY FAILED: staging.api.loaningtop.com
  - Attempts: 1/2
  - Final Error: [Errno 8] nodename nor servname provided, or not known

[2026-06-17 05:36:54] Processing csjxjoffice.cbpirate.com
  - Error on attempt 1: Connection Timed Out

[2026-06-17 05:36:54] PERMANENTLY FAILED: csjxjoffice.cbpirate.com
  - Attempts: 1/2
  - Final Error: Connection Timed Out

[2026-06-17 05:36:54] Processing sendmail.left.net
  - Error on attempt 1: Connection Timed Out

[2026-06-17 05:36:54] PERMANENTLY FAILED: sendmail.left.net
  - Attempts: 1/2
  - Final Error: Connection Timed Out

[2026-06-17 05:36:54] Processing springboot.upload.cash
  - Error on attempt 1: Connection Timed Out

[2026-06-17 05:36:54] PERMANENTLY FAILED: springboot.upload.cash
  - Attempts: 1/2
  - Final Error: Connection Timed Out

[2026-06-17 05:36:55] Processing mobileconnect.ineer.com
  - Error on attempt 1: [Errno 8] nodename nor servname provided, or not known

[2026-06-17 05:36:55] PERMANENTLY FAILED: mobileconnect.ineer.com
  - Attempts: 1/2
  - Final Error: [Errno 8] nodename nor servname provided, or not known

[2026-06-17 05:36:55] Processing test.mail.wwwwwwportal.dataset.49-12-111-90.plesk.page
  - Error on attempt 1: [Errno 61] Connection refused

[2026-06-17 05:36:55] PERMANENTLY FAILED: test.mail.wwwwwwportal.dataset.49-12-111-90.plesk.page
  - Attempts: 1/2
  - Final Error: [Errno 61] Connection refused

[2026-06-17 05:36:55] Processing jebljwildcard.orhangen.se
  - Error on attempt 1: Connection Timed Out

[2026-06-17 05:36:55] PERMANENTLY FAILED: jebljwildcard.orhangen.se
  - Attempts: 1/2
  - Final Error: Connection Timed Out

[2026-06-17 05:36:55] Processing 414df7ed-d2d7-4efa-b5d8-04b500261227.ineer.com
  - Error on attempt 1: [Errno 8] nodename nor servname provided, or not known

[2026-06-17 05:36:55] PERMANENTLY FAILED: 414df7ed-d2d7-4efa-b5d8-04b500261227.ineer.com
  - Attempts: 1/2
  - Final Error: [Errno 8] nodename nor servname provided, or not known

[2026-06-17 05:36:55] Processing 123moviesme.com
  - Error on attempt 1: [Errno 61] Connection refused

[2026-06-17 05:36:55] PERMANENTLY FAILED: 123moviesme.com
  - Attempts: 1/2
  - Final Error: [Errno 61] Connection refused

[2026-06-17 05:36:55] Processing 26237f1557b7b81c0652096f.keenetic.io
  - Error on attempt 1: [Errno 8] nodename nor servname provided, or not known

[2026-06-17 05:36:55] PERMANENTLY FAILED: 26237f1557b7b81c0652096f.keenetic.io
  - Attempts: 1/2
  - Final Error: [Errno 8] nodename nor servname provided, or not known

[2026-06-17 05:36:55] Processing itgsight.com
  - Error on attempt 1: [Errno 8] nodename nor servname provided, or not known

[2026-06-17 05:36:55] PERMANENTLY FAILED: itgsight.com
  - Attempts: 1/2
  - Final Error: [Errno 8] nodename nor servname provided, or not known

[2026-06-17 05:36:55] Processing admin.app.wwapp.portal.3.38.239.202.nip.io
  - Error on attempt 1: Connection Timed Out

[2026-06-17 05:36:55] PERMANENTLY FAILED: admin.app.wwapp.portal.3.38.239.202.nip.io
  - Attempts: 1/2
  - Final Error: Connection Timed Out

[2026-06-17 05:36:56] Processing staging.sitemaps.fullslotpg.diy
  - Error on attempt 1: Connection Timed Out

[2026-06-17 05:36:56] PERMANENTLY FAILED: staging.sitemaps.fullslotpg.diy
  - Attempts: 1/2
  - Final Error: Connection Timed Out

[2026-06-17 05:36:56] Processing joinv7.com
  - Error on attempt 1: [Errno 8] nodename nor servname provided, or not known

[2026-06-17 05:36:56] PERMANENTLY FAILED: joinv7.com
  - Attempts: 1/2
  - Final Error: [Errno 8] nodename nor servname provided, or not known

[2026-06-17 05:36:56] Processing superset.sexhealth.com
  - Error on attempt 1: Connection Timed Out

[2026-06-17 05:36:56] PERMANENTLY FAILED: superset.sexhealth.com
  - Attempts: 1/2
  - Final Error: Connection Timed Out

[2026-06-17 05:36:56] Processing cursos.connwctnetwork.com
  - Error on attempt 1: [Errno 8] nodename nor servname provided, or not known

[2026-06-17 05:36:56] PERMANENTLY FAILED: cursos.connwctnetwork.com
  - Attempts: 1/2
  - Final Error: [Errno 8] nodename nor servname provided, or not known

[2026-06-17 05:36:56] Processing zh-game.yaoxinyule.com
  - Error on attempt 1: [Errno 8] nodename nor servname provided, or not known

[2026-06-17 05:36:56] PERMANENTLY FAILED: zh-game.yaoxinyule.com
  - Attempts: 1/2
  - Final Error: [Errno 8] nodename nor servname provided, or not known

[2026-06-17 05:36:57] Processing dolibarr.fortbraggproperty.com
  - Error on attempt 1: Connection Timed Out

[2026-06-17 05:36:57] PERMANENTLY FAILED: dolibarr.fortbraggproperty.com
  - Attempts: 1/2
  - Final Error: Connection Timed Out

[2026-06-17 05:36:57] Processing admin.www.console.wwwdemo.marionstronks.nl
  - Error on attempt 1: [SSL: TLSV1_ALERT_INTERNAL_ERROR] tlsv1 alert internal error (_ssl.c:1006)

[2026-06-17 05:36:57] PERMANENTLY FAILED: admin.www.console.wwwdemo.marionstronks.nl
  - Attempts: 1/2
  - Final Error: [SSL: TLSV1_ALERT_INTERNAL_ERROR] tlsv1 alert internal error (_ssl.c:1006)

[2026-06-17 05:36:57] Processing keychaingenius.com
  - Error on attempt 1: [Errno 8] nodename nor servname provided, or not known

[2026-06-17 05:36:57] PERMANENTLY FAILED: keychaingenius.com
  - Attempts: 1/2
  - Final Error: [Errno 8] nodename nor servname provided, or not known

[2026-06-17 05:36:58] Processing m.haha067.com
  - Error on attempt 1: [Errno 8] nodename nor servname provided, or not known

[2026-06-17 05:36:58] PERMANENTLY FAILED: m.haha067.com
  - Attempts: 1/2
  - Final Error: [Errno 8] nodename nor servname provided, or not known

[2026-06-17 05:36:58] Processing 5rnkzvd.bjxfyj88.com
  - Error on attempt 1: [Errno 61] Connection refused

[2026-06-17 05:36:58] PERMANENTLY FAILED: 5rnkzvd.bjxfyj88.com
  - Attempts: 1/2
  - Final Error: [Errno 61] Connection refused

[2026-06-17 05:36:58] Processing fiapartners.co
  - Error on attempt 1: [Errno 8] nodename nor servname provided, or not known

[2026-06-17 05:36:58] PERMANENTLY FAILED: fiapartners.co
  - Attempts: 1/2
  - Final Error: [Errno 8] nodename nor servname provided, or not known

[2026-06-17 05:36:58] Processing rimfirekings.com
  - Error on attempt 1: [Errno 8] nodename nor servname provided, or not known

[2026-06-17 05:36:58] PERMANENTLY FAILED: rimfirekings.com
  - Attempts: 1/2
  - Final Error: [Errno 8] nodename nor servname provided, or not known

[2026-06-17 05:36:58] Processing 5e284b3a46c80896dd18b083.nqmm0q.mongodb-dev.net
  - Error on attempt 1: [Errno 8] nodename nor servname provided, or not known

[2026-06-17 05:36:58] PERMANENTLY FAILED: 5e284b3a46c80896dd18b083.nqmm0q.mongodb-dev.net
  - Attempts: 1/2
  - Final Error: [Errno 8] nodename nor servname provided, or not known

[2026-06-17 05:36:58] Processing fbcc47b42b3d5f228136eb72.keenetic.io
  - Error on attempt 1: [Errno 8] nodename nor servname provided, or not known

[2026-06-17 05:36:58] PERMANENTLY FAILED: fbcc47b42b3d5f228136eb72.keenetic.io
  - Attempts: 1/2
  - Final Error: [Errno 8] nodename nor servname provided, or not known

[2026-06-17 05:36:58] Processing api.cryptodataic.cfd
  - Error on attempt 1: Connection Timed Out

[2026-06-17 05:36:58] PERMANENTLY FAILED: api.cryptodataic.cfd
  - Attempts: 1/2
  - Final Error: Connection Timed Out

[2026-06-17 05:36:58] Processing dh4300plus-a923-XgEI.direct.ug.link
  - Error on attempt 1: [Errno 8] nodename nor servname provided, or not known

[2026-06-17 05:36:58] PERMANENTLY FAILED: dh4300plus-a923-XgEI.direct.ug.link
  - Attempts: 1/2
  - Final Error: [Errno 8] nodename nor servname provided, or not known

[2026-06-17 05:36:58] Processing cpanel.eduardoluz1767879255000.2372069.meusitehostgator.com.br
  - Error on attempt 1: [SSL: SSLV3_ALERT_HANDSHAKE_FAILURE] ssl/tls alert handshake failure (_ssl.c:1006)

[2026-06-17 05:36:58] PERMANENTLY FAILED: cpanel.eduardoluz1767879255000.2372069.meusitehostgator.com.br
  - Attempts: 1/2
  - Final Error: [SSL: SSLV3_ALERT_HANDSHAKE_FAILURE] ssl/tls alert handshake failure (_ssl.c:1006)

[2026-06-17 05:36:59] Processing my.ikvk.com
  - Error on attempt 1: [Errno 8] nodename nor servname provided, or not known

[2026-06-17 05:36:59] PERMANENTLY FAILED: my.ikvk.com
  - Attempts: 1/2
  - Final Error: [Errno 8] nodename nor servname provided, or not known

[2026-06-17 05:36:59] Processing next-phone.online
  - Error on attempt 1: [Errno 61] Connection refused

[2026-06-17 05:36:59] PERMANENTLY FAILED: next-phone.online
  - Attempts: 1/2
  - Final Error: [Errno 61] Connection refused

[2026-06-17 05:36:59] Processing nodes.rpcpool.com
  - Error on attempt 1: [Errno 8] nodename nor servname provided, or not known

[2026-06-17 05:36:59] PERMANENTLY FAILED: nodes.rpcpool.com
  - Attempts: 1/2
  - Final Error: [Errno 8] nodename nor servname provided, or not known

[2026-06-17 05:36:59] Processing sbaloancalculator.net
  - Error on attempt 1: [Errno 8] nodename nor servname provided, or not known

[2026-06-17 05:36:59] PERMANENTLY FAILED: sbaloancalculator.net
  - Attempts: 1/2
  - Final Error: [Errno 8] nodename nor servname provided, or not known

[2026-06-17 05:36:59] Processing webdisk.octantis.cl
  - Error on attempt 1: Connection Timed Out

[2026-06-17 05:36:59] PERMANENTLY FAILED: webdisk.octantis.cl
  - Attempts: 1/2
  - Final Error: Connection Timed Out

[2026-06-17 05:36:59] Processing mxldtrdweb.selectewireless.com
  - Error on attempt 1: [Errno 8] nodename nor servname provided, or not known

[2026-06-17 05:36:59] PERMANENTLY FAILED: mxldtrdweb.selectewireless.com
  - Attempts: 1/2
  - Final Error: [Errno 8] nodename nor servname provided, or not known

[2026-06-17 05:36:59] Processing ww25.tickets.joaans.com
  - Error on attempt 1: [Errno 61] Connection refused

[2026-06-17 05:36:59] PERMANENTLY FAILED: ww25.tickets.joaans.com
  - Attempts: 1/2
  - Final Error: [Errno 61] Connection refused

[2026-06-17 05:36:59] Processing admin.dev.cms.hosting.wialon.org
  - Error on attempt 1: [SSL: TLSV1_ALERT_INTERNAL_ERROR] tlsv1 alert internal error (_ssl.c:1006)

[2026-06-17 05:36:59] PERMANENTLY FAILED: admin.dev.cms.hosting.wialon.org
  - Attempts: 1/2
  - Final Error: [SSL: TLSV1_ALERT_INTERNAL_ERROR] tlsv1 alert internal error (_ssl.c:1006)

[2026-06-17 05:36:59] Processing intranet.iphone.at
  - Error on attempt 1: Connection Timed Out

[2026-06-17 05:36:59] PERMANENTLY FAILED: intranet.iphone.at
  - Attempts: 1/2
  - Final Error: Connection Timed Out

[2026-06-17 05:36:59] Processing test.www.console.wwwdemo.marionstronks.nl
  - Error on attempt 1: [SSL: TLSV1_ALERT_INTERNAL_ERROR] tlsv1 alert internal error (_ssl.c:1006)

[2026-06-17 05:36:59] PERMANENTLY FAILED: test.www.console.wwwdemo.marionstronks.nl
  - Attempts: 1/2
  - Final Error: [SSL: TLSV1_ALERT_INTERNAL_ERROR] tlsv1 alert internal error (_ssl.c:1006)

[2026-06-17 05:36:59] Processing motorcityconcrete.com
  - Error on attempt 1: [Errno 61] Connection refused

[2026-06-17 05:36:59] PERMANENTLY FAILED: motorcityconcrete.com
  - Attempts: 1/2
  - Final Error: [Errno 61] Connection refused

[2026-06-17 05:36:59] Processing cloud.admitme.com
  - Error on attempt 1: Connection Timed Out

[2026-06-17 05:36:59] PERMANENTLY FAILED: cloud.admitme.com
  - Attempts: 1/2
  - Final Error: Connection Timed Out

[2026-06-17 05:37:00] Processing freesudan.shop
  - Error on attempt 1: [SSL: SSLV3_ALERT_HANDSHAKE_FAILURE] ssl/tls alert handshake failure (_ssl.c:1006)

[2026-06-17 05:37:00] PERMANENTLY FAILED: freesudan.shop
  - Attempts: 1/2
  - Final Error: [SSL: SSLV3_ALERT_HANDSHAKE_FAILURE] ssl/tls alert handshake failure (_ssl.c:1006)

[2026-06-17 05:37:00] Processing 74510344-72a6-46c5-ba78-414773998513.birchtreecapital.com
  - Error on attempt 1: Connection Timed Out

[2026-06-17 05:37:00] PERMANENTLY FAILED: 74510344-72a6-46c5-ba78-414773998513.birchtreecapital.com
  - Attempts: 1/2
  - Final Error: Connection Timed Out

[2026-06-17 05:37:00] Processing qmtowel.com
  - Error on attempt 1: [Errno 8] nodename nor servname provided, or not known

[2026-06-17 05:37:00] PERMANENTLY FAILED: qmtowel.com
  - Attempts: 1/2
  - Final Error: [Errno 8] nodename nor servname provided, or not known

[2026-06-17 05:37:00] Processing rdp.kaekel.com
  - Error on attempt 1: Connection Timed Out

[2026-06-17 05:37:00] PERMANENTLY FAILED: rdp.kaekel.com
  - Attempts: 1/2
  - Final Error: Connection Timed Out

[2026-06-17 05:37:00] Processing radar-app.lippolis.freeddns.it
  - Error on attempt 1: [SSL: TLSV1_ALERT_INTERNAL_ERROR] tlsv1 alert internal error (_ssl.c:1006)

[2026-06-17 05:37:00] PERMANENTLY FAILED: radar-app.lippolis.freeddns.it
  - Attempts: 1/2
  - Final Error: [SSL: TLSV1_ALERT_INTERNAL_ERROR] tlsv1 alert internal error (_ssl.c:1006)

[2026-06-17 05:37:00] Processing cai.csm.no
  - Error on attempt 1: Connection Timed Out

[2026-06-17 05:37:00] PERMANENTLY FAILED: cai.csm.no
  - Attempts: 1/2
  - Final Error: Connection Timed Out

[2026-06-17 05:37:00] Processing rdweb1.krausgroup.com
  - Error on attempt 1: Connection Timed Out

[2026-06-17 05:37:00] PERMANENTLY FAILED: rdweb1.krausgroup.com
  - Attempts: 1/2
  - Final Error: Connection Timed Out

[2026-06-17 05:37:00] Processing thedomcomic.com
  - Error on attempt 1: [SSL: TLSV1_ALERT_INTERNAL_ERROR] tlsv1 alert internal error (_ssl.c:1006)

[2026-06-17 05:37:00] PERMANENTLY FAILED: thedomcomic.com
  - Attempts: 1/2
  - Final Error: [SSL: TLSV1_ALERT_INTERNAL_ERROR] tlsv1 alert internal error (_ssl.c:1006)

[2026-06-17 05:37:00] Processing jonathansarago.com
  - Error on attempt 1: [Errno 8] nodename nor servname provided, or not known

[2026-06-17 05:37:00] PERMANENTLY FAILED: jonathansarago.com
  - Attempts: 1/2
  - Final Error: [Errno 8] nodename nor servname provided, or not known

[2026-06-17 05:37:00] Processing staging.sitemaps.lantbruksmaskiner.com
  - Error on attempt 1: [Errno 8] nodename nor servname provided, or not known

[2026-06-17 05:37:00] PERMANENTLY FAILED: staging.sitemaps.lantbruksmaskiner.com
  - Attempts: 1/2
  - Final Error: [Errno 8] nodename nor servname provided, or not known

[2026-06-17 05:37:00] Processing 36asqh01.live
  - Error on attempt 1: [Errno 8] nodename nor servname provided, or not known

[2026-06-17 05:37:00] PERMANENTLY FAILED: 36asqh01.live
  - Attempts: 1/2
  - Final Error: [Errno 8] nodename nor servname provided, or not known

[2026-06-17 05:37:00] Processing soln11bee.netcraze.pro
  - Error on attempt 1: [Errno 8] nodename nor servname provided, or not known

[2026-06-17 05:37:00] PERMANENTLY FAILED: soln11bee.netcraze.pro
  - Attempts: 1/2
  - Final Error: [Errno 8] nodename nor servname provided, or not known

[2026-06-17 05:37:00] Processing find.peisze.com
  - Error on attempt 1: [Errno 8] nodename nor servname provided, or not known

[2026-06-17 05:37:00] PERMANENTLY FAILED: find.peisze.com
  - Attempts: 1/2
  - Final Error: [Errno 8] nodename nor servname provided, or not known

[2026-06-17 05:37:00] Processing 82968ef3.sni.cloudflaressl.com
  - Error on attempt 1: [SSL: SSLV3_ALERT_HANDSHAKE_FAILURE] ssl/tls alert handshake failure (_ssl.c:1006)

[2026-06-17 05:37:00] PERMANENTLY FAILED: 82968ef3.sni.cloudflaressl.com
  - Attempts: 1/2
  - Final Error: [SSL: SSLV3_ALERT_HANDSHAKE_FAILURE] ssl/tls alert handshake failure (_ssl.c:1006)

[2026-06-17 05:37:00] Processing xs01e7v.pro
  - Error on attempt 1: [Errno 8] nodename nor servname provided, or not known

[2026-06-17 05:37:00] PERMANENTLY FAILED: xs01e7v.pro
  - Attempts: 1/2
  - Final Error: [Errno 8] nodename nor servname provided, or not known

[2026-06-17 05:37:01] Processing api.lindeconsultancy.nlwww.dev.najmznlprm.is-a-fag.lol
  - Error on attempt 1: [Errno 8] nodename nor servname provided, or not known

[2026-06-17 05:37:01] PERMANENTLY FAILED: api.lindeconsultancy.nlwww.dev.najmznlprm.is-a-fag.lol
  - Attempts: 1/2
  - Final Error: [Errno 8] nodename nor servname provided, or not known

[2026-06-17 05:37:01] Processing admin.lindeconsultancy.nlwww.dev.najmznlprm.is-a-fag.lol
  - Error on attempt 1: [Errno 8] nodename nor servname provided, or not known

[2026-06-17 05:37:01] PERMANENTLY FAILED: admin.lindeconsultancy.nlwww.dev.najmznlprm.is-a-fag.lol
  - Attempts: 1/2
  - Final Error: [Errno 8] nodename nor servname provided, or not known

[2026-06-17 05:37:01] Processing admin.dev.www.morales-tapas-restaurant.previewlink.is
  - Error on attempt 1: Connection Timed Out

[2026-06-17 05:37:01] PERMANENTLY FAILED: admin.dev.www.morales-tapas-restaurant.previewlink.is
  - Attempts: 1/2
  - Final Error: Connection Timed Out

[2026-06-17 05:37:01] Processing authsmtp.juhew.com
  - Error on attempt 1: [Errno 8] nodename nor servname provided, or not known

[2026-06-17 05:37:01] PERMANENTLY FAILED: authsmtp.juhew.com
  - Attempts: 1/2
  - Final Error: [Errno 8] nodename nor servname provided, or not known

[2026-06-17 05:37:01] Processing desktopstudent.likh.com
  - Error on attempt 1: [SSL: TLSV1_UNRECOGNIZED_NAME] tlsv1 unrecognized name (_ssl.c:1006)

[2026-06-17 05:37:01] PERMANENTLY FAILED: desktopstudent.likh.com
  - Attempts: 1/2
  - Final Error: [SSL: TLSV1_UNRECOGNIZED_NAME] tlsv1 unrecognized name (_ssl.c:1006)

[2026-06-17 05:37:01] Processing dev.collegerecruitpro.com
  - Error on attempt 1: [Errno 8] nodename nor servname provided, or not known

[2026-06-17 05:37:01] Processing test.lindeconsultancy.nlwww.dev.najmznlprm.is-a-fag.lol
  - Error on attempt 1: [Errno 8] nodename nor servname provided, or not known

[2026-06-17 05:37:01] PERMANENTLY FAILED: dev.collegerecruitpro.com
  - Attempts: 1/2
  - Final Error: [Errno 8] nodename nor servname provided, or not known

[2026-06-17 05:37:01] PERMANENTLY FAILED: test.lindeconsultancy.nlwww.dev.najmznlprm.is-a-fag.lol
  - Attempts: 1/2
  - Final Error: [Errno 8] nodename nor servname provided, or not known

[2026-06-17 05:37:01] Processing zaxirikipofetuvelevu.online
  - Error on attempt 1: [Errno 8] nodename nor servname provided, or not known

[2026-06-17 05:37:01] PERMANENTLY FAILED: zaxirikipofetuvelevu.online
  - Attempts: 1/2
  - Final Error: [Errno 8] nodename nor servname provided, or not known

[2026-06-17 05:37:01] Processing r1767886879z5dc1c231.dc1.monitor.radiantlock.org
  - Error on attempt 1: [Errno 54] Connection reset by peer

[2026-06-17 05:37:01] PERMANENTLY FAILED: r1767886879z5dc1c231.dc1.monitor.radiantlock.org
  - Attempts: 1/2
  - Final Error: [Errno 54] Connection reset by peer

[2026-06-17 05:37:01] Processing 99.segelferien.com
  - Error on attempt 1: [Errno 8] nodename nor servname provided, or not known

[2026-06-17 05:37:01] PERMANENTLY FAILED: 99.segelferien.com
  - Attempts: 1/2
  - Final Error: [Errno 8] nodename nor servname provided, or not known

[2026-06-17 05:37:01] Processing admin.mail.wwwwwwapp.wwwwwwwwwminio-gartenkultur-neos-1c089c2d.gk01.cynova.dev
  - Error on attempt 1: [Errno 61] Connection refused

[2026-06-17 05:37:01] PERMANENTLY FAILED: admin.mail.wwwwwwapp.wwwwwwwwwminio-gartenkultur-neos-1c089c2d.gk01.cynova.dev
  - Attempts: 1/2
  - Final Error: [Errno 61] Connection refused

[2026-06-17 05:37:02] Processing staging.www.console.wwwwwwap2024.marionstronks.nl
  - Error on attempt 1: [SSL: TLSV1_ALERT_INTERNAL_ERROR] tlsv1 alert internal error (_ssl.c:1006)

[2026-06-17 05:37:02] PERMANENTLY FAILED: staging.www.console.wwwwwwap2024.marionstronks.nl
  - Attempts: 1/2
  - Final Error: [SSL: TLSV1_ALERT_INTERNAL_ERROR] tlsv1 alert internal error (_ssl.c:1006)

[2026-06-17 05:37:02] Processing qa.infomeeting.com
  - Error on attempt 1: [SSL: TLSV1_UNRECOGNIZED_NAME] tlsv1 unrecognized name (_ssl.c:1006)

[2026-06-17 05:37:02] PERMANENTLY FAILED: qa.infomeeting.com
  - Attempts: 1/2
  - Final Error: [SSL: TLSV1_UNRECOGNIZED_NAME] tlsv1 unrecognized name (_ssl.c:1006)

[2026-06-17 05:37:02] Processing api.sitemap.automoney.com.au
  - Error on attempt 1: [SSL: UNEXPECTED_EOF_WHILE_READING] EOF occurred in violation of protocol (_ssl.c:1006)

[2026-06-17 05:37:02] PERMANENTLY FAILED: api.sitemap.automoney.com.au
  - Attempts: 1/2
  - Final Error: [SSL: UNEXPECTED_EOF_WHILE_READING] EOF occurred in violation of protocol (_ssl.c:1006)

[2026-06-17 05:37:02] Processing emv1.ericmorgan.com
  - Error on attempt 1: Connection Timed Out

[2026-06-17 05:37:02] PERMANENTLY FAILED: emv1.ericmorgan.com
  - Attempts: 1/2
  - Final Error: Connection Timed Out

[2026-06-17 05:37:02] Processing e4388391b8a507642e1707be75e806415baf9.id.ui.direct
  - Error on attempt 1: [Errno 8] nodename nor servname provided, or not known

[2026-06-17 05:37:02] PERMANENTLY FAILED: e4388391b8a507642e1707be75e806415baf9.id.ui.direct
  - Attempts: 1/2
  - Final Error: [Errno 8] nodename nor servname provided, or not known

[2026-06-17 05:37:02] Processing lparisi.it
  - Error on attempt 1: [Errno 8] nodename nor servname provided, or not known

[2026-06-17 05:37:02] PERMANENTLY FAILED: lparisi.it
  - Attempts: 1/2
  - Final Error: [Errno 8] nodename nor servname provided, or not known

[2026-06-17 05:37:02] Processing hrovdrd.plexusslm.com
  - Error on attempt 1: Connection Timed Out

[2026-06-17 05:37:02] PERMANENTLY FAILED: hrovdrd.plexusslm.com
  - Attempts: 1/2
  - Final Error: Connection Timed Out

[2026-06-17 05:37:02] Processing dev.cafewayanbakeryubud.com
  - Error on attempt 1: [Errno 8] nodename nor servname provided, or not known

[2026-06-17 05:37:02] PERMANENTLY FAILED: dev.cafewayanbakeryubud.com
  - Attempts: 1/2
  - Final Error: [Errno 8] nodename nor servname provided, or not known

[2026-06-17 05:37:03] Processing test.mail.wwwwwwapp.wwwwwwwwwminio-gartenkultur-neos-1c089c2d.gk01.cynova.dev
  - Error on attempt 1: [Errno 61] Connection refused

[2026-06-17 05:37:03] PERMANENTLY FAILED: test.mail.wwwwwwapp.wwwwwwwwwminio-gartenkultur-neos-1c089c2d.gk01.cynova.dev
  - Attempts: 1/2
  - Final Error: [Errno 61] Connection refused

[2026-06-17 05:37:03] Processing mapreprod.net
  - Error on attempt 1: [Errno 8] nodename nor servname provided, or not known

[2026-06-17 05:37:03] PERMANENTLY FAILED: mapreprod.net
  - Attempts: 1/2
  - Final Error: [Errno 8] nodename nor servname provided, or not known

[2026-06-17 05:37:03] Processing ts.erozan.com
  - Error on attempt 1: [Errno 8] nodename nor servname provided, or not known

[2026-06-17 05:37:03] PERMANENTLY FAILED: ts.erozan.com
  - Attempts: 1/2
  - Final Error: [Errno 8] nodename nor servname provided, or not known

[2026-06-17 05:37:03] Processing casus.tryghansa.se
  - Error on attempt 1: [SSL: UNEXPECTED_EOF_WHILE_READING] EOF occurred in violation of protocol (_ssl.c:1006)

[2026-06-17 05:37:03] PERMANENTLY FAILED: casus.tryghansa.se
  - Attempts: 1/2
  - Final Error: [SSL: UNEXPECTED_EOF_WHILE_READING] EOF occurred in violation of protocol (_ssl.c:1006)

[2026-06-17 05:37:03] Processing api.mail.wwwwwwportal.dataset.49-12-111-90.plesk.page
  - Error on attempt 1: [Errno 61] Connection refused

[2026-06-17 05:37:03] PERMANENTLY FAILED: api.mail.wwwwwwportal.dataset.49-12-111-90.plesk.page
  - Attempts: 1/2
  - Final Error: [Errno 61] Connection refused

[2026-06-17 05:37:03] Processing godmotherzone.org
  - Error on attempt 1: [Errno 61] Connection refused

[2026-06-17 05:37:03] PERMANENTLY FAILED: godmotherzone.org
  - Attempts: 1/2
  - Final Error: [Errno 61] Connection refused

[2026-06-17 05:37:04] Processing afracabins.com
  - Error on attempt 1: [Errno 8] nodename nor servname provided, or not known

[2026-06-17 05:37:04] PERMANENTLY FAILED: afracabins.com
  - Attempts: 1/2
  - Final Error: [Errno 8] nodename nor servname provided, or not known

[2026-06-17 05:37:04] Processing nas-leslie.direct.ug.link
  - Error on attempt 1: [Errno 8] nodename nor servname provided, or not known

[2026-06-17 05:37:04] PERMANENTLY FAILED: nas-leslie.direct.ug.link
  - Attempts: 1/2
  - Final Error: [Errno 8] nodename nor servname provided, or not known

[2026-06-17 05:37:04] Processing qv9o7-3vt7h-bnhgzn.work
  - Error on attempt 1: [Errno 8] nodename nor servname provided, or not known

[2026-06-17 05:37:04] PERMANENTLY FAILED: qv9o7-3vt7h-bnhgzn.work
  - Attempts: 1/2
  - Final Error: [Errno 8] nodename nor servname provided, or not known

[2026-06-17 05:37:04] Processing wo-dowrprjanbuf909ibuzyi00r7.w.modal.host
  - Error on attempt 1: [Errno 8] nodename nor servname provided, or not known

[2026-06-17 05:37:04] PERMANENTLY FAILED: wo-dowrprjanbuf909ibuzyi00r7.w.modal.host
  - Attempts: 1/2
  - Final Error: [Errno 8] nodename nor servname provided, or not known

[2026-06-17 05:37:04] Processing fynaaa0i48q2zre9nr5fe7yw7xkigjq.direct.quickconnect.to
  - Error on attempt 1: [Errno 8] nodename nor servname provided, or not known

[2026-06-17 05:37:04] PERMANENTLY FAILED: fynaaa0i48q2zre9nr5fe7yw7xkigjq.direct.quickconnect.to
  - Attempts: 1/2
  - Final Error: [Errno 8] nodename nor servname provided, or not known

[2026-06-17 05:37:04] Processing jeanpaul-sousa.workers.dev
  - Error on attempt 1: [Errno 8] nodename nor servname provided, or not known

[2026-06-17 05:37:04] PERMANENTLY FAILED: jeanpaul-sousa.workers.dev
  - Attempts: 1/2
  - Final Error: [Errno 8] nodename nor servname provided, or not known

[2026-06-17 05:37:04] Processing staging.autotuningzubehoer.de
  - Error on attempt 1: Connection Timed Out

[2026-06-17 05:37:04] PERMANENTLY FAILED: staging.autotuningzubehoer.de
  - Attempts: 1/2
  - Final Error: Connection Timed Out

[2026-06-17 05:37:04] Processing wwwdev.cloud.cloud.35-226-225-22.sslip.io
  - Error on attempt 1: Connection Timed Out

[2026-06-17 05:37:04] PERMANENTLY FAILED: wwwdev.cloud.cloud.35-226-225-22.sslip.io
  - Attempts: 1/2
  - Final Error: Connection Timed Out

[2026-06-17 05:37:04] Processing ilidord.infomeeting.com
  - Error on attempt 1: [SSL: TLSV1_UNRECOGNIZED_NAME] tlsv1 unrecognized name (_ssl.c:1006)

[2026-06-17 05:37:04] PERMANENTLY FAILED: ilidord.infomeeting.com
  - Attempts: 1/2
  - Final Error: [SSL: TLSV1_UNRECOGNIZED_NAME] tlsv1 unrecognized name (_ssl.c:1006)

[2026-06-17 05:37:04] Processing test.shfbitc6aq6nk41kks8s5.49-13-6-254.plesk.page
  - Error on attempt 1: [SSL: TLSV1_ALERT_INTERNAL_ERROR] tlsv1 alert internal error (_ssl.c:1006)

[2026-06-17 05:37:04] Processing www42.keekee.com
  - Error on attempt 1: Connection Timed Out

[2026-06-17 05:37:04] PERMANENTLY FAILED: test.shfbitc6aq6nk41kks8s5.49-13-6-254.plesk.page
  - Attempts: 1/2
  - Final Error: [SSL: TLSV1_ALERT_INTERNAL_ERROR] tlsv1 alert internal error (_ssl.c:1006)

[2026-06-17 05:37:04] PERMANENTLY FAILED: www42.keekee.com
  - Attempts: 1/2
  - Final Error: Connection Timed Out

[2026-06-17 05:37:05] Processing staging.shfbitc6aq6nk41kks8s5.49-13-6-254.plesk.page
  - Error on attempt 1: [SSL: TLSV1_ALERT_INTERNAL_ERROR] tlsv1 alert internal error (_ssl.c:1006)

[2026-06-17 05:37:05] PERMANENTLY FAILED: staging.shfbitc6aq6nk41kks8s5.49-13-6-254.plesk.page
  - Attempts: 1/2
  - Final Error: [SSL: TLSV1_ALERT_INTERNAL_ERROR] tlsv1 alert internal error (_ssl.c:1006)

[2026-06-17 05:37:05] Processing unitumchemicals.com
  - Error on attempt 1: Connection Timed Out

[2026-06-17 05:37:05] PERMANENTLY FAILED: unitumchemicals.com
  - Attempts: 1/2
  - Final Error: Connection Timed Out

[2026-06-17 05:37:05] Processing 1b0fg98.workers.dev
  - Error on attempt 1: [Errno 8] nodename nor servname provided, or not known

[2026-06-17 05:37:05] PERMANENTLY FAILED: 1b0fg98.workers.dev
  - Attempts: 1/2
  - Final Error: [Errno 8] nodename nor servname provided, or not known

[2026-06-17 05:37:05] Processing wo-gp871ykhiiffdu6garwe617n2.w.modal.host
  - Error on attempt 1: [Errno 8] nodename nor servname provided, or not known

[2026-06-17 05:37:05] PERMANENTLY FAILED: wo-gp871ykhiiffdu6garwe617n2.w.modal.host
  - Attempts: 1/2
  - Final Error: [Errno 8] nodename nor servname provided, or not known

[2026-06-17 05:37:05] Processing webdisk.scuoladicinema.it
  - Error on attempt 1: Connection Timed Out

[2026-06-17 05:37:05] PERMANENTLY FAILED: webdisk.scuoladicinema.it
  - Attempts: 1/2
  - Final Error: Connection Timed Out

[2026-06-17 05:37:05] Processing fklh.com
  - Error on attempt 1: [Errno 8] nodename nor servname provided, or not known

[2026-06-17 05:37:05] PERMANENTLY FAILED: fklh.com
  - Attempts: 1/2
  - Final Error: [Errno 8] nodename nor servname provided, or not known

[2026-06-17 05:37:05] Processing ftp.definition-sigle.fr
  - Error on attempt 1: Connection Timed Out

[2026-06-17 05:37:05] PERMANENTLY FAILED: ftp.definition-sigle.fr
  - Attempts: 1/2
  - Final Error: Connection Timed Out

[2026-06-17 05:37:06] Processing a003a51f92de93e65a202fd6.keenetic.io
  - Error on attempt 1: [Errno 8] nodename nor servname provided, or not known

[2026-06-17 05:37:06] PERMANENTLY FAILED: a003a51f92de93e65a202fd6.keenetic.io
  - Attempts: 1/2
  - Final Error: [Errno 8] nodename nor servname provided, or not known

[2026-06-17 05:37:06] Processing sd.westcom.com
  - Error on attempt 1: [Errno 8] nodename nor servname provided, or not known

[2026-06-17 05:37:06] PERMANENTLY FAILED: sd.westcom.com
  - Attempts: 1/2
  - Final Error: [Errno 8] nodename nor servname provided, or not known

[2026-06-17 05:37:06] Processing cardinalcrone.com
  - Error on attempt 1: [Errno 8] nodename nor servname provided, or not known

[2026-06-17 05:37:06] PERMANENTLY FAILED: cardinalcrone.com
  - Attempts: 1/2
  - Final Error: [Errno 8] nodename nor servname provided, or not known

[2026-06-17 05:37:06] Processing ww12.tomkatjewelers.com
  - Error on attempt 1: [Errno 8] nodename nor servname provided, or not known

[2026-06-17 05:37:06] PERMANENTLY FAILED: ww12.tomkatjewelers.com
  - Attempts: 1/2
  - Final Error: [Errno 8] nodename nor servname provided, or not known

[2026-06-17 05:37:06] Processing snnas301.direct.quickconnect.to
  - Error on attempt 1: Connection Timed Out

[2026-06-17 05:37:06] PERMANENTLY FAILED: snnas301.direct.quickconnect.to
  - Attempts: 1/2
  - Final Error: Connection Timed Out

[2026-06-17 05:37:06] Processing infowww.wwwstore.myxpage.shop
  - Error on attempt 1: [SSL: TLSV1_ALERT_INTERNAL_ERROR] tlsv1 alert internal error (_ssl.c:1006)

[2026-06-17 05:37:06] PERMANENTLY FAILED: infowww.wwwstore.myxpage.shop
  - Attempts: 1/2
  - Final Error: [SSL: TLSV1_ALERT_INTERNAL_ERROR] tlsv1 alert internal error (_ssl.c:1006)

[2026-06-17 05:37:06] Processing staging.sitemaps.gpx69.lat
  - Error on attempt 1: [Errno 8] nodename nor servname provided, or not known

[2026-06-17 05:37:06] PERMANENTLY FAILED: staging.sitemaps.gpx69.lat
  - Attempts: 1/2
  - Final Error: [Errno 8] nodename nor servname provided, or not known

[2026-06-17 05:37:06] Processing themopmate.com
  - Error on attempt 1: [Errno 8] nodename nor servname provided, or not known

[2026-06-17 05:37:06] PERMANENTLY FAILED: themopmate.com
  - Attempts: 1/2
  - Final Error: [Errno 8] nodename nor servname provided, or not known

[2026-06-17 05:37:06] Processing ypev.wucd.com
  - Error on attempt 1: [SSL: TLSV1_UNRECOGNIZED_NAME] tlsv1 unrecognized name (_ssl.c:1006)

[2026-06-17 05:37:06] PERMANENTLY FAILED: ypev.wucd.com
  - Attempts: 1/2
  - Final Error: [SSL: TLSV1_UNRECOGNIZED_NAME] tlsv1 unrecognized name (_ssl.c:1006)

[2026-06-17 05:37:06] Processing 8h8lnxy.com
  - Error on attempt 1: [Errno 8] nodename nor servname provided, or not known

[2026-06-17 05:37:06] PERMANENTLY FAILED: 8h8lnxy.com
  - Attempts: 1/2
  - Final Error: [Errno 8] nodename nor servname provided, or not known

[2026-06-17 05:37:07] Processing api.mail.wwwwwwapp.wwwwwwwwwminio-gartenkultur-neos-1c089c2d.gk01.cynova.dev
  - Error on attempt 1: [Errno 61] Connection refused

[2026-06-17 05:37:07] PERMANENTLY FAILED: api.mail.wwwwwwapp.wwwwwwwwwminio-gartenkultur-neos-1c089c2d.gk01.cynova.dev
  - Attempts: 1/2
  - Final Error: [Errno 61] Connection refused

[2026-06-17 05:37:07] Processing gp.erozan.com
  - Error on attempt 1: [Errno 8] nodename nor servname provided, or not known

[2026-06-17 05:37:07] PERMANENTLY FAILED: gp.erozan.com
  - Attempts: 1/2
  - Final Error: [Errno 8] nodename nor servname provided, or not known

[2026-06-17 05:37:07] Processing bottourism.info
  - Error on attempt 1: [SSL: TLSV1_UNRECOGNIZED_NAME] tlsv1 unrecognized name (_ssl.c:1006)

[2026-06-17 05:37:07] PERMANENTLY FAILED: bottourism.info
  - Attempts: 1/2
  - Final Error: [SSL: TLSV1_UNRECOGNIZED_NAME] tlsv1 unrecognized name (_ssl.c:1006)

[2026-06-17 05:37:08] Processing rockset-1.internal.api.openai.org
  - Error on attempt 1: [Errno 8] nodename nor servname provided, or not known

[2026-06-17 05:37:08] PERMANENTLY FAILED: rockset-1.internal.api.openai.org
  - Attempts: 1/2
  - Final Error: [Errno 8] nodename nor servname provided, or not known

[2026-06-17 05:37:08] Processing archive.iphone.at
  - Error on attempt 1: Connection Timed Out

[2026-06-17 05:37:08] PERMANENTLY FAILED: archive.iphone.at
  - Attempts: 1/2
  - Final Error: Connection Timed Out

[2026-06-17 05:37:08] Processing vault.lammers-krueger.de
  - Error on attempt 1: [SSL: UNEXPECTED_EOF_WHILE_READING] EOF occurred in violation of protocol (_ssl.c:1006)

[2026-06-17 05:37:08] PERMANENTLY FAILED: vault.lammers-krueger.de
  - Attempts: 1/2
  - Final Error: [SSL: UNEXPECTED_EOF_WHILE_READING] EOF occurred in violation of protocol (_ssl.c:1006)

[2026-06-17 05:37:08] Processing aerobicsepticpumping.com
  - Error on attempt 1: Connection Timed Out

[2026-06-17 05:37:08] PERMANENTLY FAILED: aerobicsepticpumping.com
  - Attempts: 1/2
  - Final Error: Connection Timed Out

[2026-06-17 05:37:08] Processing e438832faf1f07220ca907782e98063a47e79.id.ui.direct
  - Error on attempt 1: [Errno 8] nodename nor servname provided, or not known

[2026-06-17 05:37:08] PERMANENTLY FAILED: e438832faf1f07220ca907782e98063a47e79.id.ui.direct
  - Attempts: 1/2
  - Final Error: [Errno 8] nodename nor servname provided, or not known

[2026-06-17 05:37:08] Processing remote2.beckanna.com
  - Error on attempt 1: Connection Timed Out

[2026-06-17 05:37:08] PERMANENTLY FAILED: remote2.beckanna.com
  - Attempts: 1/2
  - Final Error: Connection Timed Out

[2026-06-17 05:37:09] Processing langfuse-lsog08c4kck8844gg88gg0cc.coolify.samarpit.dev
  - Error on attempt 1: [Errno 8] nodename nor servname provided, or not known

[2026-06-17 05:37:09] PERMANENTLY FAILED: langfuse-lsog08c4kck8844gg88gg0cc.coolify.samarpit.dev
  - Attempts: 1/2
  - Final Error: [Errno 8] nodename nor servname provided, or not known

[2026-06-17 05:37:09] Processing 420e8315-563e-46a7-9e6c-64d6b983d4a6.nofee.net
  - Error on attempt 1: Connection Timed Out

[2026-06-17 05:37:09] PERMANENTLY FAILED: 420e8315-563e-46a7-9e6c-64d6b983d4a6.nofee.net
  - Attempts: 1/2
  - Final Error: Connection Timed Out

[2026-06-17 05:37:09] Processing s1442387723.torrentigruha.net
  - Error on attempt 1: Connection Timed Out

[2026-06-17 05:37:09] PERMANENTLY FAILED: s1442387723.torrentigruha.net
  - Attempts: 1/2
  - Final Error: Connection Timed Out

[2026-06-17 05:37:10] Processing mulefutapezamexizeza.online
  - Error on attempt 1: [Errno 8] nodename nor servname provided, or not known

[2026-06-17 05:37:10] PERMANENTLY FAILED: mulefutapezamexizeza.online
  - Attempts: 1/2
  - Final Error: [Errno 8] nodename nor servname provided, or not known

[2026-06-17 05:37:10] Processing b-enjamin209book.workers.dev
  - Error on attempt 1: [Errno 8] nodename nor servname provided, or not known

[2026-06-17 05:37:10] PERMANENTLY FAILED: b-enjamin209book.workers.dev
  - Attempts: 1/2
  - Final Error: [Errno 8] nodename nor servname provided, or not known

[2026-06-17 05:37:10] Processing po.ineer.com
  - Error on attempt 1: [Errno 8] nodename nor servname provided, or not known

[2026-06-17 05:37:10] PERMANENTLY FAILED: po.ineer.com
  - Attempts: 1/2
  - Final Error: [Errno 8] nodename nor servname provided, or not known

[2026-06-17 05:37:10] Processing sso.caputt.de
  - Error on attempt 1: Connection Timed Out

[2026-06-17 05:37:10] PERMANENTLY FAILED: sso.caputt.de
  - Attempts: 1/2
  - Final Error: Connection Timed Out

[2026-06-17 05:37:10] Processing winningtechs.cloud
  - Error on attempt 1: [Errno 61] Connection refused

[2026-06-17 05:37:10] PERMANENTLY FAILED: winningtechs.cloud
  - Attempts: 1/2
  - Final Error: [Errno 61] Connection refused

[2026-06-17 05:37:11] Processing notexistsstore.owlhouse.co.za
  - Error on attempt 1: Connection Timed Out

[2026-06-17 05:37:11] PERMANENTLY FAILED: notexistsstore.owlhouse.co.za
  - Attempts: 1/2
  - Final Error: Connection Timed Out

[2026-06-17 05:37:11] Processing highroller.casino
  - Error on attempt 1: [Errno 8] nodename nor servname provided, or not known

[2026-06-17 05:37:11] PERMANENTLY FAILED: highroller.casino
  - Attempts: 1/2
  - Final Error: [Errno 8] nodename nor servname provided, or not known

[2026-06-17 05:37:11] Processing d73bf13f-f503-4a6b-976c-d3652574a966.afroblack.com
  - Error on attempt 1: Connection Timed Out

[2026-06-17 05:37:11] PERMANENTLY FAILED: d73bf13f-f503-4a6b-976c-d3652574a966.afroblack.com
  - Attempts: 1/2
  - Final Error: Connection Timed Out

[2026-06-17 05:37:11] Processing demo.knackgroup.com
  - Error on attempt 1: [Errno 8] nodename nor servname provided, or not known

[2026-06-17 05:37:11] PERMANENTLY FAILED: demo.knackgroup.com
  - Attempts: 1/2
  - Final Error: [Errno 8] nodename nor servname provided, or not known

[2026-06-17 05:37:11] Processing 66f0d093-87bd-4324-85f2-f3054c52771a.autodarts.direct
  - Error on attempt 1: [Errno 8] nodename nor servname provided, or not known

[2026-06-17 05:37:11] PERMANENTLY FAILED: 66f0d093-87bd-4324-85f2-f3054c52771a.autodarts.direct
  - Attempts: 1/2
  - Final Error: [Errno 8] nodename nor servname provided, or not known

[2026-06-17 05:37:12] Processing staging.mail.wwwwwwportal.dataset.49-12-111-90.plesk.page
  - Error on attempt 1: [Errno 61] Connection refused

[2026-06-17 05:37:12] PERMANENTLY FAILED: staging.mail.wwwwwwportal.dataset.49-12-111-90.plesk.page
  - Attempts: 1/2
  - Final Error: [Errno 61] Connection refused

[2026-06-17 05:37:12] Processing 4d61bc40.sni.cloudflaressl.com
  - Error on attempt 1: [SSL: SSLV3_ALERT_HANDSHAKE_FAILURE] ssl/tls alert handshake failure (_ssl.c:1006)

[2026-06-17 05:37:12] PERMANENTLY FAILED: 4d61bc40.sni.cloudflaressl.com
  - Attempts: 1/2
  - Final Error: [SSL: SSLV3_ALERT_HANDSHAKE_FAILURE] ssl/tls alert handshake failure (_ssl.c:1006)

[2026-06-17 05:37:12] Processing demo.dev.software.payments.35-226-225-22.sslip.io
  - Error on attempt 1: Connection Timed Out

[2026-06-17 05:37:12] PERMANENTLY FAILED: demo.dev.software.payments.35-226-225-22.sslip.io
  - Attempts: 1/2
  - Final Error: Connection Timed Out

[2026-06-17 05:37:12] Processing api.hosashboard.pop.chat-service2.insightandsound.co.uk
  - Error on attempt 1: Connection Timed Out

[2026-06-17 05:37:12] PERMANENTLY FAILED: api.hosashboard.pop.chat-service2.insightandsound.co.uk
  - Attempts: 1/2
  - Final Error: Connection Timed Out

[2026-06-17 05:37:12] Processing tpe01.direct.quickconnect.to
  - Error on attempt 1: Connection Timed Out

[2026-06-17 05:37:12] PERMANENTLY FAILED: tpe01.direct.quickconnect.to
  - Attempts: 1/2
  - Final Error: Connection Timed Out

[2026-06-17 05:37:12] Processing caeluminvestment.com
  - Error on attempt 1: [Errno 8] nodename nor servname provided, or not known

[2026-06-17 05:37:12] PERMANENTLY FAILED: caeluminvestment.com
  - Attempts: 1/2
  - Final Error: [Errno 8] nodename nor servname provided, or not known

[2026-06-17 05:37:13] Processing webserpavlar.direct.quickconnect.to
  - Error on attempt 1: [Errno 61] Connection refused

[2026-06-17 05:37:13] PERMANENTLY FAILED: webserpavlar.direct.quickconnect.to
  - Attempts: 1/2
  - Final Error: [Errno 61] Connection refused

[2026-06-17 05:37:13] Processing old.portauthorityny.com
  - Error on attempt 1: [Errno 8] nodename nor servname provided, or not known

[2026-06-17 05:37:13] PERMANENTLY FAILED: old.portauthorityny.com
  - Attempts: 1/2
  - Final Error: [Errno 8] nodename nor servname provided, or not known

[2026-06-17 05:37:13] Processing m.industri.es
  - Error on attempt 1: Connection Timed Out

[2026-06-17 05:37:13] PERMANENTLY FAILED: m.industri.es
  - Attempts: 1/2
  - Final Error: Connection Timed Out

[2026-06-17 05:37:13] Processing drvpn.superahorros.com
  - Error on attempt 1: Connection Timed Out

[2026-06-17 05:37:13] PERMANENTLY FAILED: drvpn.superahorros.com
  - Attempts: 1/2
  - Final Error: Connection Timed Out

[2026-06-17 05:37:13] Processing dev.app.seratos.cloud
  - Error on attempt 1: [SSL: UNEXPECTED_EOF_WHILE_READING] EOF occurred in violation of protocol (_ssl.c:1006)

[2026-06-17 05:37:13] PERMANENTLY FAILED: dev.app.seratos.cloud
  - Attempts: 1/2
  - Final Error: [SSL: UNEXPECTED_EOF_WHILE_READING] EOF occurred in violation of protocol (_ssl.c:1006)

[2026-06-17 05:37:13] Processing home.wifiwepkey.com
  - Error on attempt 1: Connection Timed Out

[2026-06-17 05:37:13] PERMANENTLY FAILED: home.wifiwepkey.com
  - Attempts: 1/2
  - Final Error: Connection Timed Out

[2026-06-17 05:37:13] Processing bezysrdp.nyflaw.com
  - Error on attempt 1: Connection Timed Out

[2026-06-17 05:37:13] Processing ex02.wolf-forum.ch
  - Error on attempt 1: Connection Timed Out

[2026-06-17 05:37:13] PERMANENTLY FAILED: bezysrdp.nyflaw.com
  - Attempts: 1/2
  - Final Error: Connection Timed Out

[2026-06-17 05:37:13] PERMANENTLY FAILED: ex02.wolf-forum.ch
  - Attempts: 1/2
  - Final Error: Connection Timed Out

[2026-06-17 05:37:13] Processing app2.hubta.com
  - Error on attempt 1: [SSL: TLSV1_UNRECOGNIZED_NAME] tlsv1 unrecognized name (_ssl.c:1006)

[2026-06-17 05:37:13] PERMANENTLY FAILED: app2.hubta.com
  - Attempts: 1/2
  - Final Error: [SSL: TLSV1_UNRECOGNIZED_NAME] tlsv1 unrecognized name (_ssl.c:1006)

[2026-06-17 05:37:13] Processing forums.enigmatec.com
  - Error on attempt 1: Connection Timed Out

[2026-06-17 05:37:13] PERMANENTLY FAILED: forums.enigmatec.com
  - Attempts: 1/2
  - Final Error: Connection Timed Out

[2026-06-17 05:37:14] Processing bbs.erozan.com
  - Error on attempt 1: [Errno 8] nodename nor servname provided, or not known

[2026-06-17 05:37:14] PERMANENTLY FAILED: bbs.erozan.com
  - Attempts: 1/2
  - Final Error: [Errno 8] nodename nor servname provided, or not known

[2026-06-17 05:37:14] Processing sqlstar.fit
  - Error on attempt 1: [Errno 51] Network is unreachable

[2026-06-17 05:37:14] PERMANENTLY FAILED: sqlstar.fit
  - Attempts: 1/2
  - Final Error: [Errno 51] Network is unreachable

[2026-06-17 05:37:14] Processing serveurgat4.direct.quickconnect.to
  - Error on attempt 1: Connection Timed Out

[2026-06-17 05:37:14] PERMANENTLY FAILED: serveurgat4.direct.quickconnect.to
  - Attempts: 1/2
  - Final Error: Connection Timed Out

[2026-06-17 05:37:14] Processing arabmontaaj.com
  - Error on attempt 1: [Errno 8] nodename nor servname provided, or not known

[2026-06-17 05:37:14] PERMANENTLY FAILED: arabmontaaj.com
  - Attempts: 1/2
  - Final Error: [Errno 8] nodename nor servname provided, or not known

[2026-06-17 05:37:14] Processing info.sexaholicsanonymous.com
  - Error on attempt 1: Connection Timed Out

[2026-06-17 05:37:14] PERMANENTLY FAILED: info.sexaholicsanonymous.com
  - Attempts: 1/2
  - Final Error: Connection Timed Out

[2026-06-17 05:37:14] Processing demo.accountpayables.com
  - Error on attempt 1: Connection Timed Out

[2026-06-17 05:37:14] PERMANENTLY FAILED: demo.accountpayables.com
  - Attempts: 1/2
  - Final Error: Connection Timed Out

[2026-06-17 05:37:14] Processing admin.mail.wwwwwwportal.dataset.49-12-111-90.plesk.page
  - Error on attempt 1: [Errno 61] Connection refused

[2026-06-17 05:37:14] PERMANENTLY FAILED: admin.mail.wwwwwwportal.dataset.49-12-111-90.plesk.page
  - Attempts: 1/2
  - Final Error: [Errno 61] Connection refused

[2026-06-17 05:37:14] Processing wwwdev.www.payments.finance.35-226-225-22.sslip.io
  - Error on attempt 1: Connection Timed Out

[2026-06-17 05:37:14] PERMANENTLY FAILED: wwwdev.www.payments.finance.35-226-225-22.sslip.io
  - Attempts: 1/2
  - Final Error: Connection Timed Out

[2026-06-17 05:37:14] Processing scrubsoutfit.com.mx
  - Error on attempt 1: [Errno 8] nodename nor servname provided, or not known

[2026-06-17 05:37:14] PERMANENTLY FAILED: scrubsoutfit.com.mx
  - Attempts: 1/2
  - Final Error: [Errno 8] nodename nor servname provided, or not known

[2026-06-17 05:37:14] Processing kinfolk-market.com
  - Error on attempt 1: [Errno 8] nodename nor servname provided, or not known

[2026-06-17 05:37:14] PERMANENTLY FAILED: kinfolk-market.com
  - Attempts: 1/2
  - Final Error: [Errno 8] nodename nor servname provided, or not known

[2026-06-17 05:37:14] Processing sitemap.cenacondelitto.it
  - Error on attempt 1: Connection Timed Out

[2026-06-17 05:37:14] PERMANENTLY FAILED: sitemap.cenacondelitto.it
  - Attempts: 1/2
  - Final Error: Connection Timed Out

[2026-06-17 05:37:15] Processing client1.ydteam.es
  - Error on attempt 1: [Errno 8] nodename nor servname provided, or not known

[2026-06-17 05:37:15] PERMANENTLY FAILED: client1.ydteam.es
  - Attempts: 1/2
  - Final Error: [Errno 8] nodename nor servname provided, or not known

[2026-06-17 05:37:15] Processing test.www.cbpkloqv.discord.tattoo
  - Error on attempt 1: [Errno 8] nodename nor servname provided, or not known

[2026-06-17 05:37:15] PERMANENTLY FAILED: test.www.cbpkloqv.discord.tattoo
  - Attempts: 1/2
  - Final Error: [Errno 8] nodename nor servname provided, or not known

[2026-06-17 05:37:15] Processing levelmeter.i-pruvodce.eu
  - Error on attempt 1: Connection Timed Out

[2026-06-17 05:37:15] PERMANENTLY FAILED: levelmeter.i-pruvodce.eu
  - Attempts: 1/2
  - Final Error: Connection Timed Out

[2026-06-17 05:37:15] Processing ringify.store
  - Error on attempt 1: [Errno 8] nodename nor servname provided, or not known

[2026-06-17 05:37:15] PERMANENTLY FAILED: ringify.store
  - Attempts: 1/2
  - Final Error: [Errno 8] nodename nor servname provided, or not known

[2026-06-17 05:37:15] Processing eo.cefat.com
  - Error on attempt 1: [SSL: TLSV1_UNRECOGNIZED_NAME] tlsv1 unrecognized name (_ssl.c:1006)

[2026-06-17 05:37:15] PERMANENTLY FAILED: eo.cefat.com
  - Attempts: 1/2
  - Final Error: [SSL: TLSV1_UNRECOGNIZED_NAME] tlsv1 unrecognized name (_ssl.c:1006)

[2026-06-17 05:37:15] Processing pay.chalkshark.com
  - Error on attempt 1: [Errno 8] nodename nor servname provided, or not known

[2026-06-17 05:37:15] PERMANENTLY FAILED: pay.chalkshark.com
  - Attempts: 1/2
  - Final Error: [Errno 8] nodename nor servname provided, or not known

[2026-06-17 05:37:15] Processing webmail.mta59.godrejehomes.com
  - Error on attempt 1: [Errno 8] nodename nor servname provided, or not known

[2026-06-17 05:37:15] PERMANENTLY FAILED: webmail.mta59.godrejehomes.com
  - Attempts: 1/2
  - Final Error: [Errno 8] nodename nor servname provided, or not known

[2026-06-17 05:37:15] Processing domains-9c8.workers.dev
  - Error on attempt 1: [Errno 8] nodename nor servname provided, or not known

[2026-06-17 05:37:15] PERMANENTLY FAILED: domains-9c8.workers.dev
  - Attempts: 1/2
  - Final Error: [Errno 8] nodename nor servname provided, or not known

[2026-06-17 05:37:15] Processing crucialnaturalresources.online
  - Error on attempt 1: [Errno 61] Connection refused

[2026-06-17 05:37:15] PERMANENTLY FAILED: crucialnaturalresources.online
  - Attempts: 1/2
  - Final Error: [Errno 61] Connection refused

[2026-06-17 05:37:16] Processing chblamembers.fadnetworks.com
  - Error on attempt 1: Connection Timed Out

[2026-06-17 05:37:16] PERMANENTLY FAILED: chblamembers.fadnetworks.com
  - Attempts: 1/2
  - Final Error: Connection Timed Out

[2026-06-17 05:37:16] Processing pelataran.id
  - Error on attempt 1: [Errno 8] nodename nor servname provided, or not known

[2026-06-17 05:37:16] PERMANENTLY FAILED: pelataran.id
  - Attempts: 1/2
  - Final Error: [Errno 8] nodename nor servname provided, or not known

[2026-06-17 05:37:16] Processing pcautomation.net
  - Error on attempt 1: Connection Timed Out

[2026-06-17 05:37:16] PERMANENTLY FAILED: pcautomation.net
  - Attempts: 1/2
  - Final Error: Connection Timed Out

[2026-06-17 05:37:16] Processing janus14.dartcounter.net
  - Error on attempt 1: [Errno 61] Connection refused

[2026-06-17 05:37:16] PERMANENTLY FAILED: janus14.dartcounter.net
  - Attempts: 1/2
  - Final Error: [Errno 61] Connection refused

[2026-06-17 05:37:16] Processing remoto.superahorros.com
  - Error on attempt 1: Connection Timed Out

[2026-06-17 05:37:16] PERMANENTLY FAILED: remoto.superahorros.com
  - Attempts: 1/2
  - Final Error: Connection Timed Out

[2026-06-17 05:37:16] Processing www4.steinpflege-buhla.de
  - Error on attempt 1: [SSL: TLSV1_ALERT_INTERNAL_ERROR] tlsv1 alert internal error (_ssl.c:1006)

[2026-06-17 05:37:16] PERMANENTLY FAILED: www4.steinpflege-buhla.de
  - Attempts: 1/2
  - Final Error: [SSL: TLSV1_ALERT_INTERNAL_ERROR] tlsv1 alert internal error (_ssl.c:1006)

[2026-06-17 05:37:16] Processing northcountyrad.mydocbilll.com
  - Error on attempt 1: Connection Timed Out

[2026-06-17 05:37:16] PERMANENTLY FAILED: northcountyrad.mydocbilll.com
  - Attempts: 1/2
  - Final Error: Connection Timed Out

[2026-06-17 05:37:16] Processing cpcalendars.accbv.com
  - Error on attempt 1: [Errno 8] nodename nor servname provided, or not known

[2026-06-17 05:37:16] PERMANENTLY FAILED: cpcalendars.accbv.com
  - Attempts: 1/2
  - Final Error: [Errno 8] nodename nor servname provided, or not known

[2026-06-17 05:37:16] Processing freestyle-karate.co.uk
  - Error on attempt 1: [Errno 8] nodename nor servname provided, or not known

[2026-06-17 05:37:16] PERMANENTLY FAILED: freestyle-karate.co.uk
  - Attempts: 1/2
  - Final Error: [Errno 8] nodename nor servname provided, or not known

[2026-06-17 05:37:16] Processing haiou.qzz.io
  - Error on attempt 1: [Errno 8] nodename nor servname provided, or not known

[2026-06-17 05:37:16] PERMANENTLY FAILED: haiou.qzz.io
  - Attempts: 1/2
  - Final Error: [Errno 8] nodename nor servname provided, or not known

[2026-06-17 05:37:16] Processing 6o3knoh4xpul2glzpp5z.device.stripe-terminal-local-reader.net
  - Error on attempt 1: [Errno 8] nodename nor servname provided, or not known

[2026-06-17 05:37:16] PERMANENTLY FAILED: 6o3knoh4xpul2glzpp5z.device.stripe-terminal-local-reader.net
  - Attempts: 1/2
  - Final Error: [Errno 8] nodename nor servname provided, or not known

[2026-06-17 05:37:16] Processing yandex.sbermegamarket.ozon.kun.id0718.com
  - Error on attempt 1: [Errno 8] nodename nor servname provided, or not known

[2026-06-17 05:37:16] PERMANENTLY FAILED: yandex.sbermegamarket.ozon.kun.id0718.com
  - Attempts: 1/2
  - Final Error: [Errno 8] nodename nor servname provided, or not known

[2026-06-17 05:37:16] Processing iam.ajj-ds-k8s-binary-upgrade-pr13829-15.engineeringpit.com
  - Error on attempt 1: [Errno 8] nodename nor servname provided, or not known

[2026-06-17 05:37:16] PERMANENTLY FAILED: iam.ajj-ds-k8s-binary-upgrade-pr13829-15.engineeringpit.com
  - Attempts: 1/2
  - Final Error: [Errno 8] nodename nor servname provided, or not known

[2026-06-17 05:37:16] Processing anyconnect.nofee.net
  - Error on attempt 1: Connection Timed Out

[2026-06-17 05:37:16] PERMANENTLY FAILED: anyconnect.nofee.net
  - Attempts: 1/2
  - Final Error: Connection Timed Out

[2026-06-17 05:37:16] Processing itechnboutique.com
  - Error on attempt 1: [Errno 8] nodename nor servname provided, or not known

[2026-06-17 05:37:16] PERMANENTLY FAILED: itechnboutique.com
  - Attempts: 1/2
  - Final Error: [Errno 8] nodename nor servname provided, or not known

[2026-06-17 05:37:17] Processing q.hubta.com
  - Error on attempt 1: [SSL: TLSV1_UNRECOGNIZED_NAME] tlsv1 unrecognized name (_ssl.c:1006)

[2026-06-17 05:37:17] PERMANENTLY FAILED: q.hubta.com
  - Attempts: 1/2
  - Final Error: [SSL: TLSV1_UNRECOGNIZED_NAME] tlsv1 unrecognized name (_ssl.c:1006)

[2026-06-17 05:37:17] Processing bugzilla.sabretechnology.co.uk
  - Error on attempt 1: Connection Timed Out

[2026-06-17 05:37:17] PERMANENTLY FAILED: bugzilla.sabretechnology.co.uk
  - Attempts: 1/2
  - Final Error: Connection Timed Out

[2026-06-17 05:37:17] Processing nasremax.direct.quickconnect.to
  - Error on attempt 1: Connection Timed Out

[2026-06-17 05:37:17] PERMANENTLY FAILED: nasremax.direct.quickconnect.to
  - Attempts: 1/2
  - Final Error: Connection Timed Out

[2026-06-17 05:37:17] Processing cloudapp.webnew.de
  - Error on attempt 1: [Errno 8] nodename nor servname provided, or not known

[2026-06-17 05:37:17] PERMANENTLY FAILED: cloudapp.webnew.de
  - Attempts: 1/2
  - Final Error: [Errno 8] nodename nor servname provided, or not known

[2026-06-17 05:37:17] Processing q69uoy3mdz8r.npc.catapultweboffice.com
  - Error on attempt 1: Connection Timed Out

[2026-06-17 05:37:17] PERMANENTLY FAILED: q69uoy3mdz8r.npc.catapultweboffice.com
  - Attempts: 1/2
  - Final Error: Connection Timed Out

[2026-06-17 05:37:18] Processing pay.sbermegamarket.sberbank.youla.lord88.site
  - Error on attempt 1: [SSL: UNEXPECTED_EOF_WHILE_READING] EOF occurred in violation of protocol (_ssl.c:1006)

[2026-06-17 05:37:18] PERMANENTLY FAILED: pay.sbermegamarket.sberbank.youla.lord88.site
  - Attempts: 1/2
  - Final Error: [SSL: UNEXPECTED_EOF_WHILE_READING] EOF occurred in violation of protocol (_ssl.c:1006)

[2026-06-17 05:37:18] Processing ozavyher.us
  - Error on attempt 1: [Errno 61] Connection refused

[2026-06-17 05:37:18] PERMANENTLY FAILED: ozavyher.us
  - Attempts: 1/2
  - Final Error: [Errno 61] Connection refused

[2026-06-17 05:37:18] Processing admin.dev.www.m.previewlink.is
  - Error on attempt 1: Connection Timed Out

[2026-06-17 05:37:18] PERMANENTLY FAILED: admin.dev.www.m.previewlink.is
  - Attempts: 1/2
  - Final Error: Connection Timed Out

[2026-06-17 05:37:18] Processing new.bansuini.com
  - Error on attempt 1: Connection Timed Out

[2026-06-17 05:37:18] PERMANENTLY FAILED: new.bansuini.com
  - Attempts: 1/2
  - Final Error: Connection Timed Out

[2026-06-17 05:37:18] Processing rhoengase.de
  - Error on attempt 1: Connection Timed Out

[2026-06-17 05:37:18] PERMANENTLY FAILED: rhoengase.de
  - Attempts: 1/2
  - Final Error: Connection Timed Out

[2026-06-17 05:37:19] Processing dashboard.thaifilms.com
  - Error on attempt 1: Connection Timed Out

[2026-06-17 05:37:19] PERMANENTLY FAILED: dashboard.thaifilms.com
  - Attempts: 1/2
  - Final Error: Connection Timed Out

[2026-06-17 05:37:19] Processing external-warehouse.bags2school.com
  - Error on attempt 1: [Errno 61] Connection refused

[2026-06-17 05:37:19] PERMANENTLY FAILED: external-warehouse.bags2school.com
  - Attempts: 1/2
  - Final Error: [Errno 61] Connection refused

[2026-06-17 05:37:19] Processing tavarishop.com
  - Error on attempt 1: [SSL: SSLV3_ALERT_HANDSHAKE_FAILURE] ssl/tls alert handshake failure (_ssl.c:1006)

[2026-06-17 05:37:19] PERMANENTLY FAILED: tavarishop.com
  - Attempts: 1/2
  - Final Error: [SSL: SSLV3_ALERT_HANDSHAKE_FAILURE] ssl/tls alert handshake failure (_ssl.c:1006)

[2026-06-17 05:37:19] Processing hochthanner.direct.quickconnect.to
  - Error on attempt 1: [Errno 61] Connection refused

[2026-06-17 05:37:19] PERMANENTLY FAILED: hochthanner.direct.quickconnect.to
  - Attempts: 1/2
  - Final Error: [Errno 61] Connection refused

[2026-06-17 05:37:19] Processing staging.www.dignitarymusic.com
  - Error on attempt 1: Connection Timed Out

[2026-06-17 05:37:19] PERMANENTLY FAILED: staging.www.dignitarymusic.com
  - Attempts: 1/2
  - Final Error: Connection Timed Out

[2026-06-17 05:37:19] Processing aionai.app
  - Error on attempt 1: [Errno 8] nodename nor servname provided, or not known

[2026-06-17 05:37:19] PERMANENTLY FAILED: aionai.app
  - Attempts: 1/2
  - Final Error: [Errno 8] nodename nor servname provided, or not known

[2026-06-17 05:37:19] Processing btnas.ridgehead-shark.ts.net
  - Error on attempt 1: [Errno 8] nodename nor servname provided, or not known

[2026-06-17 05:37:19] PERMANENTLY FAILED: btnas.ridgehead-shark.ts.net
  - Attempts: 1/2
  - Final Error: [Errno 8] nodename nor servname provided, or not known

[2026-06-17 05:37:20] Processing 49617dd.com
  - Error on attempt 1: [Errno 8] nodename nor servname provided, or not known

[2026-06-17 05:37:20] PERMANENTLY FAILED: 49617dd.com
  - Attempts: 1/2
  - Final Error: [Errno 8] nodename nor servname provided, or not known

[2026-06-17 05:37:20] Processing doomdad.direct.quickconnect.cn
  - Error on attempt 1: [Errno 8] nodename nor servname provided, or not known

[2026-06-17 05:37:20] PERMANENTLY FAILED: doomdad.direct.quickconnect.cn
  - Attempts: 1/2
  - Final Error: [Errno 8] nodename nor servname provided, or not known

[2026-06-17 05:37:20] Processing paloalto.wildones.com
  - Error on attempt 1: Connection Timed Out

[2026-06-17 05:37:20] PERMANENTLY FAILED: paloalto.wildones.com
  - Attempts: 1/2
  - Final Error: Connection Timed Out

[2026-06-17 05:37:20] Processing 9db6dfd085a47b811ee69cb8.keenetic.io
  - Error on attempt 1: [Errno 8] nodename nor servname provided, or not known

[2026-06-17 05:37:20] PERMANENTLY FAILED: 9db6dfd085a47b811ee69cb8.keenetic.io
  - Attempts: 1/2
  - Final Error: [Errno 8] nodename nor servname provided, or not known

[2026-06-17 05:37:20] Processing blog.fadnetworks.com
  - Error on attempt 1: Connection Timed Out

[2026-06-17 05:37:20] PERMANENTLY FAILED: blog.fadnetworks.com
  - Attempts: 1/2
  - Final Error: Connection Timed Out

[2026-06-17 05:37:20] Processing staging-analytics.sc-kundl.at
  - Error on attempt 1: [Errno 8] nodename nor servname provided, or not known

[2026-06-17 05:37:20] PERMANENTLY FAILED: staging-analytics.sc-kundl.at
  - Attempts: 1/2
  - Final Error: [Errno 8] nodename nor servname provided, or not known

[2026-06-17 05:37:20] Processing rosevillas1.com
  - Error on attempt 1: [Errno 61] Connection refused

[2026-06-17 05:37:20] PERMANENTLY FAILED: rosevillas1.com
  - Attempts: 1/2
  - Final Error: [Errno 61] Connection refused

[2026-06-17 05:37:20] Processing 74acb93663ef04a8bc04dd8c2705eb07d03.id.ui.direct
  - Error on attempt 1: [Errno 8] nodename nor servname provided, or not known

[2026-06-17 05:37:20] PERMANENTLY FAILED: 74acb93663ef04a8bc04dd8c2705eb07d03.id.ui.direct
  - Attempts: 1/2
  - Final Error: [Errno 8] nodename nor servname provided, or not known

[2026-06-17 05:37:21] Processing gate.proandy-sp.si
  - Error on attempt 1: Connection Timed Out

[2026-06-17 05:37:21] PERMANENTLY FAILED: gate.proandy-sp.si
  - Attempts: 1/2
  - Final Error: Connection Timed Out

[2026-06-17 05:37:22] Processing test.analytics.microstrategy.triage.com
  - Error on attempt 1: [SSL: TLSV1_ALERT_INTERNAL_ERROR] tlsv1 alert internal error (_ssl.c:1006)

[2026-06-17 05:37:22] PERMANENTLY FAILED: test.analytics.microstrategy.triage.com
  - Attempts: 1/2
  - Final Error: [SSL: TLSV1_ALERT_INTERNAL_ERROR] tlsv1 alert internal error (_ssl.c:1006)

[2026-06-17 05:37:22] Processing members.thaifilms.com
  - Error on attempt 1: Connection Timed Out

[2026-06-17 05:37:22] PERMANENTLY FAILED: members.thaifilms.com
  - Attempts: 1/2
  - Final Error: Connection Timed Out

[2026-06-17 05:37:23] Processing vpn1.superahorros.com
  - Error on attempt 1: Connection Timed Out

[2026-06-17 05:37:23] PERMANENTLY FAILED: vpn1.superahorros.com
  - Attempts: 1/2
  - Final Error: Connection Timed Out

[2026-06-17 05:37:24] Processing grafprojekt.direct.quickconnect.to
  - Error on attempt 1: Connection Timed Out

[2026-06-17 05:37:24] PERMANENTLY FAILED: grafprojekt.direct.quickconnect.to
  - Attempts: 1/2
  - Final Error: Connection Timed Out

[2026-06-17 05:37:24] Processing odoo.internal.stage.pbk-lab.tech
  - Error on attempt 1: Connection Timed Out

[2026-06-17 05:37:24] PERMANENTLY FAILED: odoo.internal.stage.pbk-lab.tech
  - Attempts: 1/2
  - Final Error: Connection Timed Out

[2026-06-17 05:37:24] Processing analytics.ericmorgan.com
  - Error on attempt 1: Connection Timed Out

[2026-06-17 05:37:24] PERMANENTLY FAILED: analytics.ericmorgan.com
  - Attempts: 1/2
  - Final Error: Connection Timed Out

[2026-06-17 05:37:25] Processing cbd4adfe-0893-4fec-a1e9-cc9b1e2d577a.xn--hgb6ec13b.com
  - Error on attempt 1: Connection Timed Out

[2026-06-17 05:37:25] PERMANENTLY FAILED: cbd4adfe-0893-4fec-a1e9-cc9b1e2d577a.xn--hgb6ec13b.com
  - Attempts: 1/2
  - Final Error: Connection Timed Out

[2026-06-17 05:37:25] Processing cesia-api.digigebf21.de
  - Error on attempt 1: Connection Timed Out

[2026-06-17 05:37:25] PERMANENTLY FAILED: cesia-api.digigebf21.de
  - Attempts: 1/2
  - Final Error: Connection Timed Out

[2026-06-17 05:37:25] Processing ww38.warnermuseum.org
  - Error on attempt 1: Connection Timed Out

[2026-06-17 05:37:25] PERMANENTLY FAILED: ww38.warnermuseum.org
  - Attempts: 1/2
  - Final Error: Connection Timed Out

[2026-06-17 05:37:25] Processing stg.wolf-forum.ch
  - Error on attempt 1: Connection Timed Out

[2026-06-17 05:37:25] PERMANENTLY FAILED: stg.wolf-forum.ch
  - Attempts: 1/2
  - Final Error: Connection Timed Out

[2026-06-17 05:37:25] Processing homeleins2020.direct.quickconnect.to
  - Error on attempt 1: Connection Timed Out

[2026-06-17 05:37:25] PERMANENTLY FAILED: homeleins2020.direct.quickconnect.to
  - Attempts: 1/2
  - Final Error: Connection Timed Out

[2026-06-17 05:37:26] Processing wwwdev.www.crm.app.35-226-225-22.sslip.io
  - Error on attempt 1: Connection Timed Out

[2026-06-17 05:37:26] PERMANENTLY FAILED: wwwdev.www.crm.app.35-226-225-22.sslip.io
  - Attempts: 1/2
  - Final Error: Connection Timed Out

[2026-06-17 05:37:26] Processing texasholdemcenteral.com
  - Error on attempt 1: Connection Timed Out

[2026-06-17 05:37:26] PERMANENTLY FAILED: texasholdemcenteral.com
  - Attempts: 1/2
  - Final Error: Connection Timed Out

[2026-06-17 05:37:26] Processing login.aarpcreditcards.com
  - Error on attempt 1: Connection Timed Out

[2026-06-17 05:37:26] PERMANENTLY FAILED: login.aarpcreditcards.com
  - Attempts: 1/2
  - Final Error: Connection Timed Out

[2026-06-17 05:37:27] Processing cloud.adoptionsearchuk.com
  - Error on attempt 1: Connection Timed Out

[2026-06-17 05:37:27] PERMANENTLY FAILED: cloud.adoptionsearchuk.com
  - Attempts: 1/2
  - Final Error: Connection Timed Out

[2026-06-17 05:37:27] Processing notexistsobanews.orgwp.com
  - Error on attempt 1: Connection Timed Out

[2026-06-17 05:37:27] PERMANENTLY FAILED: notexistsobanews.orgwp.com
  - Attempts: 1/2
  - Final Error: Connection Timed Out

[2026-06-17 05:37:27] Processing rdp.reclames.be
  - Error on attempt 1: Connection Timed Out

[2026-06-17 05:37:27] PERMANENTLY FAILED: rdp.reclames.be
  - Attempts: 1/2
  - Final Error: Connection Timed Out

[2026-06-17 05:37:27] Processing bluefinvision.direct.quickconnect.to
  - Error on attempt 1: Connection Timed Out

[2026-06-17 05:37:27] PERMANENTLY FAILED: bluefinvision.direct.quickconnect.to
  - Attempts: 1/2
  - Final Error: Connection Timed Out

[2026-06-17 05:37:28] Processing otj.phj.com
  - Error on attempt 1: Connection Timed Out

[2026-06-17 05:37:28] PERMANENTLY FAILED: otj.phj.com
  - Attempts: 1/2
  - Final Error: Connection Timed Out

[2026-06-17 05:37:28] Processing old.psychicconnection.com
  - Error on attempt 1: Connection Timed Out

[2026-06-17 05:37:28] PERMANENTLY FAILED: old.psychicconnection.com
  - Attempts: 1/2
  - Final Error: Connection Timed Out

[2026-06-17 05:37:28] Processing forums.calcuator.com
  - Error on attempt 1: Connection Timed Out

[2026-06-17 05:37:28] PERMANENTLY FAILED: forums.calcuator.com
  - Attempts: 1/2
  - Final Error: Connection Timed Out

[2026-06-17 05:37:28] Processing fr.cenacondelitto.it
  - Error on attempt 1: Connection Timed Out

[2026-06-17 05:37:28] PERMANENTLY FAILED: fr.cenacondelitto.it
  - Attempts: 1/2
  - Final Error: Connection Timed Out

[2026-06-17 05:37:29] Processing iki.jaenen.com
  - Error on attempt 1: Connection Timed Out

[2026-06-17 05:37:29] PERMANENTLY FAILED: iki.jaenen.com
  - Attempts: 1/2
  - Final Error: Connection Timed Out

[2026-06-17 05:37:29] Processing old.orgwp.com
  - Error on attempt 1: Connection Timed Out

[2026-06-17 05:37:29] PERMANENTLY FAILED: old.orgwp.com
  - Attempts: 1/2
  - Final Error: Connection Timed Out

[2026-06-17 05:37:30] Processing kcbambach.synology.me
  - Error on attempt 1: Connection Timed Out

[2026-06-17 05:37:30] PERMANENTLY FAILED: kcbambach.synology.me
  - Attempts: 1/2
  - Final Error: Connection Timed Out

[2026-06-17 05:37:30] Processing new.orgwp.com
  - Error on attempt 1: Connection Timed Out

[2026-06-17 05:37:30] PERMANENTLY FAILED: new.orgwp.com
  - Attempts: 1/2
  - Final Error: Connection Timed Out

[2026-06-17 05:37:31] Processing kbjjbtv.qwgmzt.com
  - Error on attempt 1: Connection Timed Out

[2026-06-17 05:37:31] PERMANENTLY FAILED: kbjjbtv.qwgmzt.com
  - Attempts: 1/2
  - Final Error: Connection Timed Out

[2026-06-17 05:37:42] Processing zarbiana.ma
  - Error on attempt 1: Connection Timed Out

[2026-06-17 05:37:42] PERMANENTLY FAILED: zarbiana.ma
  - Attempts: 1/2
  - Final Error: Connection Timed Out

[2026-06-17 05:37:47] Processing mailgate.playalaw.com
  - Error on attempt 1: Connection Timed Out

[2026-06-17 05:37:47] PERMANENTLY FAILED: mailgate.playalaw.com
  - Attempts: 1/2
  - Final Error: Connection Timed Out

[2026-06-17 05:37:56] Processing new.playalaw.com
  - Error on attempt 1: Connection Timed Out

[2026-06-17 05:37:56] PERMANENTLY FAILED: new.playalaw.com
  - Attempts: 1/2
  - Final Error: Connection Timed Out

