[2026-06-17 05:12:06] Processing metrics.companycapital.com
  - Error on attempt 1: [Errno 8] nodename nor servname provided, or not known

[2026-06-17 05:12:06] PERMANENTLY FAILED: metrics.companycapital.com
  - Attempts: 1/2
  - Final Error: [Errno 8] nodename nor servname provided, or not known

[2026-06-17 05:12:06] Processing api.app.emailsellerscale.com
  - Error on attempt 1: [Errno 8] nodename nor servname provided, or not known

[2026-06-17 05:12:06] PERMANENTLY FAILED: api.app.emailsellerscale.com
  - Attempts: 1/2
  - Final Error: [Errno 8] nodename nor servname provided, or not known

[2026-06-17 05:12:06] Processing oregoncoastmags.net
  - Error on attempt 1: [Errno 8] nodename nor servname provided, or not known

[2026-06-17 05:12:06] Processing 300gt02.live
  - Error on attempt 1: [Errno 8] nodename nor servname provided, or not known

[2026-06-17 05:12:06] PERMANENTLY FAILED: 300gt02.live
  - Attempts: 1/2
  - Final Error: [Errno 8] nodename nor servname provided, or not known

[2026-06-17 05:12:06] PERMANENTLY FAILED: oregoncoastmags.net
  - Attempts: 1/2
  - Final Error: [Errno 8] nodename nor servname provided, or not known

[2026-06-17 05:12:06] Processing wensnas.direct.quickconnect.to
  - Error on attempt 1: [Errno 8] nodename nor servname provided, or not known

[2026-06-17 05:12:06] PERMANENTLY FAILED: wensnas.direct.quickconnect.to
  - Attempts: 1/2
  - Final Error: [Errno 8] nodename nor servname provided, or not known

[2026-06-17 05:12:06] Processing devstudio-lb.workers.dev
  - Error on attempt 1: [Errno 8] nodename nor servname provided, or not known

[2026-06-17 05:12:06] PERMANENTLY FAILED: devstudio-lb.workers.dev
  - Attempts: 1/2
  - Final Error: [Errno 8] nodename nor servname provided, or not known

[2026-06-17 05:12:06] Processing klyx7.info
  - Error on attempt 1: [Errno 8] nodename nor servname provided, or not known

[2026-06-17 05:12:06] PERMANENTLY FAILED: klyx7.info
  - Attempts: 1/2
  - Final Error: [Errno 8] nodename nor servname provided, or not known

[2026-06-17 05:12:06] Processing nilayohe.innovationcast.net
  - Error on attempt 1: [Errno 8] nodename nor servname provided, or not known

[2026-06-17 05:12:06] PERMANENTLY FAILED: nilayohe.innovationcast.net
  - Attempts: 1/2
  - Final Error: [Errno 8] nodename nor servname provided, or not known

[2026-06-17 05:12:06] Processing master-mages.esohost.ru
  - Error on attempt 1: [Errno 61] Connection refused

[2026-06-17 05:12:06] PERMANENTLY FAILED: master-mages.esohost.ru
  - Attempts: 1/2
  - Final Error: [Errno 61] Connection refused

[2026-06-17 05:12:06] Processing auth.radlar.com
  - Error on attempt 1: [Errno 8] nodename nor servname provided, or not known

[2026-06-17 05:12:06] PERMANENTLY FAILED: auth.radlar.com
  - Attempts: 1/2
  - Final Error: [Errno 8] nodename nor servname provided, or not known

[2026-06-17 05:12:06] Processing rvremote.radlar.com
  - Error on attempt 1: [Errno 8] nodename nor servname provided, or not known

[2026-06-17 05:12:06] PERMANENTLY FAILED: rvremote.radlar.com
  - Attempts: 1/2
  - Final Error: [Errno 8] nodename nor servname provided, or not known

[2026-06-17 05:12:06] Processing ww7.alla-cart.com
  - Error on attempt 1: [Errno 8] nodename nor servname provided, or not known

[2026-06-17 05:12:06] PERMANENTLY FAILED: ww7.alla-cart.com
  - Attempts: 1/2
  - Final Error: [Errno 8] nodename nor servname provided, or not known

[2026-06-17 05:12:06] Processing api.sitemap.sketchappdata.com
  - Error on attempt 1: [Errno 8] nodename nor servname provided, or not known

[2026-06-17 05:12:06] PERMANENTLY FAILED: api.sitemap.sketchappdata.com
  - Attempts: 1/2
  - Final Error: [Errno 8] nodename nor servname provided, or not known

[2026-06-17 05:12:06] Processing galacticbussing.com
  - Error on attempt 1: [Errno 8] nodename nor servname provided, or not known

[2026-06-17 05:12:06] PERMANENTLY FAILED: galacticbussing.com
  - Attempts: 1/2
  - Final Error: [Errno 8] nodename nor servname provided, or not known

[2026-06-17 05:12:06] Processing vaupelklein.direct.quickconnect.to
  - Error on attempt 1: [Errno 61] Connection refused

[2026-06-17 05:12:06] PERMANENTLY FAILED: vaupelklein.direct.quickconnect.to
  - Attempts: 1/2
  - Final Error: [Errno 61] Connection refused

[2026-06-17 05:12:06] Processing api.www.hbgwcf.51.222.141.36.sslip.io
  - Error on attempt 1: [SSL: TLSV1_ALERT_INTERNAL_ERROR] tlsv1 alert internal error (_ssl.c:1006)

[2026-06-17 05:12:06] PERMANENTLY FAILED: api.www.hbgwcf.51.222.141.36.sslip.io
  - Attempts: 1/2
  - Final Error: [SSL: TLSV1_ALERT_INTERNAL_ERROR] tlsv1 alert internal error (_ssl.c:1006)

[2026-06-17 05:12:06] Processing cluster-hkwnnrpvejhsmvjghvqfjn7l7g.cloudworkstations.dev
  - Error on attempt 1: [Errno 8] nodename nor servname provided, or not known

[2026-06-17 05:12:06] PERMANENTLY FAILED: cluster-hkwnnrpvejhsmvjghvqfjn7l7g.cloudworkstations.dev
  - Attempts: 1/2
  - Final Error: [Errno 8] nodename nor servname provided, or not known

[2026-06-17 05:12:06] Processing ccindianapolis.info
  - Error on attempt 1: [Errno 61] Connection refused

[2026-06-17 05:12:06] PERMANENTLY FAILED: ccindianapolis.info
  - Attempts: 1/2
  - Final Error: [Errno 61] Connection refused

[2026-06-17 05:12:06] Processing koru.help
  - Error on attempt 1: [Errno 8] nodename nor servname provided, or not known

[2026-06-17 05:12:06] PERMANENTLY FAILED: koru.help
  - Attempts: 1/2
  - Final Error: [Errno 8] nodename nor servname provided, or not known

[2026-06-17 05:12:07] Processing nz-trinity.help
  - Error on attempt 1: [Errno 8] nodename nor servname provided, or not known

[2026-06-17 05:12:07] PERMANENTLY FAILED: nz-trinity.help
  - Attempts: 1/2
  - Final Error: [Errno 8] nodename nor servname provided, or not known

[2026-06-17 05:12:07] Processing 38365988a806400abc5d3e481e31c787.plex.direct
  - Error on attempt 1: [Errno 8] nodename nor servname provided, or not known

[2026-06-17 05:12:07] PERMANENTLY FAILED: 38365988a806400abc5d3e481e31c787.plex.direct
  - Attempts: 1/2
  - Final Error: [Errno 8] nodename nor servname provided, or not known

[2026-06-17 05:12:07] Processing test.staging.dnsociety.com
  - Error on attempt 1: [SSL: TLSV1_UNRECOGNIZED_NAME] tlsv1 unrecognized name (_ssl.c:1006)

[2026-06-17 05:12:07] Processing a1bc1d6af85b4fa9b86ae0756cc43008.plex.direct
  - Error on attempt 1: [Errno 8] nodename nor servname provided, or not known

[2026-06-17 05:12:07] PERMANENTLY FAILED: test.staging.dnsociety.com
  - Attempts: 1/2
  - Final Error: [SSL: TLSV1_UNRECOGNIZED_NAME] tlsv1 unrecognized name (_ssl.c:1006)

[2026-06-17 05:12:07] PERMANENTLY FAILED: a1bc1d6af85b4fa9b86ae0756cc43008.plex.direct
  - Attempts: 1/2
  - Final Error: [Errno 8] nodename nor servname provided, or not known

[2026-06-17 05:12:07] Processing emiratesbet872.com
  - Error on attempt 1: [Errno 8] nodename nor servname provided, or not known

[2026-06-17 05:12:07] PERMANENTLY FAILED: emiratesbet872.com
  - Attempts: 1/2
  - Final Error: [Errno 8] nodename nor servname provided, or not known

[2026-06-17 05:12:07] Processing 7107bb593d995e0a825776eb.keenetic.io
  - Error on attempt 1: [Errno 8] nodename nor servname provided, or not known

[2026-06-17 05:12:07] PERMANENTLY FAILED: 7107bb593d995e0a825776eb.keenetic.io
  - Attempts: 1/2
  - Final Error: [Errno 8] nodename nor servname provided, or not known

[2026-06-17 05:12:07] Processing vehicle-service.ad.fda-74b7bcb8.core.build.vwn.cloud
  - Error on attempt 1: [Errno 8] nodename nor servname provided, or not known

[2026-06-17 05:12:07] PERMANENTLY FAILED: vehicle-service.ad.fda-74b7bcb8.core.build.vwn.cloud
  - Attempts: 1/2
  - Final Error: [Errno 8] nodename nor servname provided, or not known

[2026-06-17 05:12:07] Processing fiicgr28beujrjj.xyz
  - Error on attempt 1: [Errno 8] nodename nor servname provided, or not known

[2026-06-17 05:12:07] PERMANENTLY FAILED: fiicgr28beujrjj.xyz
  - Attempts: 1/2
  - Final Error: [Errno 8] nodename nor servname provided, or not known

[2026-06-17 05:12:07] Processing bestofwallonia.eu
  - Error on attempt 1: [Errno 8] nodename nor servname provided, or not known

[2026-06-17 05:12:07] PERMANENTLY FAILED: bestofwallonia.eu
  - Attempts: 1/2
  - Final Error: [Errno 8] nodename nor servname provided, or not known

[2026-06-17 05:12:07] Processing 8e045be5586ddb8fa05c03fb.keenetic.io
  - Error on attempt 1: [Errno 8] nodename nor servname provided, or not known

[2026-06-17 05:12:07] PERMANENTLY FAILED: 8e045be5586ddb8fa05c03fb.keenetic.io
  - Attempts: 1/2
  - Final Error: [Errno 8] nodename nor servname provided, or not known

[2026-06-17 05:12:07] Processing af31da70323542ccacbdbff0ae16b829-0.lambdaspaces.com
  - Error on attempt 1: [Errno 8] nodename nor servname provided, or not known

[2026-06-17 05:12:07] PERMANENTLY FAILED: af31da70323542ccacbdbff0ae16b829-0.lambdaspaces.com
  - Attempts: 1/2
  - Final Error: [Errno 8] nodename nor servname provided, or not known

[2026-06-17 05:12:07] Processing servicegen-vaasauto-sectigo-ca-ynx0z.vfidev.com
  - Error on attempt 1: [Errno 8] nodename nor servname provided, or not known

[2026-06-17 05:12:07] PERMANENTLY FAILED: servicegen-vaasauto-sectigo-ca-ynx0z.vfidev.com
  - Attempts: 1/2
  - Final Error: [Errno 8] nodename nor servname provided, or not known

[2026-06-17 05:12:07] Processing login.krentavest-app.net
  - Error on attempt 1: [Errno 8] nodename nor servname provided, or not known

[2026-06-17 05:12:07] PERMANENTLY FAILED: login.krentavest-app.net
  - Attempts: 1/2
  - Final Error: [Errno 8] nodename nor servname provided, or not known

[2026-06-17 05:12:07] Processing custom-ssl-test-1767886652858.eu1.prod.hubspot-at-test.com
  - Error on attempt 1: [SSL: SSLV3_ALERT_HANDSHAKE_FAILURE] ssl/tls alert handshake failure (_ssl.c:1006)

[2026-06-17 05:12:07] PERMANENTLY FAILED: custom-ssl-test-1767886652858.eu1.prod.hubspot-at-test.com
  - Attempts: 1/2
  - Final Error: [SSL: SSLV3_ALERT_HANDSHAKE_FAILURE] ssl/tls alert handshake failure (_ssl.c:1006)

[2026-06-17 05:12:07] Processing api.shibserv2.almased.uk
  - Error on attempt 1: [Errno 8] nodename nor servname provided, or not known

[2026-06-17 05:12:07] PERMANENTLY FAILED: api.shibserv2.almased.uk
  - Attempts: 1/2
  - Final Error: [Errno 8] nodename nor servname provided, or not known

[2026-06-17 05:12:08] Processing smtpa.aslat.it
  - Error on attempt 1: [Errno 8] nodename nor servname provided, or not known

[2026-06-17 05:12:08] PERMANENTLY FAILED: smtpa.aslat.it
  - Attempts: 1/2
  - Final Error: [Errno 8] nodename nor servname provided, or not known

[2026-06-17 05:12:08] Processing sm2040.cc
  - Error on attempt 1: [Errno 8] nodename nor servname provided, or not known

[2026-06-17 05:12:08] PERMANENTLY FAILED: sm2040.cc
  - Attempts: 1/2
  - Final Error: [Errno 8] nodename nor servname provided, or not known

[2026-06-17 05:12:08] Processing amr-20260108-153248-10-sd0npkuonnnn-0.centraluseuap.redis.azure.net
  - Error on attempt 1: [Errno 8] nodename nor servname provided, or not known

[2026-06-17 05:12:08] PERMANENTLY FAILED: amr-20260108-153248-10-sd0npkuonnnn-0.centraluseuap.redis.azure.net
  - Attempts: 1/2
  - Final Error: [Errno 8] nodename nor servname provided, or not known

[2026-06-17 05:12:08] Processing dart.peisze.com
  - Error on attempt 1: [Errno 8] nodename nor servname provided, or not known

[2026-06-17 05:12:08] PERMANENTLY FAILED: dart.peisze.com
  - Attempts: 1/2
  - Final Error: [Errno 8] nodename nor servname provided, or not known

[2026-06-17 05:12:08] Processing zimbra.hailfax.com
  - Error on attempt 1: [Errno 61] Connection refused

[2026-06-17 05:12:08] PERMANENTLY FAILED: zimbra.hailfax.com
  - Attempts: 1/2
  - Final Error: [Errno 61] Connection refused

[2026-06-17 05:12:08] Processing dodaeconnect.moveat.com
  - Error on attempt 1: [SSL: TLSV1_UNRECOGNIZED_NAME] tlsv1 unrecognized name (_ssl.c:1006)

[2026-06-17 05:12:08] PERMANENTLY FAILED: dodaeconnect.moveat.com
  - Attempts: 1/2
  - Final Error: [SSL: TLSV1_UNRECOGNIZED_NAME] tlsv1 unrecognized name (_ssl.c:1006)

[2026-06-17 05:12:08] Processing 92.tenant.api.powerplatform.com
  - Error on attempt 1: [Errno 8] nodename nor servname provided, or not known

[2026-06-17 05:12:08] PERMANENTLY FAILED: 92.tenant.api.powerplatform.com
  - Attempts: 1/2
  - Final Error: [Errno 8] nodename nor servname provided, or not known

[2026-06-17 05:12:08] Processing chicken-road-game.lat
  - Error on attempt 1: [Errno 8] nodename nor servname provided, or not known

[2026-06-17 05:12:08] PERMANENTLY FAILED: chicken-road-game.lat
  - Attempts: 1/2
  - Final Error: [Errno 8] nodename nor servname provided, or not known

[2026-06-17 05:12:08] Processing api.shestakovfoto.viewbook.com
  - Error on attempt 1: [SSL: TLSV1_ALERT_INTERNAL_ERROR] tlsv1 alert internal error (_ssl.c:1006)

[2026-06-17 05:12:08] PERMANENTLY FAILED: api.shestakovfoto.viewbook.com
  - Attempts: 1/2
  - Final Error: [SSL: TLSV1_ALERT_INTERNAL_ERROR] tlsv1 alert internal error (_ssl.c:1006)

[2026-06-17 05:12:08] Processing d.moveat.com
  - Error on attempt 1: [SSL: TLSV1_UNRECOGNIZED_NAME] tlsv1 unrecognized name (_ssl.c:1006)

[2026-06-17 05:12:08] PERMANENTLY FAILED: d.moveat.com
  - Attempts: 1/2
  - Final Error: [SSL: TLSV1_UNRECOGNIZED_NAME] tlsv1 unrecognized name (_ssl.c:1006)

[2026-06-17 05:12:09] Processing betting-spa.platinumcasino.wiki
  - Error on attempt 1: [Errno 8] nodename nor servname provided, or not known

[2026-06-17 05:12:09] PERMANENTLY FAILED: betting-spa.platinumcasino.wiki
  - Attempts: 1/2
  - Final Error: [Errno 8] nodename nor servname provided, or not known

[2026-06-17 05:12:09] Processing mail.cattlecall.me
  - Error on attempt 1: [Errno 8] nodename nor servname provided, or not known

[2026-06-17 05:12:09] PERMANENTLY FAILED: mail.cattlecall.me
  - Attempts: 1/2
  - Final Error: [Errno 8] nodename nor servname provided, or not known

[2026-06-17 05:12:09] Processing app.livescifi.com
  - Error on attempt 1: [Errno 8] nodename nor servname provided, or not known

[2026-06-17 05:12:09] PERMANENTLY FAILED: app.livescifi.com
  - Attempts: 1/2
  - Final Error: [Errno 8] nodename nor servname provided, or not known

[2026-06-17 05:12:09] Processing sbx.ccwu.cc
  - Error on attempt 1: [Errno 8] nodename nor servname provided, or not known

[2026-06-17 05:12:09] PERMANENTLY FAILED: sbx.ccwu.cc
  - Attempts: 1/2
  - Final Error: [Errno 8] nodename nor servname provided, or not known

[2026-06-17 05:12:09] Processing vdi.segelferien.com
  - Error on attempt 1: [Errno 8] nodename nor servname provided, or not known

[2026-06-17 05:12:09] PERMANENTLY FAILED: vdi.segelferien.com
  - Attempts: 1/2
  - Final Error: [Errno 8] nodename nor servname provided, or not known

[2026-06-17 05:12:09] Processing supereyenutrition.com
  - Error on attempt 1: [Errno 8] nodename nor servname provided, or not known

[2026-06-17 05:12:09] PERMANENTLY FAILED: supereyenutrition.com
  - Attempts: 1/2
  - Final Error: [Errno 8] nodename nor servname provided, or not known

[2026-06-17 05:12:09] Processing d2b45e89.sni.cloudflaressl.com
  - Error on attempt 1: [SSL: SSLV3_ALERT_HANDSHAKE_FAILURE] ssl/tls alert handshake failure (_ssl.c:1006)

[2026-06-17 05:12:09] PERMANENTLY FAILED: d2b45e89.sni.cloudflaressl.com
  - Attempts: 1/2
  - Final Error: [SSL: SSLV3_ALERT_HANDSHAKE_FAILURE] ssl/tls alert handshake failure (_ssl.c:1006)

[2026-06-17 05:12:10] Processing hlg7989s.cc
  - Error on attempt 1: [Errno 8] nodename nor servname provided, or not known

[2026-06-17 05:12:10] PERMANENTLY FAILED: hlg7989s.cc
  - Attempts: 1/2
  - Final Error: [Errno 8] nodename nor servname provided, or not known

[2026-06-17 05:12:11] Processing skywatch.bpc2.com.br
  - Error on attempt 1: [Errno 8] nodename nor servname provided, or not known

[2026-06-17 05:12:11] PERMANENTLY FAILED: skywatch.bpc2.com.br
  - Attempts: 1/2
  - Final Error: [Errno 8] nodename nor servname provided, or not known

[2026-06-17 05:12:11] Processing b9044d6c794202b4150629b0.keenetic.io
  - Error on attempt 1: [Errno 8] nodename nor servname provided, or not known

[2026-06-17 05:12:11] PERMANENTLY FAILED: b9044d6c794202b4150629b0.keenetic.io
  - Attempts: 1/2
  - Final Error: [Errno 8] nodename nor servname provided, or not known

[2026-06-17 05:12:11] Processing admin.ai-ci.vanweverwijkbouwkeuringen.nl
  - Error on attempt 1: [SSL: TLSV1_ALERT_INTERNAL_ERROR] tlsv1 alert internal error (_ssl.c:1006)

[2026-06-17 05:12:11] PERMANENTLY FAILED: admin.ai-ci.vanweverwijkbouwkeuringen.nl
  - Attempts: 1/2
  - Final Error: [SSL: TLSV1_ALERT_INTERNAL_ERROR] tlsv1 alert internal error (_ssl.c:1006)

[2026-06-17 05:12:11] Processing online.yaoxinyule.com
  - Error on attempt 1: [Errno 8] nodename nor servname provided, or not known

[2026-06-17 05:12:11] PERMANENTLY FAILED: online.yaoxinyule.com
  - Attempts: 1/2
  - Final Error: [Errno 8] nodename nor servname provided, or not known

[2026-06-17 05:12:11] Processing 69861127.xyz
  - Error on attempt 1: [Errno 8] nodename nor servname provided, or not known

[2026-06-17 05:12:11] PERMANENTLY FAILED: 69861127.xyz
  - Attempts: 1/2
  - Final Error: [Errno 8] nodename nor servname provided, or not known

[2026-06-17 05:12:11] Processing mediolast.com
  - Error on attempt 1: [Errno 61] Connection refused

[2026-06-17 05:12:11] PERMANENTLY FAILED: mediolast.com
  - Attempts: 1/2
  - Final Error: [Errno 61] Connection refused

[2026-06-17 05:12:13] Processing production-mongodb-backup-066f102b.mongo.ondigitalocean.com
  - Error on attempt 1: [Errno 8] nodename nor servname provided, or not known

[2026-06-17 05:12:13] PERMANENTLY FAILED: production-mongodb-backup-066f102b.mongo.ondigitalocean.com
  - Attempts: 1/2
  - Final Error: [Errno 8] nodename nor servname provided, or not known

[2026-06-17 05:12:13] Processing autoconfig.segelferien.com
  - Error on attempt 1: [Errno 8] nodename nor servname provided, or not known

[2026-06-17 05:12:13] PERMANENTLY FAILED: autoconfig.segelferien.com
  - Attempts: 1/2
  - Final Error: [Errno 8] nodename nor servname provided, or not known

[2026-06-17 05:12:14] Processing ru-69165.info
  - Error on attempt 1: [Errno 8] nodename nor servname provided, or not known

[2026-06-17 05:12:14] PERMANENTLY FAILED: ru-69165.info
  - Attempts: 1/2
  - Final Error: [Errno 8] nodename nor servname provided, or not known

[2026-06-17 05:12:14] Processing edu.segelferien.com
  - Error on attempt 1: [Errno 8] nodename nor servname provided, or not known

[2026-06-17 05:12:14] PERMANENTLY FAILED: edu.segelferien.com
  - Attempts: 1/2
  - Final Error: [Errno 8] nodename nor servname provided, or not known

[2026-06-17 05:12:16] Processing uat.mosaic.ro
  - Error on attempt 1: Connection Timed Out

[2026-06-17 05:12:16] PERMANENTLY FAILED: uat.mosaic.ro
  - Attempts: 1/2
  - Final Error: Connection Timed Out

[2026-06-17 05:12:16] Processing login.cartuccestampante.com
  - Error on attempt 1: Connection Timed Out

[2026-06-17 05:12:16] PERMANENTLY FAILED: login.cartuccestampante.com
  - Attempts: 1/2
  - Final Error: Connection Timed Out

[2026-06-17 05:12:16] Processing remote.puremicamper.com
  - Error on attempt 1: Connection Timed Out

[2026-06-17 05:12:16] Processing home.mellicard.com
  - Error on attempt 1: Connection Timed Out

[2026-06-17 05:12:16] PERMANENTLY FAILED: remote.puremicamper.com
  - Attempts: 1/2
  - Final Error: Connection Timed Out

[2026-06-17 05:12:16] PERMANENTLY FAILED: home.mellicard.com
  - Attempts: 1/2
  - Final Error: Connection Timed Out

[2026-06-17 05:12:16] Processing explore-dev.tintadehistorieta.com.ar
  - Error on attempt 1: Connection Timed Out

[2026-06-17 05:12:16] PERMANENTLY FAILED: explore-dev.tintadehistorieta.com.ar
  - Attempts: 1/2
  - Final Error: Connection Timed Out

[2026-06-17 05:12:16] Processing esus.eyemedvisioncard.com
  - Error on attempt 1: Connection Timed Out

[2026-06-17 05:12:16] PERMANENTLY FAILED: esus.eyemedvisioncard.com
  - Attempts: 1/2
  - Final Error: Connection Timed Out

[2026-06-17 05:12:16] Processing web2.fortbraggproperty.com
  - Error on attempt 1: Connection Timed Out

[2026-06-17 05:12:16] PERMANENTLY FAILED: web2.fortbraggproperty.com
  - Attempts: 1/2
  - Final Error: Connection Timed Out

[2026-06-17 05:12:16] Processing necikarsa.com.tr
  - Error on attempt 1: [Errno 8] nodename nor servname provided, or not known

[2026-06-17 05:12:16] PERMANENTLY FAILED: necikarsa.com.tr
  - Attempts: 1/2
  - Final Error: [Errno 8] nodename nor servname provided, or not known

[2026-06-17 05:12:16] Processing staging.wwwerzhaomv.lightspeedsystems.help
  - Error on attempt 1: [Errno 8] nodename nor servname provided, or not known

[2026-06-17 05:12:16] PERMANENTLY FAILED: staging.wwwerzhaomv.lightspeedsystems.help
  - Attempts: 1/2
  - Final Error: [Errno 8] nodename nor servname provided, or not known

[2026-06-17 05:12:16] Processing patricksmall.com
  - Error on attempt 1: [Errno 61] Connection refused

[2026-06-17 05:12:16] PERMANENTLY FAILED: patricksmall.com
  - Attempts: 1/2
  - Final Error: [Errno 61] Connection refused

[2026-06-17 05:12:16] Processing bill1426.direct.quickconnect.to
  - Error on attempt 1: Connection Timed Out

[2026-06-17 05:12:16] PERMANENTLY FAILED: bill1426.direct.quickconnect.to
  - Attempts: 1/2
  - Final Error: Connection Timed Out

[2026-06-17 05:12:16] Processing corpusorus.intra.airudit.net
  - Error on attempt 1: Connection Timed Out

[2026-06-17 05:12:16] PERMANENTLY FAILED: corpusorus.intra.airudit.net
  - Attempts: 1/2
  - Final Error: Connection Timed Out

[2026-06-17 05:12:16] Processing szendala.direct.quickconnect.to
  - Error on attempt 1: Connection Timed Out

[2026-06-17 05:12:16] PERMANENTLY FAILED: szendala.direct.quickconnect.to
  - Attempts: 1/2
  - Final Error: Connection Timed Out

[2026-06-17 05:12:16] Processing smail.aslat.it
  - Error on attempt 1: [Errno 8] nodename nor servname provided, or not known

[2026-06-17 05:12:16] PERMANENTLY FAILED: smail.aslat.it
  - Attempts: 1/2
  - Final Error: [Errno 8] nodename nor servname provided, or not known

[2026-06-17 05:12:16] Processing temp.borntraeger.com
  - Error on attempt 1: Connection Timed Out

[2026-06-17 05:12:16] PERMANENTLY FAILED: temp.borntraeger.com
  - Attempts: 1/2
  - Final Error: Connection Timed Out

[2026-06-17 05:12:16] Processing ssntana056.workers.dev
  - Error on attempt 1: [Errno 8] nodename nor servname provided, or not known

[2026-06-17 05:12:16] PERMANENTLY FAILED: ssntana056.workers.dev
  - Attempts: 1/2
  - Final Error: [Errno 8] nodename nor servname provided, or not known

[2026-06-17 05:12:16] Processing bradwilsonphd.com
  - Error on attempt 1: [Errno 8] nodename nor servname provided, or not known

[2026-06-17 05:12:16] PERMANENTLY FAILED: bradwilsonphd.com
  - Attempts: 1/2
  - Final Error: [Errno 8] nodename nor servname provided, or not known

[2026-06-17 05:12:16] Processing ofinovardweb.sunsetbeachhotel.com.tr
  - Error on attempt 1: Connection Timed Out

[2026-06-17 05:12:16] PERMANENTLY FAILED: ofinovardweb.sunsetbeachhotel.com.tr
  - Attempts: 1/2
  - Final Error: Connection Timed Out

[2026-06-17 05:12:16] Processing blog.puremicamper.com
  - Error on attempt 1: Connection Timed Out

[2026-06-17 05:12:16] PERMANENTLY FAILED: blog.puremicamper.com
  - Attempts: 1/2
  - Final Error: Connection Timed Out

[2026-06-17 05:12:16] Processing officevpn.borntraeger.com
  - Error on attempt 1: Connection Timed Out

[2026-06-17 05:12:16] PERMANENTLY FAILED: officevpn.borntraeger.com
  - Attempts: 1/2
  - Final Error: Connection Timed Out

[2026-06-17 05:12:16] Processing devexpedientes.ezsoftwaretools.com
  - Error on attempt 1: Connection Timed Out

[2026-06-17 05:12:16] PERMANENTLY FAILED: devexpedientes.ezsoftwaretools.com
  - Attempts: 1/2
  - Final Error: Connection Timed Out

[2026-06-17 05:12:16] Processing kareemnelson.shop
  - Error on attempt 1: [Errno 8] nodename nor servname provided, or not known

[2026-06-17 05:12:16] PERMANENTLY FAILED: kareemnelson.shop
  - Attempts: 1/2
  - Final Error: [Errno 8] nodename nor servname provided, or not known

[2026-06-17 05:12:16] Processing trgjyremoto.westhaferconstruction.com
  - Error on attempt 1: Connection Timed Out

[2026-06-17 05:12:16] PERMANENTLY FAILED: trgjyremoto.westhaferconstruction.com
  - Attempts: 1/2
  - Final Error: Connection Timed Out

[2026-06-17 05:12:16] Processing securevpn.daenerys.fr
  - Error on attempt 1: Connection Timed Out

[2026-06-17 05:12:16] PERMANENTLY FAILED: securevpn.daenerys.fr
  - Attempts: 1/2
  - Final Error: Connection Timed Out

[2026-06-17 05:12:17] Processing synology-reserve-hlk9soetsacjgf.direct.quickconnect.to
  - Error on attempt 1: [Errno 8] nodename nor servname provided, or not known

[2026-06-17 05:12:17] PERMANENTLY FAILED: synology-reserve-hlk9soetsacjgf.direct.quickconnect.to
  - Attempts: 1/2
  - Final Error: [Errno 8] nodename nor servname provided, or not known

[2026-06-17 05:12:17] Processing ww12.brooklyntechsurvivors.com
  - Error on attempt 1: [Errno 8] nodename nor servname provided, or not known

[2026-06-17 05:12:17] PERMANENTLY FAILED: ww12.brooklyntechsurvivors.com
  - Attempts: 1/2
  - Final Error: [Errno 8] nodename nor servname provided, or not known

[2026-06-17 05:12:17] Processing rdweb.daenerys.fr
  - Error on attempt 1: Connection Timed Out

[2026-06-17 05:12:17] PERMANENTLY FAILED: rdweb.daenerys.fr
  - Attempts: 1/2
  - Final Error: Connection Timed Out

[2026-06-17 05:12:17] Processing openvpn.1win.chat
  - Error on attempt 1: [SSL: TLSV1_UNRECOGNIZED_NAME] tlsv1 unrecognized name (_ssl.c:1006)

[2026-06-17 05:12:17] PERMANENTLY FAILED: openvpn.1win.chat
  - Attempts: 1/2
  - Final Error: [SSL: TLSV1_UNRECOGNIZED_NAME] tlsv1 unrecognized name (_ssl.c:1006)

[2026-06-17 05:12:17] Processing supportmt2.forumeiro.net
  - Error on attempt 1: Connection Timed Out

[2026-06-17 05:12:17] PERMANENTLY FAILED: supportmt2.forumeiro.net
  - Attempts: 1/2
  - Final Error: Connection Timed Out

[2026-06-17 05:12:17] Processing cyprus.keenetic.pro
  - Error on attempt 1: Connection Timed Out

[2026-06-17 05:12:17] PERMANENTLY FAILED: cyprus.keenetic.pro
  - Attempts: 1/2
  - Final Error: Connection Timed Out

[2026-06-17 05:12:17] Processing fitnessmanagement.in
  - Error on attempt 1: [Errno 8] nodename nor servname provided, or not known

[2026-06-17 05:12:17] PERMANENTLY FAILED: fitnessmanagement.in
  - Attempts: 1/2
  - Final Error: [Errno 8] nodename nor servname provided, or not known

[2026-06-17 05:12:17] Processing 0b06f8cd.sni.cloudflaressl.com
  - Error on attempt 1: [SSL: SSLV3_ALERT_HANDSHAKE_FAILURE] ssl/tls alert handshake failure (_ssl.c:1006)

[2026-06-17 05:12:17] PERMANENTLY FAILED: 0b06f8cd.sni.cloudflaressl.com
  - Attempts: 1/2
  - Final Error: [SSL: SSLV3_ALERT_HANDSHAKE_FAILURE] ssl/tls alert handshake failure (_ssl.c:1006)

[2026-06-17 05:12:17] Processing guardian.spectrumiis.edu.my
  - Error on attempt 1: [Errno 8] nodename nor servname provided, or not known

[2026-06-17 05:12:17] PERMANENTLY FAILED: guardian.spectrumiis.edu.my
  - Attempts: 1/2
  - Final Error: [Errno 8] nodename nor servname provided, or not known

[2026-06-17 05:12:17] Processing 2eedeb3b-d775-4632-b198-6b169ac841dc.autodarts.direct
  - Error on attempt 1: [Errno 8] nodename nor servname provided, or not known

[2026-06-17 05:12:17] PERMANENTLY FAILED: 2eedeb3b-d775-4632-b198-6b169ac841dc.autodarts.direct
  - Attempts: 1/2
  - Final Error: [Errno 8] nodename nor servname provided, or not known

[2026-06-17 05:12:17] Processing apps.raum-und-service.de
  - Error on attempt 1: [SSL: TLSV1_UNRECOGNIZED_NAME] tlsv1 unrecognized name (_ssl.c:1006)

[2026-06-17 05:12:17] PERMANENTLY FAILED: apps.raum-und-service.de
  - Attempts: 1/2
  - Final Error: [SSL: TLSV1_UNRECOGNIZED_NAME] tlsv1 unrecognized name (_ssl.c:1006)

[2026-06-17 05:12:17] Processing 8278fc1a-86af-444a-8ad0-8d8cc2c5b88c.hubta.com
  - Error on attempt 1: [SSL: TLSV1_UNRECOGNIZED_NAME] tlsv1 unrecognized name (_ssl.c:1006)

[2026-06-17 05:12:17] PERMANENTLY FAILED: 8278fc1a-86af-444a-8ad0-8d8cc2c5b88c.hubta.com
  - Attempts: 1/2
  - Final Error: [SSL: TLSV1_UNRECOGNIZED_NAME] tlsv1 unrecognized name (_ssl.c:1006)

[2026-06-17 05:12:17] Processing admin.app.wwwwww.www.234cde3d.nip.io
  - Error on attempt 1: Connection Timed Out

[2026-06-17 05:12:17] PERMANENTLY FAILED: admin.app.wwwwww.www.234cde3d.nip.io
  - Attempts: 1/2
  - Final Error: Connection Timed Out

[2026-06-17 05:12:17] Processing argo.mindpicture.com
  - Error on attempt 1: [SSL: TLSV1_UNRECOGNIZED_NAME] tlsv1 unrecognized name (_ssl.c:1006)

[2026-06-17 05:12:17] PERMANENTLY FAILED: argo.mindpicture.com
  - Attempts: 1/2
  - Final Error: [SSL: TLSV1_UNRECOGNIZED_NAME] tlsv1 unrecognized name (_ssl.c:1006)

[2026-06-17 05:12:17] Processing admin.app.www.www.wwwportal.234cde3d.nip.io
  - Error on attempt 1: Connection Timed Out

[2026-06-17 05:12:17] PERMANENTLY FAILED: admin.app.www.www.wwwportal.234cde3d.nip.io
  - Attempts: 1/2
  - Final Error: Connection Timed Out

[2026-06-17 05:12:17] Processing admin.jrpsften.49-12-111-90.plesk.page
  - Error on attempt 1: [Errno 61] Connection refused

[2026-06-17 05:12:17] PERMANENTLY FAILED: admin.jrpsften.49-12-111-90.plesk.page
  - Attempts: 1/2
  - Final Error: [Errno 61] Connection refused

[2026-06-17 05:12:17] Processing malikeninbutigi.xyz
  - Error on attempt 1: [Errno 8] nodename nor servname provided, or not known

[2026-06-17 05:12:17] PERMANENTLY FAILED: malikeninbutigi.xyz
  - Attempts: 1/2
  - Final Error: [Errno 8] nodename nor servname provided, or not known

[2026-06-17 05:12:17] Processing hollingsheadcement.com
  - Error on attempt 1: [Errno 61] Connection refused

[2026-06-17 05:12:17] PERMANENTLY FAILED: hollingsheadcement.com
  - Attempts: 1/2
  - Final Error: [Errno 61] Connection refused

[2026-06-17 05:12:18] Processing drvpn.daenerys.fr
  - Error on attempt 1: Connection Timed Out

[2026-06-17 05:12:18] PERMANENTLY FAILED: drvpn.daenerys.fr
  - Attempts: 1/2
  - Final Error: Connection Timed Out

[2026-06-17 05:12:18] Processing c7c6bef9db704a39a3e208ec7593db29.plex.direct
  - Error on attempt 1: [Errno 8] nodename nor servname provided, or not known

[2026-06-17 05:12:18] PERMANENTLY FAILED: c7c6bef9db704a39a3e208ec7593db29.plex.direct
  - Attempts: 1/2
  - Final Error: [Errno 8] nodename nor servname provided, or not known

[2026-06-17 05:12:18] Processing ww16.racefuture.com
  - Error on attempt 1: [SSL: TLSV1_UNRECOGNIZED_NAME] tlsv1 unrecognized name (_ssl.c:1006)

[2026-06-17 05:12:18] PERMANENTLY FAILED: ww16.racefuture.com
  - Attempts: 1/2
  - Final Error: [SSL: TLSV1_UNRECOGNIZED_NAME] tlsv1 unrecognized name (_ssl.c:1006)

[2026-06-17 05:12:18] Processing 9ba9676f1f01466593f95b9a1881236c.plex.direct
  - Error on attempt 1: [Errno 8] nodename nor servname provided, or not known

[2026-06-17 05:12:18] PERMANENTLY FAILED: 9ba9676f1f01466593f95b9a1881236c.plex.direct
  - Attempts: 1/2
  - Final Error: [Errno 8] nodename nor servname provided, or not known

[2026-06-17 05:12:18] Processing d27243659004b7fa6b733278.netcraze.io
  - Error on attempt 1: [Errno 8] nodename nor servname provided, or not known

[2026-06-17 05:12:18] PERMANENTLY FAILED: d27243659004b7fa6b733278.netcraze.io
  - Attempts: 1/2
  - Final Error: [Errno 8] nodename nor servname provided, or not known

[2026-06-17 05:12:18] Processing home.carolinevej10.dk
  - Error on attempt 1: Connection Timed Out

[2026-06-17 05:12:18] PERMANENTLY FAILED: home.carolinevej10.dk
  - Attempts: 1/2
  - Final Error: Connection Timed Out

[2026-06-17 05:12:18] Processing stores.earlsandco.co.uk
  - Error on attempt 1: Connection Timed Out

[2026-06-17 05:12:18] PERMANENTLY FAILED: stores.earlsandco.co.uk
  - Attempts: 1/2
  - Final Error: Connection Timed Out

[2026-06-17 05:12:18] Processing rfxwd7k6xf.dattolocal.net
  - Error on attempt 1: Connection Timed Out

[2026-06-17 05:12:18] PERMANENTLY FAILED: rfxwd7k6xf.dattolocal.net
  - Attempts: 1/2
  - Final Error: Connection Timed Out

[2026-06-17 05:12:18] Processing 340878351-blog-test.na3.prod.hubspot-at-test.com
  - Error on attempt 1: [SSL: SSLV3_ALERT_HANDSHAKE_FAILURE] ssl/tls alert handshake failure (_ssl.c:1006)

[2026-06-17 05:12:18] PERMANENTLY FAILED: 340878351-blog-test.na3.prod.hubspot-at-test.com
  - Attempts: 1/2
  - Final Error: [SSL: SSLV3_ALERT_HANDSHAKE_FAILURE] ssl/tls alert handshake failure (_ssl.c:1006)

[2026-06-17 05:12:18] Processing secure.rubackyte.eu
  - Error on attempt 1: Connection Timed Out

[2026-06-17 05:12:18] PERMANENTLY FAILED: secure.rubackyte.eu
  - Attempts: 1/2
  - Final Error: Connection Timed Out

[2026-06-17 05:12:18] Processing microfocused.com
  - Error on attempt 1: [Errno 8] nodename nor servname provided, or not known

[2026-06-17 05:12:18] PERMANENTLY FAILED: microfocused.com
  - Attempts: 1/2
  - Final Error: [Errno 8] nodename nor servname provided, or not known

[2026-06-17 05:12:18] Processing 8ecd1ab9-5b5c-41e0-aa7a-c0b9bfa1ca25.cpks.de
  - Error on attempt 1: [Errno 8] nodename nor servname provided, or not known

[2026-06-17 05:12:18] PERMANENTLY FAILED: 8ecd1ab9-5b5c-41e0-aa7a-c0b9bfa1ca25.cpks.de
  - Attempts: 1/2
  - Final Error: [Errno 8] nodename nor servname provided, or not known

[2026-06-17 05:12:18] Processing secure.informationtechnologyeducation.com
  - Error on attempt 1: Connection Timed Out

[2026-06-17 05:12:18] PERMANENTLY FAILED: secure.informationtechnologyeducation.com
  - Attempts: 1/2
  - Final Error: Connection Timed Out

[2026-06-17 05:12:19] Processing awstats.peisze.com
  - Error on attempt 1: [Errno 8] nodename nor servname provided, or not known

[2026-06-17 05:12:19] PERMANENTLY FAILED: awstats.peisze.com
  - Attempts: 1/2
  - Final Error: [Errno 8] nodename nor servname provided, or not known

[2026-06-17 05:12:19] Processing redocly.devtt4.arsia.xyz
  - Error on attempt 1: [Errno 8] nodename nor servname provided, or not known

[2026-06-17 05:12:19] PERMANENTLY FAILED: redocly.devtt4.arsia.xyz
  - Attempts: 1/2
  - Final Error: [Errno 8] nodename nor servname provided, or not known

[2026-06-17 05:12:19] Processing relay.parcoaspromonte.it
  - Error on attempt 1: Connection Timed Out

[2026-06-17 05:12:19] PERMANENTLY FAILED: relay.parcoaspromonte.it
  - Attempts: 1/2
  - Final Error: Connection Timed Out

[2026-06-17 05:12:19] Processing 9d14e6b388735822638a7bdf.keenetic.io
  - Error on attempt 1: [Errno 8] nodename nor servname provided, or not known

[2026-06-17 05:12:19] PERMANENTLY FAILED: 9d14e6b388735822638a7bdf.keenetic.io
  - Attempts: 1/2
  - Final Error: [Errno 8] nodename nor servname provided, or not known

[2026-06-17 05:12:19] Processing forum.mcallister.com.au
  - Error on attempt 1: Connection Timed Out

[2026-06-17 05:12:19] PERMANENTLY FAILED: forum.mcallister.com.au
  - Attempts: 1/2
  - Final Error: Connection Timed Out

[2026-06-17 05:12:19] Processing 8oltoy25.workers.dev
  - Error on attempt 1: [Errno 8] nodename nor servname provided, or not known

[2026-06-17 05:12:19] PERMANENTLY FAILED: 8oltoy25.workers.dev
  - Attempts: 1/2
  - Final Error: [Errno 8] nodename nor servname provided, or not known

[2026-06-17 05:12:19] Processing psloveshoes.com
  - Error on attempt 1: [Errno 61] Connection refused

[2026-06-17 05:12:19] PERMANENTLY FAILED: psloveshoes.com
  - Attempts: 1/2
  - Final Error: [Errno 61] Connection refused

[2026-06-17 05:12:19] Processing remote.lymes.com
  - Error on attempt 1: Connection Timed Out

[2026-06-17 05:12:19] PERMANENTLY FAILED: remote.lymes.com
  - Attempts: 1/2
  - Final Error: Connection Timed Out

[2026-06-17 05:12:19] Processing ft2vcjdfsm.workers.dev
  - Error on attempt 1: [Errno 8] nodename nor servname provided, or not known

[2026-06-17 05:12:19] PERMANENTLY FAILED: ft2vcjdfsm.workers.dev
  - Attempts: 1/2
  - Final Error: [Errno 8] nodename nor servname provided, or not known

[2026-06-17 05:12:19] Processing cdc.sesalis.com
  - Error on attempt 1: Connection Timed Out

[2026-06-17 05:12:19] PERMANENTLY FAILED: cdc.sesalis.com
  - Attempts: 1/2
  - Final Error: Connection Timed Out

[2026-06-17 05:12:19] Processing api.j.sakuraon.top
  - Error on attempt 1: [Errno 8] nodename nor servname provided, or not known

[2026-06-17 05:12:19] PERMANENTLY FAILED: api.j.sakuraon.top
  - Attempts: 1/2
  - Final Error: [Errno 8] nodename nor servname provided, or not known

[2026-06-17 05:12:19] Processing stemuppgh.com
  - Error on attempt 1: [Errno 61] Connection refused

[2026-06-17 05:12:19] PERMANENTLY FAILED: stemuppgh.com
  - Attempts: 1/2
  - Final Error: [Errno 61] Connection refused

[2026-06-17 05:12:19] Processing lhistoryw.workers.dev
  - Error on attempt 1: [Errno 8] nodename nor servname provided, or not known

[2026-06-17 05:12:19] PERMANENTLY FAILED: lhistoryw.workers.dev
  - Attempts: 1/2
  - Final Error: [Errno 8] nodename nor servname provided, or not known

[2026-06-17 05:12:19] Processing dev.www.bull.qa
  - Error on attempt 1: [Errno 8] nodename nor servname provided, or not known

[2026-06-17 05:12:19] PERMANENTLY FAILED: dev.www.bull.qa
  - Attempts: 1/2
  - Final Error: [Errno 8] nodename nor servname provided, or not known

[2026-06-17 05:12:19] Processing rds1.kayfa.com
  - Error on attempt 1: Connection Timed Out

[2026-06-17 05:12:19] PERMANENTLY FAILED: rds1.kayfa.com
  - Attempts: 1/2
  - Final Error: Connection Timed Out

[2026-06-17 05:12:20] Processing ae2024.direct.quickconnect.to
  - Error on attempt 1: Connection Timed Out

[2026-06-17 05:12:20] PERMANENTLY FAILED: ae2024.direct.quickconnect.to
  - Attempts: 1/2
  - Final Error: Connection Timed Out

[2026-06-17 05:12:20] Processing korset-live.kz
  - Error on attempt 1: [Errno 8] nodename nor servname provided, or not known

[2026-06-17 05:12:20] PERMANENTLY FAILED: korset-live.kz
  - Attempts: 1/2
  - Final Error: [Errno 8] nodename nor servname provided, or not known

[2026-06-17 05:12:20] Processing api.da.ny.ny.discord.tattoo
  - Error on attempt 1: [Errno 8] nodename nor servname provided, or not known

[2026-06-17 05:12:20] PERMANENTLY FAILED: api.da.ny.ny.discord.tattoo
  - Attempts: 1/2
  - Final Error: [Errno 8] nodename nor servname provided, or not known

[2026-06-17 05:12:20] Processing emiratesbet871.com
  - Error on attempt 1: [Errno 8] nodename nor servname provided, or not known

[2026-06-17 05:12:20] PERMANENTLY FAILED: emiratesbet871.com
  - Attempts: 1/2
  - Final Error: [Errno 8] nodename nor servname provided, or not known

[2026-06-17 05:12:20] Processing azure2.balneariocamboriu.com
  - Error on attempt 1: [SSL: TLSV1_UNRECOGNIZED_NAME] tlsv1 unrecognized name (_ssl.c:1006)

[2026-06-17 05:12:20] PERMANENTLY FAILED: azure2.balneariocamboriu.com
  - Attempts: 1/2
  - Final Error: [SSL: TLSV1_UNRECOGNIZED_NAME] tlsv1 unrecognized name (_ssl.c:1006)

[2026-06-17 05:12:20] Processing studentsvpn.cc.copellisd.com
  - Error on attempt 1: [Errno 61] Connection refused

[2026-06-17 05:12:20] PERMANENTLY FAILED: studentsvpn.cc.copellisd.com
  - Attempts: 1/2
  - Final Error: [Errno 61] Connection refused

[2026-06-17 05:12:20] Processing thekamelgroup.com
  - Error on attempt 1: [Errno 8] nodename nor servname provided, or not known

[2026-06-17 05:12:20] PERMANENTLY FAILED: thekamelgroup.com
  - Attempts: 1/2
  - Final Error: [Errno 8] nodename nor servname provided, or not known

[2026-06-17 05:12:20] Processing remote.thepatchery.com
  - Error on attempt 1: Connection Timed Out

[2026-06-17 05:12:20] PERMANENTLY FAILED: remote.thepatchery.com
  - Attempts: 1/2
  - Final Error: Connection Timed Out

[2026-06-17 05:12:21] Processing criticalpointreeds.online
  - Error on attempt 1: [Errno 8] nodename nor servname provided, or not known

[2026-06-17 05:12:21] PERMANENTLY FAILED: criticalpointreeds.online
  - Attempts: 1/2
  - Final Error: [Errno 8] nodename nor servname provided, or not known

[2026-06-17 05:12:21] Processing ww38.vaida.bet
  - Error on attempt 1: [Errno 8] nodename nor servname provided, or not known

[2026-06-17 05:12:21] PERMANENTLY FAILED: ww38.vaida.bet
  - Attempts: 1/2
  - Final Error: [Errno 8] nodename nor servname provided, or not known

[2026-06-17 05:12:21] Processing dh.zngbekjge.one
  - Error on attempt 1: [Errno 8] nodename nor servname provided, or not known

[2026-06-17 05:12:21] PERMANENTLY FAILED: dh.zngbekjge.one
  - Attempts: 1/2
  - Final Error: [Errno 8] nodename nor servname provided, or not known

[2026-06-17 05:12:21] Processing ww25.sitemaps.paulinhoautomoveis.com
  - Error on attempt 1: [Errno 8] nodename nor servname provided, or not known

[2026-06-17 05:12:21] PERMANENTLY FAILED: ww25.sitemaps.paulinhoautomoveis.com
  - Attempts: 1/2
  - Final Error: [Errno 8] nodename nor servname provided, or not known

[2026-06-17 05:12:21] Processing 192-168-2-32.7mlm47pf6h4.ddns.manage.alta.inc
  - Error on attempt 1: Connection Timed Out

[2026-06-17 05:12:21] PERMANENTLY FAILED: 192-168-2-32.7mlm47pf6h4.ddns.manage.alta.inc
  - Attempts: 1/2
  - Final Error: Connection Timed Out

[2026-06-17 05:12:21] Processing back.devtt4.arsia.xyz
  - Error on attempt 1: [Errno 8] nodename nor servname provided, or not known

[2026-06-17 05:12:21] PERMANENTLY FAILED: back.devtt4.arsia.xyz
  - Attempts: 1/2
  - Final Error: [Errno 8] nodename nor servname provided, or not known

[2026-06-17 05:12:21] Processing amandacdovel.workers.dev
  - Error on attempt 1: [Errno 8] nodename nor servname provided, or not known

[2026-06-17 05:12:21] PERMANENTLY FAILED: amandacdovel.workers.dev
  - Attempts: 1/2
  - Final Error: [Errno 8] nodename nor servname provided, or not known

[2026-06-17 05:12:22] Processing studio78.sbs
  - Error on attempt 1: [Errno 8] nodename nor servname provided, or not known

[2026-06-17 05:12:22] PERMANENTLY FAILED: studio78.sbs
  - Attempts: 1/2
  - Final Error: [Errno 8] nodename nor servname provided, or not known

[2026-06-17 05:12:22] Processing synoinstall-blg49zfrehbux40t.direct.quickconnect.to
  - Error on attempt 1: [Errno 8] nodename nor servname provided, or not known

[2026-06-17 05:12:22] PERMANENTLY FAILED: synoinstall-blg49zfrehbux40t.direct.quickconnect.to
  - Attempts: 1/2
  - Final Error: [Errno 8] nodename nor servname provided, or not known

[2026-06-17 05:12:22] Processing globalprotect.aslat.it
  - Error on attempt 1: [Errno 8] nodename nor servname provided, or not known

[2026-06-17 05:12:22] PERMANENTLY FAILED: globalprotect.aslat.it
  - Attempts: 1/2
  - Final Error: [Errno 8] nodename nor servname provided, or not known

[2026-06-17 05:12:22] Processing ww16.remote.veteranslandboard.com
  - Error on attempt 1: [Errno 61] Connection refused

[2026-06-17 05:12:22] PERMANENTLY FAILED: ww16.remote.veteranslandboard.com
  - Attempts: 1/2
  - Final Error: [Errno 61] Connection refused

[2026-06-17 05:12:22] Processing 12.westhaferconstruction.com
  - Error on attempt 1: Connection Timed Out

[2026-06-17 05:12:22] PERMANENTLY FAILED: 12.westhaferconstruction.com
  - Attempts: 1/2
  - Final Error: Connection Timed Out

[2026-06-17 05:12:22] Processing whai.store
  - Error on attempt 1: [Errno 8] nodename nor servname provided, or not known

[2026-06-17 05:12:22] PERMANENTLY FAILED: whai.store
  - Attempts: 1/2
  - Final Error: [Errno 8] nodename nor servname provided, or not known

[2026-06-17 05:12:22] Processing sslvpn.superahorros.com
  - Error on attempt 1: Connection Timed Out

[2026-06-17 05:12:22] PERMANENTLY FAILED: sslvpn.superahorros.com
  - Attempts: 1/2
  - Final Error: Connection Timed Out

[2026-06-17 05:12:22] Processing www-24540450.eu1.prod.hubspot-at-test.com
  - Error on attempt 1: [SSL: SSLV3_ALERT_HANDSHAKE_FAILURE] ssl/tls alert handshake failure (_ssl.c:1006)

[2026-06-17 05:12:22] PERMANENTLY FAILED: www-24540450.eu1.prod.hubspot-at-test.com
  - Attempts: 1/2
  - Final Error: [SSL: SSLV3_ALERT_HANDSHAKE_FAILURE] ssl/tls alert handshake failure (_ssl.c:1006)

[2026-06-17 05:12:22] Processing 930218ca-2f1e-4859-bea7-cbd6f00d2b1e.tryghansa.se
  - Error on attempt 1: [SSL: UNEXPECTED_EOF_WHILE_READING] EOF occurred in violation of protocol (_ssl.c:1006)

[2026-06-17 05:12:22] PERMANENTLY FAILED: 930218ca-2f1e-4859-bea7-cbd6f00d2b1e.tryghansa.se
  - Attempts: 1/2
  - Final Error: [SSL: UNEXPECTED_EOF_WHILE_READING] EOF occurred in violation of protocol (_ssl.c:1006)

[2026-06-17 05:12:23] Processing lgbtfallschurch.com
  - Error on attempt 1: [Errno 61] Connection refused

[2026-06-17 05:12:23] PERMANENTLY FAILED: lgbtfallschurch.com
  - Attempts: 1/2
  - Final Error: [Errno 61] Connection refused

[2026-06-17 05:12:23] Processing chat.sneakerrecycler.com
  - Error on attempt 1: [Errno 8] nodename nor servname provided, or not known

[2026-06-17 05:12:23] PERMANENTLY FAILED: chat.sneakerrecycler.com
  - Attempts: 1/2
  - Final Error: [Errno 8] nodename nor servname provided, or not known

[2026-06-17 05:12:23] Processing terriblescares.net
  - Error on attempt 1: [Errno 61] Connection refused

[2026-06-17 05:12:23] PERMANENTLY FAILED: terriblescares.net
  - Attempts: 1/2
  - Final Error: [Errno 61] Connection refused

[2026-06-17 05:12:23] Processing svpnph.aslat.it
  - Error on attempt 1: [Errno 8] nodename nor servname provided, or not known

[2026-06-17 05:12:23] PERMANENTLY FAILED: svpnph.aslat.it
  - Attempts: 1/2
  - Final Error: [Errno 8] nodename nor servname provided, or not known

[2026-06-17 05:12:23] Processing destinationbakersfield.com
  - Error on attempt 1: [Errno 61] Connection refused

[2026-06-17 05:12:23] PERMANENTLY FAILED: destinationbakersfield.com
  - Attempts: 1/2
  - Final Error: [Errno 61] Connection refused

[2026-06-17 05:12:23] Processing ww25.api.catalinainn.com
  - Error on attempt 1: [Errno 61] Connection refused

[2026-06-17 05:12:23] PERMANENTLY FAILED: ww25.api.catalinainn.com
  - Attempts: 1/2
  - Final Error: [Errno 61] Connection refused

[2026-06-17 05:12:23] Processing admin.www.cloud.brittleprinting.com
  - Error on attempt 1: [SSL: UNEXPECTED_EOF_WHILE_READING] EOF occurred in violation of protocol (_ssl.c:1006)

[2026-06-17 05:12:23] PERMANENTLY FAILED: admin.www.cloud.brittleprinting.com
  - Attempts: 1/2
  - Final Error: [SSL: UNEXPECTED_EOF_WHILE_READING] EOF occurred in violation of protocol (_ssl.c:1006)

[2026-06-17 05:12:23] Processing emv1.savato.com
  - Error on attempt 1: [Errno 8] nodename nor servname provided, or not known

[2026-06-17 05:12:23] PERMANENTLY FAILED: emv1.savato.com
  - Attempts: 1/2
  - Final Error: [Errno 8] nodename nor servname provided, or not known

[2026-06-17 05:12:23] Processing acsarweb.gotaland.com
  - Error on attempt 1: [SSL: TLSV1_UNRECOGNIZED_NAME] tlsv1 unrecognized name (_ssl.c:1006)

[2026-06-17 05:12:23] PERMANENTLY FAILED: acsarweb.gotaland.com
  - Attempts: 1/2
  - Final Error: [SSL: TLSV1_UNRECOGNIZED_NAME] tlsv1 unrecognized name (_ssl.c:1006)

[2026-06-17 05:12:23] Processing db21c19d.sni.cloudflaressl.com
  - Error on attempt 1: [SSL: SSLV3_ALERT_HANDSHAKE_FAILURE] ssl/tls alert handshake failure (_ssl.c:1006)

[2026-06-17 05:12:23] PERMANENTLY FAILED: db21c19d.sni.cloudflaressl.com
  - Attempts: 1/2
  - Final Error: [SSL: SSLV3_ALERT_HANDSHAKE_FAILURE] ssl/tls alert handshake failure (_ssl.c:1006)

[2026-06-17 05:12:23] Processing adrian1980.direct.quickconnect.to
  - Error on attempt 1: [Errno 8] nodename nor servname provided, or not known

[2026-06-17 05:12:23] PERMANENTLY FAILED: adrian1980.direct.quickconnect.to
  - Attempts: 1/2
  - Final Error: [Errno 8] nodename nor servname provided, or not known

[2026-06-17 05:12:23] Processing delico.sb360.ir
  - Error on attempt 1: [Errno 8] nodename nor servname provided, or not known

[2026-06-17 05:12:23] PERMANENTLY FAILED: delico.sb360.ir
  - Attempts: 1/2
  - Final Error: [Errno 8] nodename nor servname provided, or not known

[2026-06-17 05:12:23] Processing albinatube.com
  - Error on attempt 1: [Errno 8] nodename nor servname provided, or not known

[2026-06-17 05:12:23] PERMANENTLY FAILED: albinatube.com
  - Attempts: 1/2
  - Final Error: [Errno 8] nodename nor servname provided, or not known

[2026-06-17 05:12:23] Processing backup.peisze.com
  - Error on attempt 1: [Errno 8] nodename nor servname provided, or not known

[2026-06-17 05:12:23] PERMANENTLY FAILED: backup.peisze.com
  - Attempts: 1/2
  - Final Error: [Errno 8] nodename nor servname provided, or not known

[2026-06-17 05:12:23] Processing dev.shestakovfoto.viewbook.com
  - Error on attempt 1: [SSL: TLSV1_ALERT_INTERNAL_ERROR] tlsv1 alert internal error (_ssl.c:1006)

[2026-06-17 05:12:23] PERMANENTLY FAILED: dev.shestakovfoto.viewbook.com
  - Attempts: 1/2
  - Final Error: [SSL: TLSV1_ALERT_INTERNAL_ERROR] tlsv1 alert internal error (_ssl.c:1006)

[2026-06-17 05:12:23] Processing admin.mail.vdbmetaalbewerking.nl
  - Error on attempt 1: [SSL: TLSV1_ALERT_INTERNAL_ERROR] tlsv1 alert internal error (_ssl.c:1006)

[2026-06-17 05:12:23] PERMANENTLY FAILED: admin.mail.vdbmetaalbewerking.nl
  - Attempts: 1/2
  - Final Error: [SSL: TLSV1_ALERT_INTERNAL_ERROR] tlsv1 alert internal error (_ssl.c:1006)

[2026-06-17 05:12:24] Processing 114.lol
  - Error on attempt 1: [Errno 8] nodename nor servname provided, or not known

[2026-06-17 05:12:24] PERMANENTLY FAILED: 114.lol
  - Attempts: 1/2
  - Final Error: [Errno 8] nodename nor servname provided, or not known

[2026-06-17 05:12:24] Processing cmk53h81f1wb501jkq2cwf1vx.vx.astronomer-stage.run
  - Error on attempt 1: [Errno 8] nodename nor servname provided, or not known

[2026-06-17 05:12:24] PERMANENTLY FAILED: cmk53h81f1wb501jkq2cwf1vx.vx.astronomer-stage.run
  - Attempts: 1/2
  - Final Error: [Errno 8] nodename nor servname provided, or not known

[2026-06-17 05:12:24] Processing e57f7aee71a1ff0acbd54c2e.keenetic.io
  - Error on attempt 1: [Errno 8] nodename nor servname provided, or not known

[2026-06-17 05:12:24] PERMANENTLY FAILED: e57f7aee71a1ff0acbd54c2e.keenetic.io
  - Attempts: 1/2
  - Final Error: [Errno 8] nodename nor servname provided, or not known

[2026-06-17 05:12:25] Processing preview.pr-5493.cerosdev.site
  - Error on attempt 1: [SSL: SSLV3_ALERT_HANDSHAKE_FAILURE] ssl/tls alert handshake failure (_ssl.c:1006)

[2026-06-17 05:12:25] PERMANENTLY FAILED: preview.pr-5493.cerosdev.site
  - Attempts: 1/2
  - Final Error: [SSL: SSLV3_ALERT_HANDSHAKE_FAILURE] ssl/tls alert handshake failure (_ssl.c:1006)

[2026-06-17 05:12:25] Processing abdullahfashionwear.com
  - Error on attempt 1: [Errno 8] nodename nor servname provided, or not known

[2026-06-17 05:12:25] PERMANENTLY FAILED: abdullahfashionwear.com
  - Attempts: 1/2
  - Final Error: [Errno 8] nodename nor servname provided, or not known

[2026-06-17 05:12:25] Processing thefilm-collective.com
  - Error on attempt 1: [Errno 8] nodename nor servname provided, or not known

[2026-06-17 05:12:25] PERMANENTLY FAILED: thefilm-collective.com
  - Attempts: 1/2
  - Final Error: [Errno 8] nodename nor servname provided, or not known

[2026-06-17 05:12:25] Processing arianorlando.com
  - Error on attempt 1: [SSL: TLSV1_ALERT_INTERNAL_ERROR] tlsv1 alert internal error (_ssl.c:1006)

[2026-06-17 05:12:25] PERMANENTLY FAILED: arianorlando.com
  - Attempts: 1/2
  - Final Error: [SSL: TLSV1_ALERT_INTERNAL_ERROR] tlsv1 alert internal error (_ssl.c:1006)

[2026-06-17 05:12:25] Processing nsqloapp.reifenauktionen.de
  - Error on attempt 1: [Errno 8] nodename nor servname provided, or not known

[2026-06-17 05:12:25] PERMANENTLY FAILED: nsqloapp.reifenauktionen.de
  - Attempts: 1/2
  - Final Error: [Errno 8] nodename nor servname provided, or not known

[2026-06-17 05:12:26] Processing smtp.korep.cz
  - Error on attempt 1: Connection Timed Out

[2026-06-17 05:12:26] PERMANENTLY FAILED: smtp.korep.cz
  - Attempts: 1/2
  - Final Error: Connection Timed Out

[2026-06-17 05:12:26] Processing api.do-more.de
  - Error on attempt 1: [SSL: TLSV1_ALERT_INTERNAL_ERROR] tlsv1 alert internal error (_ssl.c:1006)

[2026-06-17 05:12:26] PERMANENTLY FAILED: api.do-more.de
  - Attempts: 1/2
  - Final Error: [SSL: TLSV1_ALERT_INTERNAL_ERROR] tlsv1 alert internal error (_ssl.c:1006)

[2026-06-17 05:12:26] Processing mail.cashlesssex.com
  - Error on attempt 1: [SSL: TLSV1_ALERT_INTERNAL_ERROR] tlsv1 alert internal error (_ssl.c:1006)

[2026-06-17 05:12:26] PERMANENTLY FAILED: mail.cashlesssex.com
  - Attempts: 1/2
  - Final Error: [SSL: TLSV1_ALERT_INTERNAL_ERROR] tlsv1 alert internal error (_ssl.c:1006)

[2026-06-17 05:12:26] Processing test.j.sakuraon.top
  - Error on attempt 1: [Errno 8] nodename nor servname provided, or not known

[2026-06-17 05:12:26] PERMANENTLY FAILED: test.j.sakuraon.top
  - Attempts: 1/2
  - Final Error: [Errno 8] nodename nor servname provided, or not known

[2026-06-17 05:12:26] Processing gateway.daenerys.fr
  - Error on attempt 1: Connection Timed Out

[2026-06-17 05:12:26] PERMANENTLY FAILED: gateway.daenerys.fr
  - Attempts: 1/2
  - Final Error: Connection Timed Out

[2026-06-17 05:12:26] Processing argotecgroup.us
  - Error on attempt 1: [SSL: TLSV1_ALERT_INTERNAL_ERROR] tlsv1 alert internal error (_ssl.c:1006)

[2026-06-17 05:12:26] PERMANENTLY FAILED: argotecgroup.us
  - Attempts: 1/2
  - Final Error: [SSL: TLSV1_ALERT_INTERNAL_ERROR] tlsv1 alert internal error (_ssl.c:1006)

[2026-06-17 05:12:27] Processing help.mcallister.com.au
  - Error on attempt 1: Connection Timed Out

[2026-06-17 05:12:27] PERMANENTLY FAILED: help.mcallister.com.au
  - Attempts: 1/2
  - Final Error: Connection Timed Out

[2026-06-17 05:12:27] Processing test.app.www.www.www.www.www.234cde3d.nip.io
  - Error on attempt 1: Connection Timed Out

[2026-06-17 05:12:27] PERMANENTLY FAILED: test.app.www.www.www.www.www.234cde3d.nip.io
  - Attempts: 1/2
  - Final Error: Connection Timed Out

[2026-06-17 05:12:27] Processing jenkins.skmlabs.net
  - Error on attempt 1: [Errno 8] nodename nor servname provided, or not known

[2026-06-17 05:12:27] PERMANENTLY FAILED: jenkins.skmlabs.net
  - Attempts: 1/2
  - Final Error: [Errno 8] nodename nor servname provided, or not known

[2026-06-17 05:12:27] Processing prelogon.moveat.com
  - Error on attempt 1: [SSL: TLSV1_UNRECOGNIZED_NAME] tlsv1 unrecognized name (_ssl.c:1006)

[2026-06-17 05:12:27] PERMANENTLY FAILED: prelogon.moveat.com
  - Attempts: 1/2
  - Final Error: [SSL: TLSV1_UNRECOGNIZED_NAME] tlsv1 unrecognized name (_ssl.c:1006)

[2026-06-17 05:12:27] Processing inst.stellargenixp-s.com
  - Error on attempt 1: [Errno 8] nodename nor servname provided, or not known

[2026-06-17 05:12:27] PERMANENTLY FAILED: inst.stellargenixp-s.com
  - Attempts: 1/2
  - Final Error: [Errno 8] nodename nor servname provided, or not known

[2026-06-17 05:12:27] Processing internet.vabex.com
  - Error on attempt 1: [SSL: TLSV1_UNRECOGNIZED_NAME] tlsv1 unrecognized name (_ssl.c:1006)

[2026-06-17 05:12:27] PERMANENTLY FAILED: internet.vabex.com
  - Attempts: 1/2
  - Final Error: [SSL: TLSV1_UNRECOGNIZED_NAME] tlsv1 unrecognized name (_ssl.c:1006)

[2026-06-17 05:12:27] Processing conqueraconsulting.com.103-160-106-28.cpanel.site
  - Error on attempt 1: Connection Timed Out

[2026-06-17 05:12:27] PERMANENTLY FAILED: conqueraconsulting.com.103-160-106-28.cpanel.site
  - Attempts: 1/2
  - Final Error: Connection Timed Out

[2026-06-17 05:12:27] Processing m.televisionenterprise.com
  - Error on attempt 1: Connection Timed Out

[2026-06-17 05:12:27] PERMANENTLY FAILED: m.televisionenterprise.com
  - Attempts: 1/2
  - Final Error: Connection Timed Out

[2026-06-17 05:12:28] Processing api.jrpsften.49-12-111-90.plesk.page
  - Error on attempt 1: [Errno 61] Connection refused

[2026-06-17 05:12:28] PERMANENTLY FAILED: api.jrpsften.49-12-111-90.plesk.page
  - Attempts: 1/2
  - Final Error: [Errno 61] Connection refused

[2026-06-17 05:12:28] Processing yaserstore.com
  - Error on attempt 1: [Errno 8] nodename nor servname provided, or not known

[2026-06-17 05:12:28] PERMANENTLY FAILED: yaserstore.com
  - Attempts: 1/2
  - Final Error: [Errno 8] nodename nor servname provided, or not known

[2026-06-17 05:12:28] Processing vcbgjdashboard.superfreeks.com
  - Error on attempt 1: Connection Timed Out

[2026-06-17 05:12:28] PERMANENTLY FAILED: vcbgjdashboard.superfreeks.com
  - Attempts: 1/2
  - Final Error: Connection Timed Out

[2026-06-17 05:12:28] Processing itkit.ae
  - Error on attempt 1: [Errno 8] nodename nor servname provided, or not known

[2026-06-17 05:12:28] PERMANENTLY FAILED: itkit.ae
  - Attempts: 1/2
  - Final Error: [Errno 8] nodename nor servname provided, or not known

[2026-06-17 05:12:28] Processing design.augenlaserklinik.com
  - Error on attempt 1: Connection Timed Out

[2026-06-17 05:12:28] PERMANENTLY FAILED: design.augenlaserklinik.com
  - Attempts: 1/2
  - Final Error: Connection Timed Out

[2026-06-17 05:12:28] Processing ftp.gardentransformation.com
  - Error on attempt 1: [Errno 8] nodename nor servname provided, or not known

[2026-06-17 05:12:28] PERMANENTLY FAILED: ftp.gardentransformation.com
  - Attempts: 1/2
  - Final Error: [Errno 8] nodename nor servname provided, or not known

[2026-06-17 05:12:28] Processing app.urbanenailsandspa.com
  - Error on attempt 1: Connection Timed Out

[2026-06-17 05:12:28] PERMANENTLY FAILED: app.urbanenailsandspa.com
  - Attempts: 1/2
  - Final Error: Connection Timed Out

[2026-06-17 05:12:28] Processing top-haixingtiyu.net
  - Error on attempt 1: [Errno 8] nodename nor servname provided, or not known

[2026-06-17 05:12:28] PERMANENTLY FAILED: top-haixingtiyu.net
  - Attempts: 1/2
  - Final Error: [Errno 8] nodename nor servname provided, or not known

[2026-06-17 05:12:28] Processing hostmaster.televisionenterprise.com
  - Error on attempt 1: Connection Timed Out

[2026-06-17 05:12:28] PERMANENTLY FAILED: hostmaster.televisionenterprise.com
  - Attempts: 1/2
  - Final Error: Connection Timed Out

[2026-06-17 05:12:28] Processing connect-analitik.augenlaserklinik.com
  - Error on attempt 1: Connection Timed Out

[2026-06-17 05:12:28] PERMANENTLY FAILED: connect-analitik.augenlaserklinik.com
  - Attempts: 1/2
  - Final Error: Connection Timed Out

[2026-06-17 05:12:28] Processing dwlakportal.nyflaw.com
  - Error on attempt 1: Connection Timed Out

[2026-06-17 05:12:28] PERMANENTLY FAILED: dwlakportal.nyflaw.com
  - Attempts: 1/2
  - Final Error: Connection Timed Out

[2026-06-17 05:12:28] Processing c589172115ddaf110fcd6189.keenetic.io
  - Error on attempt 1: [Errno 8] nodename nor servname provided, or not known

[2026-06-17 05:12:28] PERMANENTLY FAILED: c589172115ddaf110fcd6189.keenetic.io
  - Attempts: 1/2
  - Final Error: [Errno 8] nodename nor servname provided, or not known

[2026-06-17 05:12:28] Processing asiawremote.smartphonegewinnen.de
  - Error on attempt 1: Connection Timed Out

[2026-06-17 05:12:28] PERMANENTLY FAILED: asiawremote.smartphonegewinnen.de
  - Attempts: 1/2
  - Final Error: Connection Timed Out

[2026-06-17 05:12:28] Processing test.jrpsften.49-12-111-90.plesk.page
  - Error on attempt 1: [Errno 61] Connection refused

[2026-06-17 05:12:28] PERMANENTLY FAILED: test.jrpsften.49-12-111-90.plesk.page
  - Attempts: 1/2
  - Final Error: [Errno 61] Connection refused

[2026-06-17 05:12:28] Processing ww31.131146.thefutureis.digital
  - Error on attempt 1: [Errno 8] nodename nor servname provided, or not known

[2026-06-17 05:12:28] PERMANENTLY FAILED: ww31.131146.thefutureis.digital
  - Attempts: 1/2
  - Final Error: [Errno 8] nodename nor servname provided, or not known

[2026-06-17 05:12:29] Processing dev.jrpsften.49-12-111-90.plesk.page
  - Error on attempt 1: [Errno 61] Connection refused

[2026-06-17 05:12:29] PERMANENTLY FAILED: dev.jrpsften.49-12-111-90.plesk.page
  - Attempts: 1/2
  - Final Error: [Errno 61] Connection refused

[2026-06-17 05:12:29] Processing ldastl.store
  - Error on attempt 1: [Errno 61] Connection refused

[2026-06-17 05:12:29] PERMANENTLY FAILED: ldastl.store
  - Attempts: 1/2
  - Final Error: [Errno 61] Connection refused

[2026-06-17 05:12:29] Processing acceso.kaekel.com
  - Error on attempt 1: Connection Timed Out

[2026-06-17 05:12:29] PERMANENTLY FAILED: acceso.kaekel.com
  - Attempts: 1/2
  - Final Error: Connection Timed Out

[2026-06-17 05:12:29] Processing zmail.webnew.de
  - Error on attempt 1: [Errno 8] nodename nor servname provided, or not known

[2026-06-17 05:12:29] PERMANENTLY FAILED: zmail.webnew.de
  - Attempts: 1/2
  - Final Error: [Errno 8] nodename nor servname provided, or not known

[2026-06-17 05:12:29] Processing demo.blog.himanchestercentralpark.test.innfinitehospitality.co.uk
  - Error on attempt 1: Connection Timed Out

[2026-06-17 05:12:29] PERMANENTLY FAILED: demo.blog.himanchestercentralpark.test.innfinitehospitality.co.uk
  - Attempts: 1/2
  - Final Error: Connection Timed Out

[2026-06-17 05:12:29] Processing temp.infomeeting.com
  - Error on attempt 1: [SSL: TLSV1_UNRECOGNIZED_NAME] tlsv1 unrecognized name (_ssl.c:1006)

[2026-06-17 05:12:29] PERMANENTLY FAILED: temp.infomeeting.com
  - Attempts: 1/2
  - Final Error: [SSL: TLSV1_UNRECOGNIZED_NAME] tlsv1 unrecognized name (_ssl.c:1006)

[2026-06-17 05:12:29] Processing nuget.xsd2code.com
  - Error on attempt 1: [Errno 51] Network is unreachable

[2026-06-17 05:12:29] PERMANENTLY FAILED: nuget.xsd2code.com
  - Attempts: 1/2
  - Final Error: [Errno 51] Network is unreachable

[2026-06-17 05:12:29] Processing webmail.myvare.de
  - Error on attempt 1: Connection Timed Out

[2026-06-17 05:12:29] PERMANENTLY FAILED: webmail.myvare.de
  - Attempts: 1/2
  - Final Error: Connection Timed Out

[2026-06-17 05:12:29] Processing hrybztsp.akwam.im
  - Error on attempt 1: [Errno 8] nodename nor servname provided, or not known

[2026-06-17 05:12:29] PERMANENTLY FAILED: hrybztsp.akwam.im
  - Attempts: 1/2
  - Final Error: [Errno 8] nodename nor servname provided, or not known

[2026-06-17 05:12:29] Processing tipsdewatogelrtp.cyou
  - Error on attempt 1: [Errno 8] nodename nor servname provided, or not known

[2026-06-17 05:12:29] PERMANENTLY FAILED: tipsdewatogelrtp.cyou
  - Attempts: 1/2
  - Final Error: [Errno 8] nodename nor servname provided, or not known

[2026-06-17 05:12:29] Processing mduwlhome.adcamp.cz
  - Error on attempt 1: Connection Timed Out

[2026-06-17 05:12:29] PERMANENTLY FAILED: mduwlhome.adcamp.cz
  - Attempts: 1/2
  - Final Error: Connection Timed Out

[2026-06-17 05:12:29] Processing ramstaradvisors.com
  - Error on attempt 1: [Errno 61] Connection refused

[2026-06-17 05:12:29] PERMANENTLY FAILED: ramstaradvisors.com
  - Attempts: 1/2
  - Final Error: [Errno 61] Connection refused

[2026-06-17 05:12:30] Processing k.brevi.com
  - Error on attempt 1: Connection Timed Out

[2026-06-17 05:12:30] PERMANENTLY FAILED: k.brevi.com
  - Attempts: 1/2
  - Final Error: Connection Timed Out

[2026-06-17 05:12:30] Processing cs.dapaul.com
  - Error on attempt 1: [Errno 8] nodename nor servname provided, or not known

[2026-06-17 05:12:30] PERMANENTLY FAILED: cs.dapaul.com
  - Attempts: 1/2
  - Final Error: [Errno 8] nodename nor servname provided, or not known

[2026-06-17 05:12:30] Processing admin.aarpcreditcards.com
  - Error on attempt 1: Connection Timed Out

[2026-06-17 05:12:30] PERMANENTLY FAILED: admin.aarpcreditcards.com
  - Attempts: 1/2
  - Final Error: Connection Timed Out

[2026-06-17 05:12:30] Processing zabbix.fifthecho.net
  - Error on attempt 1: [Errno 8] nodename nor servname provided, or not known

[2026-06-17 05:12:30] PERMANENTLY FAILED: zabbix.fifthecho.net
  - Attempts: 1/2
  - Final Error: [Errno 8] nodename nor servname provided, or not known

[2026-06-17 05:12:30] Processing kv3wbueisjwwzr7bbuuc.device.stripe-terminal-local-reader.net
  - Error on attempt 1: [Errno 8] nodename nor servname provided, or not known

[2026-06-17 05:12:30] PERMANENTLY FAILED: kv3wbueisjwwzr7bbuuc.device.stripe-terminal-local-reader.net
  - Attempts: 1/2
  - Final Error: [Errno 8] nodename nor servname provided, or not known

[2026-06-17 05:12:30] Processing southeastern.drive.su
  - Error on attempt 1: Connection Timed Out

[2026-06-17 05:12:30] PERMANENTLY FAILED: southeastern.drive.su
  - Attempts: 1/2
  - Final Error: Connection Timed Out

[2026-06-17 05:12:31] Processing store.mcallister.com.au
  - Error on attempt 1: Connection Timed Out

[2026-06-17 05:12:31] PERMANENTLY FAILED: store.mcallister.com.au
  - Attempts: 1/2
  - Final Error: Connection Timed Out

[2026-06-17 05:12:31] Processing vyos71bqty6ed0k0bu.workers.dev
  - Error on attempt 1: [Errno 8] nodename nor servname provided, or not known

[2026-06-17 05:12:31] PERMANENTLY FAILED: vyos71bqty6ed0k0bu.workers.dev
  - Attempts: 1/2
  - Final Error: [Errno 8] nodename nor servname provided, or not known

[2026-06-17 05:12:31] Processing www3.televisionenterprise.com
  - Error on attempt 1: Connection Timed Out

[2026-06-17 05:12:31] PERMANENTLY FAILED: www3.televisionenterprise.com
  - Attempts: 1/2
  - Final Error: Connection Timed Out

[2026-06-17 05:12:31] Processing broker.parasoftparagliding.com
  - Error on attempt 1: Connection Timed Out

[2026-06-17 05:12:31] PERMANENTLY FAILED: broker.parasoftparagliding.com
  - Attempts: 1/2
  - Final Error: Connection Timed Out

[2026-06-17 05:12:31] Processing verhaltenstherapie-klosterneuburg.at
  - Error on attempt 1: [Errno 8] nodename nor servname provided, or not known

[2026-06-17 05:12:31] PERMANENTLY FAILED: verhaltenstherapie-klosterneuburg.at
  - Attempts: 1/2
  - Final Error: [Errno 8] nodename nor servname provided, or not known

[2026-06-17 05:12:31] Processing autodiscover.shampower.shop
  - Error on attempt 1: Connection Timed Out

[2026-06-17 05:12:31] PERMANENTLY FAILED: autodiscover.shampower.shop
  - Attempts: 1/2
  - Final Error: Connection Timed Out

[2026-06-17 05:12:31] Processing d08603678e17d0cd47e16fb8.keenetic.io
  - Error on attempt 1: [Errno 8] nodename nor servname provided, or not known

[2026-06-17 05:12:31] PERMANENTLY FAILED: d08603678e17d0cd47e16fb8.keenetic.io
  - Attempts: 1/2
  - Final Error: [Errno 8] nodename nor servname provided, or not known

[2026-06-17 05:12:31] Processing api.lilandcloe.h6.re
  - Error on attempt 1: [Errno 8] nodename nor servname provided, or not known

[2026-06-17 05:12:31] PERMANENTLY FAILED: api.lilandcloe.h6.re
  - Attempts: 1/2
  - Final Error: [Errno 8] nodename nor servname provided, or not known

[2026-06-17 05:12:31] Processing test.jrsaxdpv.49-12-111-90.plesk.page
  - Error on attempt 1: [Errno 61] Connection refused

[2026-06-17 05:12:31] PERMANENTLY FAILED: test.jrsaxdpv.49-12-111-90.plesk.page
  - Attempts: 1/2
  - Final Error: [Errno 61] Connection refused

[2026-06-17 05:12:32] Processing test.app.elitejourneyguides.live
  - Error on attempt 1: Connection Timed Out

[2026-06-17 05:12:32] PERMANENTLY FAILED: test.app.elitejourneyguides.live
  - Attempts: 1/2
  - Final Error: Connection Timed Out

[2026-06-17 05:12:32] Processing cucadesbycarol.shop
  - Error on attempt 1: [Errno 8] nodename nor servname provided, or not known

[2026-06-17 05:12:32] PERMANENTLY FAILED: cucadesbycarol.shop
  - Attempts: 1/2
  - Final Error: [Errno 8] nodename nor servname provided, or not known

[2026-06-17 05:12:32] Processing mobile.relations.ro
  - Error on attempt 1: Connection Timed Out

[2026-06-17 05:12:32] PERMANENTLY FAILED: mobile.relations.ro
  - Attempts: 1/2
  - Final Error: Connection Timed Out

[2026-06-17 05:12:32] Processing 06f957bd.sni.cloudflaressl.com
  - Error on attempt 1: [SSL: SSLV3_ALERT_HANDSHAKE_FAILURE] ssl/tls alert handshake failure (_ssl.c:1006)

[2026-06-17 05:12:32] PERMANENTLY FAILED: 06f957bd.sni.cloudflaressl.com
  - Attempts: 1/2
  - Final Error: [SSL: SSLV3_ALERT_HANDSHAKE_FAILURE] ssl/tls alert handshake failure (_ssl.c:1006)

[2026-06-17 05:12:32] Processing pommes-bub.de
  - Error on attempt 1: [Errno 61] Connection refused

[2026-06-17 05:12:32] PERMANENTLY FAILED: pommes-bub.de
  - Attempts: 1/2
  - Final Error: [Errno 61] Connection refused

[2026-06-17 05:12:32] Processing defendingourheritage.org
  - Error on attempt 1: [Errno 8] nodename nor servname provided, or not known

[2026-06-17 05:12:32] PERMANENTLY FAILED: defendingourheritage.org
  - Attempts: 1/2
  - Final Error: [Errno 8] nodename nor servname provided, or not known

[2026-06-17 05:12:32] Processing cimagroupspa.com
  - Error on attempt 1: [Errno 61] Connection refused

[2026-06-17 05:12:32] PERMANENTLY FAILED: cimagroupspa.com
  - Attempts: 1/2
  - Final Error: [Errno 61] Connection refused

[2026-06-17 05:12:32] Processing trylorals.com
  - Error on attempt 1: [Errno 8] nodename nor servname provided, or not known

[2026-06-17 05:12:32] PERMANENTLY FAILED: trylorals.com
  - Attempts: 1/2
  - Final Error: [Errno 8] nodename nor servname provided, or not known

[2026-06-17 05:12:32] Processing verocat.com
  - Error on attempt 1: [Errno 8] nodename nor servname provided, or not known

[2026-06-17 05:12:32] PERMANENTLY FAILED: verocat.com
  - Attempts: 1/2
  - Final Error: [Errno 8] nodename nor servname provided, or not known

[2026-06-17 05:12:32] Processing 846af349.sni.cloudflaressl.com
  - Error on attempt 1: [SSL: SSLV3_ALERT_HANDSHAKE_FAILURE] ssl/tls alert handshake failure (_ssl.c:1006)

[2026-06-17 05:12:32] PERMANENTLY FAILED: 846af349.sni.cloudflaressl.com
  - Attempts: 1/2
  - Final Error: [SSL: SSLV3_ALERT_HANDSHAKE_FAILURE] ssl/tls alert handshake failure (_ssl.c:1006)

[2026-06-17 05:12:32] Processing relay.jgeneration.com
  - Error on attempt 1: [SSL: TLSV1_UNRECOGNIZED_NAME] tlsv1 unrecognized name (_ssl.c:1006)

[2026-06-17 05:12:32] PERMANENTLY FAILED: relay.jgeneration.com
  - Attempts: 1/2
  - Final Error: [SSL: TLSV1_UNRECOGNIZED_NAME] tlsv1 unrecognized name (_ssl.c:1006)

[2026-06-17 05:12:32] Processing sweet.fitness
  - Error on attempt 1: [Errno 8] nodename nor servname provided, or not known

[2026-06-17 05:12:32] PERMANENTLY FAILED: sweet.fitness
  - Attempts: 1/2
  - Final Error: [Errno 8] nodename nor servname provided, or not known

[2026-06-17 05:12:32] Processing wddn31.direct.quickconnect.to
  - Error on attempt 1: Connection Timed Out

[2026-06-17 05:12:32] PERMANENTLY FAILED: wddn31.direct.quickconnect.to
  - Attempts: 1/2
  - Final Error: Connection Timed Out

[2026-06-17 05:12:33] Processing old.cartuccestampante.com
  - Error on attempt 1: Connection Timed Out

[2026-06-17 05:12:33] PERMANENTLY FAILED: old.cartuccestampante.com
  - Attempts: 1/2
  - Final Error: Connection Timed Out

[2026-06-17 05:12:33] Processing fzj.pesu.cn
  - Error on attempt 1: Connection Timed Out

[2026-06-17 05:12:33] PERMANENTLY FAILED: fzj.pesu.cn
  - Attempts: 1/2
  - Final Error: Connection Timed Out

[2026-06-17 05:12:33] Processing gateway.tischlerei-lehmann.de
  - Error on attempt 1: Connection Timed Out

[2026-06-17 05:12:33] PERMANENTLY FAILED: gateway.tischlerei-lehmann.de
  - Attempts: 1/2
  - Final Error: Connection Timed Out

[2026-06-17 05:12:33] Processing api.www.checksrv.bulkaquarium.com
  - Error on attempt 1: [SSL: UNEXPECTED_EOF_WHILE_READING] EOF occurred in violation of protocol (_ssl.c:1006)

[2026-06-17 05:12:33] PERMANENTLY FAILED: api.www.checksrv.bulkaquarium.com
  - Attempts: 1/2
  - Final Error: [SSL: UNEXPECTED_EOF_WHILE_READING] EOF occurred in violation of protocol (_ssl.c:1006)

[2026-06-17 05:12:33] Processing liuhar0213.workers.dev
  - Error on attempt 1: [Errno 8] nodename nor servname provided, or not known

[2026-06-17 05:12:33] PERMANENTLY FAILED: liuhar0213.workers.dev
  - Attempts: 1/2
  - Final Error: [Errno 8] nodename nor servname provided, or not known

[2026-06-17 05:12:34] Processing auth2.contactcardgame.com
  - Error on attempt 1: Connection Timed Out

[2026-06-17 05:12:34] PERMANENTLY FAILED: auth2.contactcardgame.com
  - Attempts: 1/2
  - Final Error: Connection Timed Out

[2026-06-17 05:12:34] Processing teksava.com
  - Error on attempt 1: [Errno 8] nodename nor servname provided, or not known

[2026-06-17 05:12:34] PERMANENTLY FAILED: teksava.com
  - Attempts: 1/2
  - Final Error: [Errno 8] nodename nor servname provided, or not known

[2026-06-17 05:12:34] Processing security.davkom.com
  - Error on attempt 1: [Errno 8] nodename nor servname provided, or not known

[2026-06-17 05:12:34] PERMANENTLY FAILED: security.davkom.com
  - Attempts: 1/2
  - Final Error: [Errno 8] nodename nor servname provided, or not known

[2026-06-17 05:12:34] Processing axezb5.mmscloudtest.com
  - Error on attempt 1: [Errno 8] nodename nor servname provided, or not known

[2026-06-17 05:12:34] PERMANENTLY FAILED: axezb5.mmscloudtest.com
  - Attempts: 1/2
  - Final Error: [Errno 8] nodename nor servname provided, or not known

[2026-06-17 05:12:34] Processing aichatbotschool.com
  - Error on attempt 1: [Errno 8] nodename nor servname provided, or not known

[2026-06-17 05:12:34] PERMANENTLY FAILED: aichatbotschool.com
  - Attempts: 1/2
  - Final Error: [Errno 8] nodename nor servname provided, or not known

[2026-06-17 05:12:34] Processing inte.left.net
  - Error on attempt 1: Connection Timed Out

[2026-06-17 05:12:34] PERMANENTLY FAILED: inte.left.net
  - Attempts: 1/2
  - Final Error: Connection Timed Out

[2026-06-17 05:12:34] Processing test.lilandcloe.h6.re
  - Error on attempt 1: [Errno 8] nodename nor servname provided, or not known

[2026-06-17 05:12:34] PERMANENTLY FAILED: test.lilandcloe.h6.re
  - Attempts: 1/2
  - Final Error: [Errno 8] nodename nor servname provided, or not known

[2026-06-17 05:12:35] Processing fikfapp.site
  - Error on attempt 1: [Errno 8] nodename nor servname provided, or not known

[2026-06-17 05:12:35] PERMANENTLY FAILED: fikfapp.site
  - Attempts: 1/2
  - Final Error: [Errno 8] nodename nor servname provided, or not known

[2026-06-17 05:12:35] Processing sitemap.templatelegit.com
  - Error on attempt 1: Connection Timed Out

[2026-06-17 05:12:35] PERMANENTLY FAILED: sitemap.templatelegit.com
  - Attempts: 1/2
  - Final Error: Connection Timed Out

[2026-06-17 05:12:35] Processing dashboard.sunstill.com
  - Error on attempt 1: [Errno 8] nodename nor servname provided, or not known

[2026-06-17 05:12:35] PERMANENTLY FAILED: dashboard.sunstill.com
  - Attempts: 1/2
  - Final Error: [Errno 8] nodename nor servname provided, or not known

[2026-06-17 05:12:35] Processing 3031913128.ccm-rxlb-dns.certsbridge.com
  - Error on attempt 1: [Errno 8] nodename nor servname provided, or not known

[2026-06-17 05:12:35] PERMANENTLY FAILED: 3031913128.ccm-rxlb-dns.certsbridge.com
  - Attempts: 1/2
  - Final Error: [Errno 8] nodename nor servname provided, or not known

[2026-06-17 05:12:35] Processing cysfmhajwedbfkn.wucd.com
  - Error on attempt 1: [SSL: TLSV1_UNRECOGNIZED_NAME] tlsv1 unrecognized name (_ssl.c:1006)

[2026-06-17 05:12:35] PERMANENTLY FAILED: cysfmhajwedbfkn.wucd.com
  - Attempts: 1/2
  - Final Error: [SSL: TLSV1_UNRECOGNIZED_NAME] tlsv1 unrecognized name (_ssl.c:1006)

[2026-06-17 05:12:35] Processing admin.cashlesschecking.com
  - Error on attempt 1: [SSL: TLSV1_ALERT_INTERNAL_ERROR] tlsv1 alert internal error (_ssl.c:1006)

[2026-06-17 05:12:35] PERMANENTLY FAILED: admin.cashlesschecking.com
  - Attempts: 1/2
  - Final Error: [SSL: TLSV1_ALERT_INTERNAL_ERROR] tlsv1 alert internal error (_ssl.c:1006)

[2026-06-17 05:12:35] Processing dev.verifiable.now
  - Error on attempt 1: [Errno 8] nodename nor servname provided, or not known

[2026-06-17 05:12:35] PERMANENTLY FAILED: dev.verifiable.now
  - Attempts: 1/2
  - Final Error: [Errno 8] nodename nor servname provided, or not known

[2026-06-17 05:12:35] Processing maisonboulumi.net
  - Error on attempt 1: [Errno 8] nodename nor servname provided, or not known

[2026-06-17 05:12:35] PERMANENTLY FAILED: maisonboulumi.net
  - Attempts: 1/2
  - Final Error: [Errno 8] nodename nor servname provided, or not known

[2026-06-17 05:12:35] Processing analytics-dev.mellicard.com
  - Error on attempt 1: Connection Timed Out

[2026-06-17 05:12:35] PERMANENTLY FAILED: analytics-dev.mellicard.com
  - Attempts: 1/2
  - Final Error: Connection Timed Out

[2026-06-17 05:12:35] Processing beta.dreampatios.com.au
  - Error on attempt 1: [SSL: TLSV1_UNRECOGNIZED_NAME] tlsv1 unrecognized name (_ssl.c:1006)

[2026-06-17 05:12:35] PERMANENTLY FAILED: beta.dreampatios.com.au
  - Attempts: 1/2
  - Final Error: [SSL: TLSV1_UNRECOGNIZED_NAME] tlsv1 unrecognized name (_ssl.c:1006)

[2026-06-17 05:12:36] Processing vpn.mellicard.com
  - Error on attempt 1: Connection Timed Out

[2026-06-17 05:12:36] PERMANENTLY FAILED: vpn.mellicard.com
  - Attempts: 1/2
  - Final Error: Connection Timed Out

[2026-06-17 05:12:36] Processing forum.aarpcreditcards.com
  - Error on attempt 1: Connection Timed Out

[2026-06-17 05:12:36] PERMANENTLY FAILED: forum.aarpcreditcards.com
  - Attempts: 1/2
  - Final Error: Connection Timed Out

[2026-06-17 05:12:36] Processing cloudapp.dapaul.com
  - Error on attempt 1: [Errno 8] nodename nor servname provided, or not known

[2026-06-17 05:12:36] PERMANENTLY FAILED: cloudapp.dapaul.com
  - Attempts: 1/2
  - Final Error: [Errno 8] nodename nor servname provided, or not known

[2026-06-17 05:12:36] Processing cloudvpn.wildones.com
  - Error on attempt 1: Connection Timed Out

[2026-06-17 05:12:36] PERMANENTLY FAILED: cloudvpn.wildones.com
  - Attempts: 1/2
  - Final Error: Connection Timed Out

[2026-06-17 05:12:36] Processing forti.wildones.com
  - Error on attempt 1: Connection Timed Out

[2026-06-17 05:12:36] PERMANENTLY FAILED: forti.wildones.com
  - Attempts: 1/2
  - Final Error: Connection Timed Out

[2026-06-17 05:12:36] Processing relay.daenerys.fr
  - Error on attempt 1: Connection Timed Out

[2026-06-17 05:12:36] PERMANENTLY FAILED: relay.daenerys.fr
  - Attempts: 1/2
  - Final Error: Connection Timed Out

[2026-06-17 05:12:37] Processing dev.jrsaxdpv.49-12-111-90.plesk.page
  - Error on attempt 1: [Errno 61] Connection refused

[2026-06-17 05:12:37] PERMANENTLY FAILED: dev.jrsaxdpv.49-12-111-90.plesk.page
  - Attempts: 1/2
  - Final Error: [Errno 61] Connection refused

[2026-06-17 05:12:37] Processing 602232fef2c806e11ffe07341e2306360acfe.id.ui.direct
  - Error on attempt 1: [Errno 8] nodename nor servname provided, or not known

[2026-06-17 05:12:37] PERMANENTLY FAILED: 602232fef2c806e11ffe07341e2306360acfe.id.ui.direct
  - Attempts: 1/2
  - Final Error: [Errno 8] nodename nor servname provided, or not known

[2026-06-17 05:12:37] Processing i0rzed-pt6u7wd4-nbc093sp8-w5u3qloefa.korealt.link
  - Error on attempt 1: [Errno 8] nodename nor servname provided, or not known

[2026-06-17 05:12:37] PERMANENTLY FAILED: i0rzed-pt6u7wd4-nbc093sp8-w5u3qloefa.korealt.link
  - Attempts: 1/2
  - Final Error: [Errno 8] nodename nor servname provided, or not known

[2026-06-17 05:12:37] Processing pop.fortbraggproperty.com
  - Error on attempt 1: Connection Timed Out

[2026-06-17 05:12:37] PERMANENTLY FAILED: pop.fortbraggproperty.com
  - Attempts: 1/2
  - Final Error: Connection Timed Out

[2026-06-17 05:12:37] Processing sinet5.nanatsumori.net
  - Error on attempt 1: [Errno 8] nodename nor servname provided, or not known

[2026-06-17 05:12:37] PERMANENTLY FAILED: sinet5.nanatsumori.net
  - Attempts: 1/2
  - Final Error: [Errno 8] nodename nor servname provided, or not known

[2026-06-17 05:12:37] Processing www-899952775.eu1.qa.hubspot-at-test.com
  - Error on attempt 1: [SSL: SSLV3_ALERT_HANDSHAKE_FAILURE] ssl/tls alert handshake failure (_ssl.c:1006)

[2026-06-17 05:12:37] PERMANENTLY FAILED: www-899952775.eu1.qa.hubspot-at-test.com
  - Attempts: 1/2
  - Final Error: [SSL: SSLV3_ALERT_HANDSHAKE_FAILURE] ssl/tls alert handshake failure (_ssl.c:1006)

[2026-06-17 05:12:38] Processing rugguard.syrem.io
  - Error on attempt 1: [Errno 8] nodename nor servname provided, or not known

[2026-06-17 05:12:38] Processing elliottlinda.shop
  - Error on attempt 1: [Errno 8] nodename nor servname provided, or not known

[2026-06-17 05:12:38] PERMANENTLY FAILED: rugguard.syrem.io
  - Attempts: 1/2
  - Final Error: [Errno 8] nodename nor servname provided, or not known

[2026-06-17 05:12:38] PERMANENTLY FAILED: elliottlinda.shop
  - Attempts: 1/2
  - Final Error: [Errno 8] nodename nor servname provided, or not known

[2026-06-17 05:12:38] Processing 729190953.workers.dev
  - Error on attempt 1: [Errno 8] nodename nor servname provided, or not known

[2026-06-17 05:12:38] Processing mysalvumpro.com
  - Error on attempt 1: [Errno 8] nodename nor servname provided, or not known

[2026-06-17 05:12:38] PERMANENTLY FAILED: 729190953.workers.dev
  - Attempts: 1/2
  - Final Error: [Errno 8] nodename nor servname provided, or not known

[2026-06-17 05:12:38] PERMANENTLY FAILED: mysalvumpro.com
  - Attempts: 1/2
  - Final Error: [Errno 8] nodename nor servname provided, or not known

[2026-06-17 05:12:38] Processing laughinghorses.com
  - Error on attempt 1: Connection Timed Out

[2026-06-17 05:12:38] PERMANENTLY FAILED: laughinghorses.com
  - Attempts: 1/2
  - Final Error: Connection Timed Out

[2026-06-17 05:12:38] Processing ciscovpn.mouse.de
  - Error on attempt 1: Connection Timed Out

[2026-06-17 05:12:38] PERMANENTLY FAILED: ciscovpn.mouse.de
  - Attempts: 1/2
  - Final Error: Connection Timed Out

[2026-06-17 05:12:38] Processing auth.tryghansa.se
  - Error on attempt 1: [SSL: UNEXPECTED_EOF_WHILE_READING] EOF occurred in violation of protocol (_ssl.c:1006)

[2026-06-17 05:12:38] PERMANENTLY FAILED: auth.tryghansa.se
  - Attempts: 1/2
  - Final Error: [SSL: UNEXPECTED_EOF_WHILE_READING] EOF occurred in violation of protocol (_ssl.c:1006)

[2026-06-17 05:12:38] Processing hoard.pozol.xyz
  - Error on attempt 1: [Errno 8] nodename nor servname provided, or not known

[2026-06-17 05:12:38] PERMANENTLY FAILED: hoard.pozol.xyz
  - Attempts: 1/2
  - Final Error: [Errno 8] nodename nor servname provided, or not known

[2026-06-17 05:12:38] Processing test.verifiable.now
  - Error on attempt 1: [Errno 8] nodename nor servname provided, or not known

[2026-06-17 05:12:38] PERMANENTLY FAILED: test.verifiable.now
  - Attempts: 1/2
  - Final Error: [Errno 8] nodename nor servname provided, or not known

[2026-06-17 05:12:38] Processing reginovivia.shop
  - Error on attempt 1: [Errno 8] nodename nor servname provided, or not known

[2026-06-17 05:12:38] PERMANENTLY FAILED: reginovivia.shop
  - Attempts: 1/2
  - Final Error: [Errno 8] nodename nor servname provided, or not known

[2026-06-17 05:12:38] Processing webmail.mindpicture.com
  - Error on attempt 1: [SSL: TLSV1_UNRECOGNIZED_NAME] tlsv1 unrecognized name (_ssl.c:1006)

[2026-06-17 05:12:38] PERMANENTLY FAILED: webmail.mindpicture.com
  - Attempts: 1/2
  - Final Error: [SSL: TLSV1_UNRECOGNIZED_NAME] tlsv1 unrecognized name (_ssl.c:1006)

[2026-06-17 05:12:38] Processing prototypenotebook.com
  - Error on attempt 1: [SSL: SSLV3_ALERT_HANDSHAKE_FAILURE] ssl/tls alert handshake failure (_ssl.c:1006)

[2026-06-17 05:12:38] PERMANENTLY FAILED: prototypenotebook.com
  - Attempts: 1/2
  - Final Error: [SSL: SSLV3_ALERT_HANDSHAKE_FAILURE] ssl/tls alert handshake failure (_ssl.c:1006)

[2026-06-17 05:12:38] Processing kqvxawpj.akwam.im
  - Error on attempt 1: [Errno 8] nodename nor servname provided, or not known

[2026-06-17 05:12:38] PERMANENTLY FAILED: kqvxawpj.akwam.im
  - Attempts: 1/2
  - Final Error: [Errno 8] nodename nor servname provided, or not known

[2026-06-17 05:12:39] Processing sakim.iphone.at
  - Error on attempt 1: Connection Timed Out

[2026-06-17 05:12:39] PERMANENTLY FAILED: sakim.iphone.at
  - Attempts: 1/2
  - Final Error: Connection Timed Out

[2026-06-17 05:12:39] Processing api.app.embaixopg.net
  - Error on attempt 1: Connection Timed Out

[2026-06-17 05:12:39] PERMANENTLY FAILED: api.app.embaixopg.net
  - Attempts: 1/2
  - Final Error: Connection Timed Out

[2026-06-17 05:12:39] Processing api.jrhz2.51.222.141.36.sslip.io
  - Error on attempt 1: [SSL: TLSV1_ALERT_INTERNAL_ERROR] tlsv1 alert internal error (_ssl.c:1006)

[2026-06-17 05:12:39] PERMANENTLY FAILED: api.jrhz2.51.222.141.36.sslip.io
  - Attempts: 1/2
  - Final Error: [SSL: TLSV1_ALERT_INTERNAL_ERROR] tlsv1 alert internal error (_ssl.c:1006)

[2026-06-17 05:12:39] Processing fr.fgnbln8.cfd
  - Error on attempt 1: [Errno 8] nodename nor servname provided, or not known

[2026-06-17 05:12:39] PERMANENTLY FAILED: fr.fgnbln8.cfd
  - Attempts: 1/2
  - Final Error: [Errno 8] nodename nor servname provided, or not known

[2026-06-17 05:12:39] Processing cisco.rostschutzmittel.de
  - Error on attempt 1: Connection Timed Out

[2026-06-17 05:12:39] PERMANENTLY FAILED: cisco.rostschutzmittel.de
  - Attempts: 1/2
  - Final Error: Connection Timed Out

[2026-06-17 05:12:39] Processing wangshijkl.fnos.net
  - Error on attempt 1: [SSL: UNEXPECTED_EOF_WHILE_READING] EOF occurred in violation of protocol (_ssl.c:1006)

[2026-06-17 05:12:39] PERMANENTLY FAILED: wangshijkl.fnos.net
  - Attempts: 1/2
  - Final Error: [SSL: UNEXPECTED_EOF_WHILE_READING] EOF occurred in violation of protocol (_ssl.c:1006)

[2026-06-17 05:12:39] Processing ytxf888.fnos.net
  - Error on attempt 1: [SSL: UNEXPECTED_EOF_WHILE_READING] EOF occurred in violation of protocol (_ssl.c:1006)

[2026-06-17 05:12:39] PERMANENTLY FAILED: ytxf888.fnos.net
  - Attempts: 1/2
  - Final Error: [SSL: UNEXPECTED_EOF_WHILE_READING] EOF occurred in violation of protocol (_ssl.c:1006)

[2026-06-17 05:12:39] Processing 3c5si.lax.no
  - Error on attempt 1: Connection Timed Out

[2026-06-17 05:12:39] PERMANENTLY FAILED: 3c5si.lax.no
  - Attempts: 1/2
  - Final Error: Connection Timed Out

[2026-06-17 05:12:39] Processing globalprotect.moveat.com
  - Error on attempt 1: [SSL: TLSV1_UNRECOGNIZED_NAME] tlsv1 unrecognized name (_ssl.c:1006)

[2026-06-17 05:12:39] PERMANENTLY FAILED: globalprotect.moveat.com
  - Attempts: 1/2
  - Final Error: [SSL: TLSV1_UNRECOGNIZED_NAME] tlsv1 unrecognized name (_ssl.c:1006)

[2026-06-17 05:12:39] Processing staging.jrsaxdpv.49-12-111-90.plesk.page
  - Error on attempt 1: [Errno 61] Connection refused

[2026-06-17 05:12:39] PERMANENTLY FAILED: staging.jrsaxdpv.49-12-111-90.plesk.page
  - Attempts: 1/2
  - Final Error: [Errno 61] Connection refused

[2026-06-17 05:12:39] Processing remote2.davkom.com
  - Error on attempt 1: [Errno 8] nodename nor servname provided, or not known

[2026-06-17 05:12:39] PERMANENTLY FAILED: remote2.davkom.com
  - Attempts: 1/2
  - Final Error: [Errno 8] nodename nor servname provided, or not known

[2026-06-17 05:12:39] Processing wo-w9b3200seses0ftzialtyt49n.w.modal.host
  - Error on attempt 1: [Errno 8] nodename nor servname provided, or not known

[2026-06-17 05:12:39] PERMANENTLY FAILED: wo-w9b3200seses0ftzialtyt49n.w.modal.host
  - Attempts: 1/2
  - Final Error: [Errno 8] nodename nor servname provided, or not known

[2026-06-17 05:12:40] Processing device-f81ab156-bc93-4016-8170-ef0469f24639.remotewd.com
  - Error on attempt 1: Connection Timed Out

[2026-06-17 05:12:40] PERMANENTLY FAILED: device-f81ab156-bc93-4016-8170-ef0469f24639.remotewd.com
  - Attempts: 1/2
  - Final Error: Connection Timed Out

[2026-06-17 05:12:40] Processing logon.vrii.com
  - Error on attempt 1: [SSL: TLSV1_UNRECOGNIZED_NAME] tlsv1 unrecognized name (_ssl.c:1006)

[2026-06-17 05:12:40] PERMANENTLY FAILED: logon.vrii.com
  - Attempts: 1/2
  - Final Error: [SSL: TLSV1_UNRECOGNIZED_NAME] tlsv1 unrecognized name (_ssl.c:1006)

[2026-06-17 05:12:40] Processing vd.tryghansa.se
  - Error on attempt 1: [SSL: UNEXPECTED_EOF_WHILE_READING] EOF occurred in violation of protocol (_ssl.c:1006)

[2026-06-17 05:12:40] PERMANENTLY FAILED: vd.tryghansa.se
  - Attempts: 1/2
  - Final Error: [SSL: UNEXPECTED_EOF_WHILE_READING] EOF occurred in violation of protocol (_ssl.c:1006)

[2026-06-17 05:12:40] Processing wap.televisionenterprise.com
  - Error on attempt 1: Connection Timed Out

[2026-06-17 05:12:40] PERMANENTLY FAILED: wap.televisionenterprise.com
  - Attempts: 1/2
  - Final Error: Connection Timed Out

[2026-06-17 05:12:40] Processing dma.segelferien.com
  - Error on attempt 1: [Errno 8] nodename nor servname provided, or not known

[2026-06-17 05:12:40] PERMANENTLY FAILED: dma.segelferien.com
  - Attempts: 1/2
  - Final Error: [Errno 8] nodename nor servname provided, or not known

[2026-06-17 05:12:40] Processing projectdifwrld.store
  - Error on attempt 1: [Errno 8] nodename nor servname provided, or not known

[2026-06-17 05:12:40] PERMANENTLY FAILED: projectdifwrld.store
  - Attempts: 1/2
  - Final Error: [Errno 8] nodename nor servname provided, or not known

[2026-06-17 05:12:40] Processing mindwaves-research.com
  - Error on attempt 1: [SSL: SSLV3_ALERT_HANDSHAKE_FAILURE] ssl/tls alert handshake failure (_ssl.c:1006)

[2026-06-17 05:12:40] PERMANENTLY FAILED: mindwaves-research.com
  - Attempts: 1/2
  - Final Error: [SSL: SSLV3_ALERT_HANDSHAKE_FAILURE] ssl/tls alert handshake failure (_ssl.c:1006)

[2026-06-17 05:12:40] Processing supremeautospa.org
  - Error on attempt 1: [Errno 8] nodename nor servname provided, or not known

[2026-06-17 05:12:40] PERMANENTLY FAILED: supremeautospa.org
  - Attempts: 1/2
  - Final Error: [Errno 8] nodename nor servname provided, or not known

[2026-06-17 05:12:40] Processing main.tianchenent-cn.com
  - Error on attempt 1: [Errno 8] nodename nor servname provided, or not known

[2026-06-17 05:12:40] PERMANENTLY FAILED: main.tianchenent-cn.com
  - Attempts: 1/2
  - Final Error: [Errno 8] nodename nor servname provided, or not known

[2026-06-17 05:12:40] Processing sorsaio.com
  - Error on attempt 1: [Errno 8] nodename nor servname provided, or not known

[2026-06-17 05:12:40] PERMANENTLY FAILED: sorsaio.com
  - Attempts: 1/2
  - Final Error: [Errno 8] nodename nor servname provided, or not known

[2026-06-17 05:12:40] Processing 1767886661548666056-1rjrhavjw5jsc.dns-01.production.haplorrhini.com
  - Error on attempt 1: [Errno 8] nodename nor servname provided, or not known

[2026-06-17 05:12:40] PERMANENTLY FAILED: 1767886661548666056-1rjrhavjw5jsc.dns-01.production.haplorrhini.com
  - Attempts: 1/2
  - Final Error: [Errno 8] nodename nor servname provided, or not known

[2026-06-17 05:12:40] Processing nashtk.synology.me
  - Error on attempt 1: Connection Timed Out

[2026-06-17 05:12:40] PERMANENTLY FAILED: nashtk.synology.me
  - Attempts: 1/2
  - Final Error: Connection Timed Out

[2026-06-17 05:12:40] Processing web17.funmassage.com
  - Error on attempt 1: [SSL: TLSV1_UNRECOGNIZED_NAME] tlsv1 unrecognized name (_ssl.c:1006)

[2026-06-17 05:12:40] PERMANENTLY FAILED: web17.funmassage.com
  - Attempts: 1/2
  - Final Error: [SSL: TLSV1_UNRECOGNIZED_NAME] tlsv1 unrecognized name (_ssl.c:1006)

[2026-06-17 05:12:40] Processing julwork.ahcoolthanks.com
  - Error on attempt 1: [Errno 8] nodename nor servname provided, or not known

[2026-06-17 05:12:40] PERMANENTLY FAILED: julwork.ahcoolthanks.com
  - Attempts: 1/2
  - Final Error: [Errno 8] nodename nor servname provided, or not known

[2026-06-17 05:12:40] Processing iqho.wucd.com
  - Error on attempt 1: [SSL: TLSV1_UNRECOGNIZED_NAME] tlsv1 unrecognized name (_ssl.c:1006)

[2026-06-17 05:12:40] PERMANENTLY FAILED: iqho.wucd.com
  - Attempts: 1/2
  - Final Error: [SSL: TLSV1_UNRECOGNIZED_NAME] tlsv1 unrecognized name (_ssl.c:1006)

[2026-06-17 05:12:40] Processing temp.php-fusion.com
  - Error on attempt 1: [SSL: TLSV1_UNRECOGNIZED_NAME] tlsv1 unrecognized name (_ssl.c:1006)

[2026-06-17 05:12:40] PERMANENTLY FAILED: temp.php-fusion.com
  - Attempts: 1/2
  - Final Error: [SSL: TLSV1_UNRECOGNIZED_NAME] tlsv1 unrecognized name (_ssl.c:1006)

[2026-06-17 05:12:40] Processing lyj.lat
  - Error on attempt 1: [Errno 8] nodename nor servname provided, or not known

[2026-06-17 05:12:40] PERMANENTLY FAILED: lyj.lat
  - Attempts: 1/2
  - Final Error: [Errno 8] nodename nor servname provided, or not known

[2026-06-17 05:12:40] Processing api.tischlerei-lehmann.de
  - Error on attempt 1: Connection Timed Out

[2026-06-17 05:12:40] PERMANENTLY FAILED: api.tischlerei-lehmann.de
  - Attempts: 1/2
  - Final Error: Connection Timed Out

[2026-06-17 05:12:40] Processing engineeringlibrary.site
  - Error on attempt 1: [Errno 8] nodename nor servname provided, or not known

[2026-06-17 05:12:40] PERMANENTLY FAILED: engineeringlibrary.site
  - Attempts: 1/2
  - Final Error: [Errno 8] nodename nor servname provided, or not known

[2026-06-17 05:12:40] Processing admin.lilandcloe.h6.re
  - Error on attempt 1: [Errno 8] nodename nor servname provided, or not known

[2026-06-17 05:12:40] PERMANENTLY FAILED: admin.lilandcloe.h6.re
  - Attempts: 1/2
  - Final Error: [Errno 8] nodename nor servname provided, or not known

[2026-06-17 05:12:40] Processing devmyft4.arsia.xyz
  - Error on attempt 1: [Errno 8] nodename nor servname provided, or not known

[2026-06-17 05:12:40] PERMANENTLY FAILED: devmyft4.arsia.xyz
  - Attempts: 1/2
  - Final Error: [Errno 8] nodename nor servname provided, or not known

[2026-06-17 05:12:41] Processing cloud.advertirish.com
  - Error on attempt 1: Connection Timed Out

[2026-06-17 05:12:41] PERMANENTLY FAILED: cloud.advertirish.com
  - Attempts: 1/2
  - Final Error: Connection Timed Out

[2026-06-17 05:12:41] Processing test.app.www.adfasdfsd.truffled.lol
  - Error on attempt 1: [SSL: TLSV1_ALERT_INTERNAL_ERROR] tlsv1 alert internal error (_ssl.c:1006)

[2026-06-17 05:12:41] PERMANENTLY FAILED: test.app.www.adfasdfsd.truffled.lol
  - Attempts: 1/2
  - Final Error: [SSL: TLSV1_ALERT_INTERNAL_ERROR] tlsv1 alert internal error (_ssl.c:1006)

[2026-06-17 05:12:41] Processing doubledownonline.com
  - Error on attempt 1: [Errno 8] nodename nor servname provided, or not known

[2026-06-17 05:12:41] PERMANENTLY FAILED: doubledownonline.com
  - Attempts: 1/2
  - Final Error: [Errno 8] nodename nor servname provided, or not known

[2026-06-17 05:12:41] Processing homologacompraagil.sistemasgrupoexito.com.br
  - Error on attempt 1: [Errno 8] nodename nor servname provided, or not known

[2026-06-17 05:12:41] PERMANENTLY FAILED: homologacompraagil.sistemasgrupoexito.com.br
  - Attempts: 1/2
  - Final Error: [Errno 8] nodename nor servname provided, or not known

[2026-06-17 05:12:41] Processing e4f966e8.sni.cloudflaressl.com
  - Error on attempt 1: [SSL: SSLV3_ALERT_HANDSHAKE_FAILURE] ssl/tls alert handshake failure (_ssl.c:1006)

[2026-06-17 05:12:41] PERMANENTLY FAILED: e4f966e8.sni.cloudflaressl.com
  - Attempts: 1/2
  - Final Error: [SSL: SSLV3_ALERT_HANDSHAKE_FAILURE] ssl/tls alert handshake failure (_ssl.c:1006)

[2026-06-17 05:12:41] Processing agent.smartphonegewinnen.de
  - Error on attempt 1: Connection Timed Out

[2026-06-17 05:12:41] PERMANENTLY FAILED: agent.smartphonegewinnen.de
  - Attempts: 1/2
  - Final Error: Connection Timed Out

[2026-06-17 05:12:41] Processing old.veritasesco.hr
  - Error on attempt 1: [Errno 8] nodename nor servname provided, or not known

[2026-06-17 05:12:41] PERMANENTLY FAILED: old.veritasesco.hr
  - Attempts: 1/2
  - Final Error: [Errno 8] nodename nor servname provided, or not known

[2026-06-17 05:12:41] Processing southcarolinatutors.com
  - Error on attempt 1: [Errno 61] Connection refused

[2026-06-17 05:12:41] PERMANENTLY FAILED: southcarolinatutors.com
  - Attempts: 1/2
  - Final Error: [Errno 61] Connection refused

[2026-06-17 05:12:41] Processing beocombeocin021.direct.quickconnect.to
  - Error on attempt 1: Connection Timed Out

[2026-06-17 05:12:41] PERMANENTLY FAILED: beocombeocin021.direct.quickconnect.to
  - Attempts: 1/2
  - Final Error: Connection Timed Out

[2026-06-17 05:12:42] Processing admin.libcom-dynamic-dialup.noondaycollection.com
  - Error on attempt 1: [Errno 61] Connection refused

[2026-06-17 05:12:42] PERMANENTLY FAILED: admin.libcom-dynamic-dialup.noondaycollection.com
  - Attempts: 1/2
  - Final Error: [Errno 61] Connection refused

[2026-06-17 05:12:42] Processing back.devapp4.arsia.xyz
  - Error on attempt 1: [Errno 8] nodename nor servname provided, or not known

[2026-06-17 05:12:42] PERMANENTLY FAILED: back.devapp4.arsia.xyz
  - Attempts: 1/2
  - Final Error: [Errno 8] nodename nor servname provided, or not known

[2026-06-17 05:12:42] Processing fortivpn.wildones.com
  - Error on attempt 1: Connection Timed Out

[2026-06-17 05:12:42] PERMANENTLY FAILED: fortivpn.wildones.com
  - Attempts: 1/2
  - Final Error: Connection Timed Out

[2026-06-17 05:12:42] Processing inter81.keenetic.link
  - Error on attempt 1: Connection Timed Out

[2026-06-17 05:12:42] PERMANENTLY FAILED: inter81.keenetic.link
  - Attempts: 1/2
  - Final Error: Connection Timed Out

[2026-06-17 05:12:42] Processing grandknifeadventure.com
  - Error on attempt 1: [SSL: TLSV1_ALERT_INTERNAL_ERROR] tlsv1 alert internal error (_ssl.c:1006)

[2026-06-17 05:12:42] PERMANENTLY FAILED: grandknifeadventure.com
  - Attempts: 1/2
  - Final Error: [SSL: TLSV1_ALERT_INTERNAL_ERROR] tlsv1 alert internal error (_ssl.c:1006)

[2026-06-17 05:12:42] Processing cabinet.fortbraggproperty.com
  - Error on attempt 1: Connection Timed Out

[2026-06-17 05:12:42] PERMANENTLY FAILED: cabinet.fortbraggproperty.com
  - Attempts: 1/2
  - Final Error: Connection Timed Out

[2026-06-17 05:12:42] Processing thomasponcet-internal-rustici.dev-eu.360l.io
  - Error on attempt 1: [Errno 8] nodename nor servname provided, or not known

[2026-06-17 05:12:42] PERMANENTLY FAILED: thomasponcet-internal-rustici.dev-eu.360l.io
  - Attempts: 1/2
  - Final Error: [Errno 8] nodename nor servname provided, or not known

[2026-06-17 05:12:42] Processing ksle.vrii.com
  - Error on attempt 1: [SSL: TLSV1_UNRECOGNIZED_NAME] tlsv1 unrecognized name (_ssl.c:1006)

[2026-06-17 05:12:42] PERMANENTLY FAILED: ksle.vrii.com
  - Attempts: 1/2
  - Final Error: [SSL: TLSV1_UNRECOGNIZED_NAME] tlsv1 unrecognized name (_ssl.c:1006)

[2026-06-17 05:12:42] Processing m.mellicard.com
  - Error on attempt 1: Connection Timed Out

[2026-06-17 05:12:42] PERMANENTLY FAILED: m.mellicard.com
  - Attempts: 1/2
  - Final Error: Connection Timed Out

[2026-06-17 05:12:42] Processing ec98bb1016929c9e9c1b56d0.keenetic.io
  - Error on attempt 1: [Errno 8] nodename nor servname provided, or not known

[2026-06-17 05:12:42] PERMANENTLY FAILED: ec98bb1016929c9e9c1b56d0.keenetic.io
  - Attempts: 1/2
  - Final Error: [Errno 8] nodename nor servname provided, or not known

[2026-06-17 05:12:43] Processing mundialrepuestoscol.com
  - Error on attempt 1: [Errno 8] nodename nor servname provided, or not known

[2026-06-17 05:12:43] PERMANENTLY FAILED: mundialrepuestoscol.com
  - Attempts: 1/2
  - Final Error: [Errno 8] nodename nor servname provided, or not known

[2026-06-17 05:12:43] Processing back.devmyft4.arsia.xyz
  - Error on attempt 1: [Errno 8] nodename nor servname provided, or not known

[2026-06-17 05:12:43] PERMANENTLY FAILED: back.devmyft4.arsia.xyz
  - Attempts: 1/2
  - Final Error: [Errno 8] nodename nor servname provided, or not known

[2026-06-17 05:12:43] Processing smail.musina.it
  - Error on attempt 1: Connection Timed Out

[2026-06-17 05:12:43] PERMANENTLY FAILED: smail.musina.it
  - Attempts: 1/2
  - Final Error: Connection Timed Out

[2026-06-17 05:12:43] Processing relay.vrii.com
  - Error on attempt 1: [SSL: TLSV1_UNRECOGNIZED_NAME] tlsv1 unrecognized name (_ssl.c:1006)

[2026-06-17 05:12:43] PERMANENTLY FAILED: relay.vrii.com
  - Attempts: 1/2
  - Final Error: [SSL: TLSV1_UNRECOGNIZED_NAME] tlsv1 unrecognized name (_ssl.c:1006)

[2026-06-17 05:12:43] Processing abantae.com
  - Error on attempt 1: Connection Timed Out

[2026-06-17 05:12:43] PERMANENTLY FAILED: abantae.com
  - Attempts: 1/2
  - Final Error: Connection Timed Out

[2026-06-17 05:12:43] Processing presspeel.com
  - Error on attempt 1: [SSL: SSLV3_ALERT_HANDSHAKE_FAILURE] ssl/tls alert handshake failure (_ssl.c:1006)

[2026-06-17 05:12:43] PERMANENTLY FAILED: presspeel.com
  - Attempts: 1/2
  - Final Error: [SSL: SSLV3_ALERT_HANDSHAKE_FAILURE] ssl/tls alert handshake failure (_ssl.c:1006)

[2026-06-17 05:12:43] Processing happydanielbird.workers.dev
  - Error on attempt 1: [Errno 8] nodename nor servname provided, or not known

[2026-06-17 05:12:43] PERMANENTLY FAILED: happydanielbird.workers.dev
  - Attempts: 1/2
  - Final Error: [Errno 8] nodename nor servname provided, or not known

[2026-06-17 05:12:43] Processing lgbii.vip
  - Error on attempt 1: [Errno 8] nodename nor servname provided, or not known

[2026-06-17 05:12:43] PERMANENTLY FAILED: lgbii.vip
  - Attempts: 1/2
  - Final Error: [Errno 8] nodename nor servname provided, or not known

[2026-06-17 05:12:43] Processing e327015a.sni.cloudflaressl.com
  - Error on attempt 1: [SSL: SSLV3_ALERT_HANDSHAKE_FAILURE] ssl/tls alert handshake failure (_ssl.c:1006)

[2026-06-17 05:12:43] PERMANENTLY FAILED: e327015a.sni.cloudflaressl.com
  - Attempts: 1/2
  - Final Error: [SSL: SSLV3_ALERT_HANDSHAKE_FAILURE] ssl/tls alert handshake failure (_ssl.c:1006)

[2026-06-17 05:12:44] Processing meiguwu.cn
  - Error on attempt 1: [Errno 8] nodename nor servname provided, or not known

[2026-06-17 05:12:44] PERMANENTLY FAILED: meiguwu.cn
  - Attempts: 1/2
  - Final Error: [Errno 8] nodename nor servname provided, or not known

[2026-06-17 05:12:44] Processing taxpay.cn
  - Error on attempt 1: [Errno 8] nodename nor servname provided, or not known

[2026-06-17 05:12:44] PERMANENTLY FAILED: taxpay.cn
  - Attempts: 1/2
  - Final Error: [Errno 8] nodename nor servname provided, or not known

[2026-06-17 05:12:44] Processing tel.esound.de
  - Error on attempt 1: Connection Timed Out

[2026-06-17 05:12:44] PERMANENTLY FAILED: tel.esound.de
  - Attempts: 1/2
  - Final Error: Connection Timed Out

[2026-06-17 05:12:44] Processing vid-6.freepornogallery.com
  - Error on attempt 1: [Errno 8] nodename nor servname provided, or not known

[2026-06-17 05:12:44] PERMANENTLY FAILED: vid-6.freepornogallery.com
  - Attempts: 1/2
  - Final Error: [Errno 8] nodename nor servname provided, or not known

[2026-06-17 05:12:44] Processing tm-alertmanager.reconciler-56.dh-production.tmachine.io
  - Error on attempt 1: [Errno 8] nodename nor servname provided, or not known

[2026-06-17 05:12:44] PERMANENTLY FAILED: tm-alertmanager.reconciler-56.dh-production.tmachine.io
  - Attempts: 1/2
  - Final Error: [Errno 8] nodename nor servname provided, or not known

[2026-06-17 05:12:44] Processing admin.jrsaxdpv.49-12-111-90.plesk.page
  - Error on attempt 1: [Errno 61] Connection refused

[2026-06-17 05:12:44] PERMANENTLY FAILED: admin.jrsaxdpv.49-12-111-90.plesk.page
  - Attempts: 1/2
  - Final Error: [Errno 61] Connection refused

[2026-06-17 05:12:44] Processing fullcircletolove.site
  - Error on attempt 1: [Errno 61] Connection refused

[2026-06-17 05:12:44] PERMANENTLY FAILED: fullcircletolove.site
  - Attempts: 1/2
  - Final Error: [Errno 61] Connection refused

[2026-06-17 05:12:44] Processing test.learnenglishkids.org
  - Error on attempt 1: Connection Timed Out

[2026-06-17 05:12:44] PERMANENTLY FAILED: test.learnenglishkids.org
  - Attempts: 1/2
  - Final Error: Connection Timed Out

[2026-06-17 05:12:44] Processing shop.selectewireless.com
  - Error on attempt 1: [Errno 8] nodename nor servname provided, or not known

[2026-06-17 05:12:44] PERMANENTLY FAILED: shop.selectewireless.com
  - Attempts: 1/2
  - Final Error: [Errno 8] nodename nor servname provided, or not known

[2026-06-17 05:12:44] Processing janhavijain.com
  - Error on attempt 1: Connection Timed Out

[2026-06-17 05:12:44] PERMANENTLY FAILED: janhavijain.com
  - Attempts: 1/2
  - Final Error: Connection Timed Out

[2026-06-17 05:12:45] Processing cveeb.vip
  - Error on attempt 1: Connection Timed Out

[2026-06-17 05:12:45] PERMANENTLY FAILED: cveeb.vip
  - Attempts: 1/2
  - Final Error: Connection Timed Out

[2026-06-17 05:12:45] Processing ce.yourbookpromoter.com
  - Error on attempt 1: [Errno 8] nodename nor servname provided, or not known

[2026-06-17 05:12:45] PERMANENTLY FAILED: ce.yourbookpromoter.com
  - Attempts: 1/2
  - Final Error: [Errno 8] nodename nor servname provided, or not known

[2026-06-17 05:12:45] Processing uat.borntraeger.com
  - Error on attempt 1: Connection Timed Out

[2026-06-17 05:12:45] PERMANENTLY FAILED: uat.borntraeger.com
  - Attempts: 1/2
  - Final Error: Connection Timed Out

[2026-06-17 05:12:45] Processing motorcityelectricco.net
  - Error on attempt 1: [Errno 61] Connection refused

[2026-06-17 05:12:45] PERMANENTLY FAILED: motorcityelectricco.net
  - Attempts: 1/2
  - Final Error: [Errno 61] Connection refused

[2026-06-17 05:12:45] Processing rclqas1-dhl.innovationcast.net
  - Error on attempt 1: [Errno 8] nodename nor servname provided, or not known

[2026-06-17 05:12:45] PERMANENTLY FAILED: rclqas1-dhl.innovationcast.net
  - Attempts: 1/2
  - Final Error: [Errno 8] nodename nor servname provided, or not known

[2026-06-17 05:12:45] Processing gygceoffice.upload.cash
  - Error on attempt 1: Connection Timed Out

[2026-06-17 05:12:45] PERMANENTLY FAILED: gygceoffice.upload.cash
  - Attempts: 1/2
  - Final Error: Connection Timed Out

[2026-06-17 05:12:45] Processing help.likh.com
  - Error on attempt 1: [SSL: TLSV1_UNRECOGNIZED_NAME] tlsv1 unrecognized name (_ssl.c:1006)

[2026-06-17 05:12:45] PERMANENTLY FAILED: help.likh.com
  - Attempts: 1/2
  - Final Error: [SSL: TLSV1_UNRECOGNIZED_NAME] tlsv1 unrecognized name (_ssl.c:1006)

[2026-06-17 05:12:45] Processing start.sunstill.com
  - Error on attempt 1: [Errno 8] nodename nor servname provided, or not known

[2026-06-17 05:12:45] PERMANENTLY FAILED: start.sunstill.com
  - Attempts: 1/2
  - Final Error: [Errno 8] nodename nor servname provided, or not known

[2026-06-17 05:12:45] Processing 8rii.brevi.com
  - Error on attempt 1: Connection Timed Out

[2026-06-17 05:12:45] PERMANENTLY FAILED: 8rii.brevi.com
  - Attempts: 1/2
  - Final Error: Connection Timed Out

[2026-06-17 05:12:45] Processing device-76621fe1-5a0e-45c6-9768-0c6b394957b8.remotewd.com
  - Error on attempt 1: Connection Timed Out

[2026-06-17 05:12:45] PERMANENTLY FAILED: device-76621fe1-5a0e-45c6-9768-0c6b394957b8.remotewd.com
  - Attempts: 1/2
  - Final Error: Connection Timed Out

[2026-06-17 05:12:45] Processing WKSP0014D33A.us.ups.com
  - Error on attempt 1: [Errno 8] nodename nor servname provided, or not known

[2026-06-17 05:12:45] PERMANENTLY FAILED: WKSP0014D33A.us.ups.com
  - Attempts: 1/2
  - Final Error: [Errno 8] nodename nor servname provided, or not known

[2026-06-17 05:12:45] Processing tengo.jaj.no
  - Error on attempt 1: Connection Timed Out

[2026-06-17 05:12:45] PERMANENTLY FAILED: tengo.jaj.no
  - Attempts: 1/2
  - Final Error: Connection Timed Out

[2026-06-17 05:12:45] Processing minecraaft.mx
  - Error on attempt 1: [Errno 8] nodename nor servname provided, or not known

[2026-06-17 05:12:45] PERMANENTLY FAILED: minecraaft.mx
  - Attempts: 1/2
  - Final Error: [Errno 8] nodename nor servname provided, or not known

[2026-06-17 05:12:46] Processing thomasobrien.me
  - Error on attempt 1: Connection Timed Out

[2026-06-17 05:12:46] PERMANENTLY FAILED: thomasobrien.me
  - Attempts: 1/2
  - Final Error: Connection Timed Out

[2026-06-17 05:12:46] Processing api.nutrin.app
  - Error on attempt 1: [Errno 8] nodename nor servname provided, or not known

[2026-06-17 05:12:46] PERMANENTLY FAILED: api.nutrin.app
  - Attempts: 1/2
  - Final Error: [Errno 8] nodename nor servname provided, or not known

[2026-06-17 05:12:46] Processing webmail.destrucciondedocumentacion.eu
  - Error on attempt 1: Connection Timed Out

[2026-06-17 05:12:46] PERMANENTLY FAILED: webmail.destrucciondedocumentacion.eu
  - Attempts: 1/2
  - Final Error: Connection Timed Out

[2026-06-17 05:12:46] Processing test.app.wwwwww.www.234cde3d.nip.io
  - Error on attempt 1: Connection Timed Out

[2026-06-17 05:12:46] PERMANENTLY FAILED: test.app.wwwwww.www.234cde3d.nip.io
  - Attempts: 1/2
  - Final Error: Connection Timed Out

[2026-06-17 05:12:46] Processing azofn.likh.com
  - Error on attempt 1: [SSL: TLSV1_UNRECOGNIZED_NAME] tlsv1 unrecognized name (_ssl.c:1006)

[2026-06-17 05:12:46] PERMANENTLY FAILED: azofn.likh.com
  - Attempts: 1/2
  - Final Error: [SSL: TLSV1_UNRECOGNIZED_NAME] tlsv1 unrecognized name (_ssl.c:1006)

[2026-06-17 05:12:46] Processing mp.carbonforumasia.com
  - Error on attempt 1: Connection Timed Out

[2026-06-17 05:12:46] PERMANENTLY FAILED: mp.carbonforumasia.com
  - Attempts: 1/2
  - Final Error: Connection Timed Out

[2026-06-17 05:12:46] Processing v1.akwam.im
  - Error on attempt 1: [Errno 8] nodename nor servname provided, or not known

[2026-06-17 05:12:46] PERMANENTLY FAILED: v1.akwam.im
  - Attempts: 1/2
  - Final Error: [Errno 8] nodename nor servname provided, or not known

[2026-06-17 05:12:46] Processing zillplus.com
  - Error on attempt 1: Connection Timed Out

[2026-06-17 05:12:46] PERMANENTLY FAILED: zillplus.com
  - Attempts: 1/2
  - Final Error: Connection Timed Out

[2026-06-17 05:12:46] Processing hault.r61c1r-infra-114468-cluster.dh-production.tmachine.io
  - Error on attempt 1: [Errno 8] nodename nor servname provided, or not known

[2026-06-17 05:12:46] PERMANENTLY FAILED: hault.r61c1r-infra-114468-cluster.dh-production.tmachine.io
  - Attempts: 1/2
  - Final Error: [Errno 8] nodename nor servname provided, or not known

[2026-06-17 05:12:47] Processing citrix.likh.com
  - Error on attempt 1: [SSL: TLSV1_UNRECOGNIZED_NAME] tlsv1 unrecognized name (_ssl.c:1006)

[2026-06-17 05:12:47] PERMANENTLY FAILED: citrix.likh.com
  - Attempts: 1/2
  - Final Error: [SSL: TLSV1_UNRECOGNIZED_NAME] tlsv1 unrecognized name (_ssl.c:1006)

[2026-06-17 05:12:47] Processing wobjgf.mongodb-dev.net
  - Error on attempt 1: [Errno 8] nodename nor servname provided, or not known

[2026-06-17 05:12:47] PERMANENTLY FAILED: wobjgf.mongodb-dev.net
  - Attempts: 1/2
  - Final Error: [Errno 8] nodename nor servname provided, or not known

[2026-06-17 05:12:47] Processing api.app.www.adfasdfsd.truffled.lol
  - Error on attempt 1: [SSL: TLSV1_ALERT_INTERNAL_ERROR] tlsv1 alert internal error (_ssl.c:1006)

[2026-06-17 05:12:47] PERMANENTLY FAILED: api.app.www.adfasdfsd.truffled.lol
  - Attempts: 1/2
  - Final Error: [SSL: TLSV1_ALERT_INTERNAL_ERROR] tlsv1 alert internal error (_ssl.c:1006)

[2026-06-17 05:12:47] Processing izham9217.workers.dev
  - Error on attempt 1: [Errno 8] nodename nor servname provided, or not known

[2026-06-17 05:12:47] PERMANENTLY FAILED: izham9217.workers.dev
  - Attempts: 1/2
  - Final Error: [Errno 8] nodename nor servname provided, or not known

[2026-06-17 05:12:47] Processing dev.libcom-dynamic-dialup.noondaycollection.com
  - Error on attempt 1: [Errno 61] Connection refused

[2026-06-17 05:12:47] PERMANENTLY FAILED: dev.libcom-dynamic-dialup.noondaycollection.com
  - Attempts: 1/2
  - Final Error: [Errno 61] Connection refused

[2026-06-17 05:12:47] Processing 2af9efec6c5f13e5b2adebb4.keenetic.io
  - Error on attempt 1: [Errno 8] nodename nor servname provided, or not known

[2026-06-17 05:12:47] PERMANENTLY FAILED: 2af9efec6c5f13e5b2adebb4.keenetic.io
  - Attempts: 1/2
  - Final Error: [Errno 8] nodename nor servname provided, or not known

[2026-06-17 05:12:47] Processing preview.pr-5495.cerosdev.site
  - Error on attempt 1: [SSL: SSLV3_ALERT_HANDSHAKE_FAILURE] ssl/tls alert handshake failure (_ssl.c:1006)

[2026-06-17 05:12:47] PERMANENTLY FAILED: preview.pr-5495.cerosdev.site
  - Attempts: 1/2
  - Final Error: [SSL: SSLV3_ALERT_HANDSHAKE_FAILURE] ssl/tls alert handshake failure (_ssl.c:1006)

[2026-06-17 05:12:47] Processing mai252622.workers.dev
  - Error on attempt 1: [Errno 8] nodename nor servname provided, or not known

[2026-06-17 05:12:47] PERMANENTLY FAILED: mai252622.workers.dev
  - Attempts: 1/2
  - Final Error: [Errno 8] nodename nor servname provided, or not known

[2026-06-17 05:12:47] Processing ouilvuzve.lkev.com
  - Error on attempt 1: [SSL: TLSV1_UNRECOGNIZED_NAME] tlsv1 unrecognized name (_ssl.c:1006)

[2026-06-17 05:12:47] Processing admin.andrena.viewbook.com
  - Error on attempt 1: [SSL: TLSV1_ALERT_INTERNAL_ERROR] tlsv1 alert internal error (_ssl.c:1006)

[2026-06-17 05:12:47] PERMANENTLY FAILED: admin.andrena.viewbook.com
  - Attempts: 1/2
  - Final Error: [SSL: TLSV1_ALERT_INTERNAL_ERROR] tlsv1 alert internal error (_ssl.c:1006)

[2026-06-17 05:12:47] PERMANENTLY FAILED: ouilvuzve.lkev.com
  - Attempts: 1/2
  - Final Error: [SSL: TLSV1_UNRECOGNIZED_NAME] tlsv1 unrecognized name (_ssl.c:1006)

[2026-06-17 05:12:48] Processing staging-bot.eo2heaven.org
  - Error on attempt 1: Connection Timed Out

[2026-06-17 05:12:48] PERMANENTLY FAILED: staging-bot.eo2heaven.org
  - Attempts: 1/2
  - Final Error: Connection Timed Out

[2026-06-17 05:12:48] Processing 3ebab99d.sni.cloudflaressl.com
  - Error on attempt 1: [SSL: SSLV3_ALERT_HANDSHAKE_FAILURE] ssl/tls alert handshake failure (_ssl.c:1006)

[2026-06-17 05:12:48] PERMANENTLY FAILED: 3ebab99d.sni.cloudflaressl.com
  - Attempts: 1/2
  - Final Error: [SSL: SSLV3_ALERT_HANDSHAKE_FAILURE] ssl/tls alert handshake failure (_ssl.c:1006)

[2026-06-17 05:12:48] Processing 39331.ooo
  - Error on attempt 1: [Errno 8] nodename nor servname provided, or not known

[2026-06-17 05:12:48] PERMANENTLY FAILED: 39331.ooo
  - Attempts: 1/2
  - Final Error: [Errno 8] nodename nor servname provided, or not known

[2026-06-17 05:12:48] Processing 7163972b1b0a59f38f2545fd.keenetic.io
  - Error on attempt 1: [Errno 8] nodename nor servname provided, or not known

[2026-06-17 05:12:48] PERMANENTLY FAILED: 7163972b1b0a59f38f2545fd.keenetic.io
  - Attempts: 1/2
  - Final Error: [Errno 8] nodename nor servname provided, or not known

[2026-06-17 05:12:48] Processing truedialoggroup.com
  - Error on attempt 1: [Errno 8] nodename nor servname provided, or not known

[2026-06-17 05:12:48] PERMANENTLY FAILED: truedialoggroup.com
  - Attempts: 1/2
  - Final Error: [Errno 8] nodename nor servname provided, or not known

[2026-06-17 05:12:48] Processing ale.byl.no
  - Error on attempt 1: [SSL: TLSV1_ALERT_INTERNAL_ERROR] tlsv1 alert internal error (_ssl.c:1006)

[2026-06-17 05:12:48] PERMANENTLY FAILED: ale.byl.no
  - Attempts: 1/2
  - Final Error: [SSL: TLSV1_ALERT_INTERNAL_ERROR] tlsv1 alert internal error (_ssl.c:1006)

[2026-06-17 05:12:48] Processing bgyvdfcdaer.com
  - Error on attempt 1: [Errno 8] nodename nor servname provided, or not known

[2026-06-17 05:12:48] PERMANENTLY FAILED: bgyvdfcdaer.com
  - Attempts: 1/2
  - Final Error: [Errno 8] nodename nor servname provided, or not known

[2026-06-17 05:12:48] Processing qa.ramadavienna-vs.at
  - Error on attempt 1: Connection Timed Out

[2026-06-17 05:12:48] PERMANENTLY FAILED: qa.ramadavienna-vs.at
  - Attempts: 1/2
  - Final Error: Connection Timed Out

[2026-06-17 05:12:48] Processing egomlbeta.googlespeedtest.com
  - Error on attempt 1: Connection Timed Out

[2026-06-17 05:12:48] PERMANENTLY FAILED: egomlbeta.googlespeedtest.com
  - Attempts: 1/2
  - Final Error: Connection Timed Out

[2026-06-17 05:12:48] Processing absolutezer0.org
  - Error on attempt 1: [Errno 8] nodename nor servname provided, or not known

[2026-06-17 05:12:48] PERMANENTLY FAILED: absolutezer0.org
  - Attempts: 1/2
  - Final Error: [Errno 8] nodename nor servname provided, or not known

[2026-06-17 05:12:48] Processing 0b635i.info
  - Error on attempt 1: Connection Timed Out

[2026-06-17 05:12:48] PERMANENTLY FAILED: 0b635i.info
  - Attempts: 1/2
  - Final Error: Connection Timed Out

[2026-06-17 05:12:48] Processing h.likh.com
  - Error on attempt 1: [SSL: TLSV1_UNRECOGNIZED_NAME] tlsv1 unrecognized name (_ssl.c:1006)

[2026-06-17 05:12:48] PERMANENTLY FAILED: h.likh.com
  - Attempts: 1/2
  - Final Error: [SSL: TLSV1_UNRECOGNIZED_NAME] tlsv1 unrecognized name (_ssl.c:1006)

[2026-06-17 05:12:48] Processing ac8ba96d47ad071e38c507741bf1063a07228.id.ui.direct
  - Error on attempt 1: [Errno 8] nodename nor servname provided, or not known

[2026-06-17 05:12:48] PERMANENTLY FAILED: ac8ba96d47ad071e38c507741bf1063a07228.id.ui.direct
  - Attempts: 1/2
  - Final Error: [Errno 8] nodename nor servname provided, or not known

[2026-06-17 05:12:48] Processing dirtyburgerwhitechapel.com
  - Error on attempt 1: [Errno 8] nodename nor servname provided, or not known

[2026-06-17 05:12:48] PERMANENTLY FAILED: dirtyburgerwhitechapel.com
  - Attempts: 1/2
  - Final Error: [Errno 8] nodename nor servname provided, or not known

[2026-06-17 05:12:49] Processing 103ebf01.sni.cloudflaressl.com
  - Error on attempt 1: [SSL: SSLV3_ALERT_HANDSHAKE_FAILURE] ssl/tls alert handshake failure (_ssl.c:1006)

[2026-06-17 05:12:49] PERMANENTLY FAILED: 103ebf01.sni.cloudflaressl.com
  - Attempts: 1/2
  - Final Error: [SSL: SSLV3_ALERT_HANDSHAKE_FAILURE] ssl/tls alert handshake failure (_ssl.c:1006)

[2026-06-17 05:12:49] Processing old.davkom.com
  - Error on attempt 1: [Errno 8] nodename nor servname provided, or not known

[2026-06-17 05:12:49] PERMANENTLY FAILED: old.davkom.com
  - Attempts: 1/2
  - Final Error: [Errno 8] nodename nor servname provided, or not known

[2026-06-17 05:12:49] Processing staging.neekan.com
  - Error on attempt 1: [SSL: TLSV1_ALERT_INTERNAL_ERROR] tlsv1 alert internal error (_ssl.c:1006)

[2026-06-17 05:12:49] PERMANENTLY FAILED: staging.neekan.com
  - Attempts: 1/2
  - Final Error: [SSL: TLSV1_ALERT_INTERNAL_ERROR] tlsv1 alert internal error (_ssl.c:1006)

[2026-06-17 05:12:49] Processing dx-fga-test-rps-2000-v2.dev.fga.dev
  - Error on attempt 1: [Errno 8] nodename nor servname provided, or not known

[2026-06-17 05:12:49] PERMANENTLY FAILED: dx-fga-test-rps-2000-v2.dev.fga.dev
  - Attempts: 1/2
  - Final Error: [Errno 8] nodename nor servname provided, or not known

[2026-06-17 05:12:49] Processing a018aef60a1d8a95887d2187.keenetic.io
  - Error on attempt 1: [Errno 8] nodename nor servname provided, or not known

[2026-06-17 05:12:49] PERMANENTLY FAILED: a018aef60a1d8a95887d2187.keenetic.io
  - Attempts: 1/2
  - Final Error: [Errno 8] nodename nor servname provided, or not known

[2026-06-17 05:12:49] Processing eh.872.com
  - Error on attempt 1: Connection Timed Out

[2026-06-17 05:12:49] PERMANENTLY FAILED: eh.872.com
  - Attempts: 1/2
  - Final Error: Connection Timed Out

[2026-06-17 05:12:49] Processing spaziocinema.anteo.it
  - Error on attempt 1: Connection Timed Out

[2026-06-17 05:12:49] PERMANENTLY FAILED: spaziocinema.anteo.it
  - Attempts: 1/2
  - Final Error: Connection Timed Out

[2026-06-17 05:12:49] Processing test-superset.upload.cash
  - Error on attempt 1: Connection Timed Out

[2026-06-17 05:12:49] PERMANENTLY FAILED: test-superset.upload.cash
  - Attempts: 1/2
  - Final Error: Connection Timed Out

[2026-06-17 05:12:49] Processing xqtvdmta-sts.raum-und-service.de
  - Error on attempt 1: [SSL: TLSV1_UNRECOGNIZED_NAME] tlsv1 unrecognized name (_ssl.c:1006)

[2026-06-17 05:12:49] PERMANENTLY FAILED: xqtvdmta-sts.raum-und-service.de
  - Attempts: 1/2
  - Final Error: [SSL: TLSV1_UNRECOGNIZED_NAME] tlsv1 unrecognized name (_ssl.c:1006)

[2026-06-17 05:12:50] Processing impactster.org
  - Error on attempt 1: [Errno 8] nodename nor servname provided, or not known

[2026-06-17 05:12:50] PERMANENTLY FAILED: impactster.org
  - Attempts: 1/2
  - Final Error: [Errno 8] nodename nor servname provided, or not known

[2026-06-17 05:12:50] Processing heatscasino.pl
  - Error on attempt 1: [Errno 8] nodename nor servname provided, or not known

[2026-06-17 05:12:50] PERMANENTLY FAILED: heatscasino.pl
  - Attempts: 1/2
  - Final Error: [Errno 8] nodename nor servname provided, or not known

[2026-06-17 05:12:50] Processing mta-sts.upload.cash
  - Error on attempt 1: Connection Timed Out

[2026-06-17 05:12:50] PERMANENTLY FAILED: mta-sts.upload.cash
  - Attempts: 1/2
  - Final Error: Connection Timed Out

[2026-06-17 05:12:50] Processing qnapts251d.zaloznik.com
  - Error on attempt 1: [Errno 8] nodename nor servname provided, or not known

[2026-06-17 05:12:50] PERMANENTLY FAILED: qnapts251d.zaloznik.com
  - Attempts: 1/2
  - Final Error: [Errno 8] nodename nor servname provided, or not known

[2026-06-17 05:12:50] Processing test.app.elevateclientventurespath.com
  - Error on attempt 1: [Errno 8] nodename nor servname provided, or not known

[2026-06-17 05:12:50] PERMANENTLY FAILED: test.app.elevateclientventurespath.com
  - Attempts: 1/2
  - Final Error: [Errno 8] nodename nor servname provided, or not known

[2026-06-17 05:12:50] Processing houinde.wanlianhtt.com
  - Error on attempt 1: [Errno 8] nodename nor servname provided, or not known

[2026-06-17 05:12:50] PERMANENTLY FAILED: houinde.wanlianhtt.com
  - Attempts: 1/2
  - Final Error: [Errno 8] nodename nor servname provided, or not known

[2026-06-17 05:12:50] Processing forums.creativephotobook.com
  - Error on attempt 1: Connection Timed Out

[2026-06-17 05:12:50] PERMANENTLY FAILED: forums.creativephotobook.com
  - Attempts: 1/2
  - Final Error: Connection Timed Out

[2026-06-17 05:12:50] Processing customlogomatspro.com
  - Error on attempt 1: [Errno 8] nodename nor servname provided, or not known

[2026-06-17 05:12:50] PERMANENTLY FAILED: customlogomatspro.com
  - Attempts: 1/2
  - Final Error: [Errno 8] nodename nor servname provided, or not known

[2026-06-17 05:12:50] Processing admin.sitemaps.keohay.me
  - Error on attempt 1: Connection Timed Out

[2026-06-17 05:12:50] PERMANENTLY FAILED: admin.sitemaps.keohay.me
  - Attempts: 1/2
  - Final Error: Connection Timed Out

[2026-06-17 05:12:50] Processing ww16.jinnairyokan.com
  - Error on attempt 1: Connection Timed Out

[2026-06-17 05:12:50] PERMANENTLY FAILED: ww16.jinnairyokan.com
  - Attempts: 1/2
  - Final Error: Connection Timed Out

[2026-06-17 05:12:50] Processing store.upload.cash
  - Error on attempt 1: Connection Timed Out

[2026-06-17 05:12:50] PERMANENTLY FAILED: store.upload.cash
  - Attempts: 1/2
  - Final Error: Connection Timed Out

[2026-06-17 05:12:50] Processing crackfly.comics.casadeuscoli.com.shoplog.v220190810156694590.powersrv.de
  - Error on attempt 1: [SSL: UNEXPECTED_EOF_WHILE_READING] EOF occurred in violation of protocol (_ssl.c:1006)

[2026-06-17 05:12:50] PERMANENTLY FAILED: crackfly.comics.casadeuscoli.com.shoplog.v220190810156694590.powersrv.de
  - Attempts: 1/2
  - Final Error: [SSL: UNEXPECTED_EOF_WHILE_READING] EOF occurred in violation of protocol (_ssl.c:1006)

[2026-06-17 05:12:50] Processing post.webnew.de
  - Error on attempt 1: [Errno 8] nodename nor servname provided, or not known

[2026-06-17 05:12:50] PERMANENTLY FAILED: post.webnew.de
  - Attempts: 1/2
  - Final Error: [Errno 8] nodename nor servname provided, or not known

[2026-06-17 05:12:50] Processing konto-ban.pl
  - Error on attempt 1: [Errno 8] nodename nor servname provided, or not known

[2026-06-17 05:12:50] PERMANENTLY FAILED: konto-ban.pl
  - Attempts: 1/2
  - Final Error: [Errno 8] nodename nor servname provided, or not known

[2026-06-17 05:12:51] Processing app.sjee9.com
  - Error on attempt 1: Connection Timed Out

[2026-06-17 05:12:51] PERMANENTLY FAILED: app.sjee9.com
  - Attempts: 1/2
  - Final Error: Connection Timed Out

[2026-06-17 05:12:51] Processing remote.adcamp.cz
  - Error on attempt 1: Connection Timed Out

[2026-06-17 05:12:51] PERMANENTLY FAILED: remote.adcamp.cz
  - Attempts: 1/2
  - Final Error: Connection Timed Out

[2026-06-17 05:12:51] Processing admin.ctszhajp.caddy-one-ibe-redirect-proxy.eu-central-1.elasticbeanstalk.com
  - Error on attempt 1: Connection Timed Out

[2026-06-17 05:12:51] PERMANENTLY FAILED: admin.ctszhajp.caddy-one-ibe-redirect-proxy.eu-central-1.elasticbeanstalk.com
  - Attempts: 1/2
  - Final Error: Connection Timed Out

[2026-06-17 05:12:51] Processing api.jrsaxdpv.49-12-111-90.plesk.page
  - Error on attempt 1: [Errno 61] Connection refused

[2026-06-17 05:12:51] PERMANENTLY FAILED: api.jrsaxdpv.49-12-111-90.plesk.page
  - Attempts: 1/2
  - Final Error: [Errno 61] Connection refused

[2026-06-17 05:12:51] Processing ellagoldsmith.com
  - Error on attempt 1: [Errno 61] Connection refused

[2026-06-17 05:12:51] PERMANENTLY FAILED: ellagoldsmith.com
  - Attempts: 1/2
  - Final Error: [Errno 61] Connection refused

[2026-06-17 05:12:51] Processing verbraunoblivionchecker.workers.dev
  - Error on attempt 1: [Errno 8] nodename nor servname provided, or not known

[2026-06-17 05:12:51] PERMANENTLY FAILED: verbraunoblivionchecker.workers.dev
  - Attempts: 1/2
  - Final Error: [Errno 8] nodename nor servname provided, or not known

[2026-06-17 05:12:51] Processing graph.fabebook.com
  - Error on attempt 1: [Errno 61] Connection refused

[2026-06-17 05:12:51] PERMANENTLY FAILED: graph.fabebook.com
  - Attempts: 1/2
  - Final Error: [Errno 61] Connection refused

[2026-06-17 05:12:51] Processing zayafashioncompany.com
  - Error on attempt 1: [Errno 8] nodename nor servname provided, or not known

[2026-06-17 05:12:51] PERMANENTLY FAILED: zayafashioncompany.com
  - Attempts: 1/2
  - Final Error: [Errno 8] nodename nor servname provided, or not known

[2026-06-17 05:12:51] Processing admin.app.www.adfasdfsd.truffled.lol
  - Error on attempt 1: [SSL: TLSV1_ALERT_INTERNAL_ERROR] tlsv1 alert internal error (_ssl.c:1006)

[2026-06-17 05:12:51] PERMANENTLY FAILED: admin.app.www.adfasdfsd.truffled.lol
  - Attempts: 1/2
  - Final Error: [SSL: TLSV1_ALERT_INTERNAL_ERROR] tlsv1 alert internal error (_ssl.c:1006)

[2026-06-17 05:12:51] Processing mjchoww17.mitsubishi.fuckbookdateing.com
  - Error on attempt 1: [Errno 61] Connection refused

[2026-06-17 05:12:51] PERMANENTLY FAILED: mjchoww17.mitsubishi.fuckbookdateing.com
  - Attempts: 1/2
  - Final Error: [Errno 61] Connection refused

[2026-06-17 05:12:51] Processing workspace.dapaul.com
  - Error on attempt 1: [Errno 8] nodename nor servname provided, or not known

[2026-06-17 05:12:51] PERMANENTLY FAILED: workspace.dapaul.com
  - Attempts: 1/2
  - Final Error: [Errno 8] nodename nor servname provided, or not known

[2026-06-17 05:12:51] Processing sso.fortbraggproperty.com
  - Error on attempt 1: Connection Timed Out

[2026-06-17 05:12:51] PERMANENTLY FAILED: sso.fortbraggproperty.com
  - Attempts: 1/2
  - Final Error: Connection Timed Out

[2026-06-17 05:12:52] Processing mp.parcoaspromonte.it
  - Error on attempt 1: Connection Timed Out

[2026-06-17 05:12:52] PERMANENTLY FAILED: mp.parcoaspromonte.it
  - Attempts: 1/2
  - Final Error: Connection Timed Out

[2026-06-17 05:12:52] Processing mahendar.site
  - Error on attempt 1: [Errno 8] nodename nor servname provided, or not known

[2026-06-17 05:12:52] PERMANENTLY FAILED: mahendar.site
  - Attempts: 1/2
  - Final Error: [Errno 8] nodename nor servname provided, or not known

[2026-06-17 05:12:52] Processing example.dapaul.com
  - Error on attempt 1: [Errno 8] nodename nor servname provided, or not known

[2026-06-17 05:12:52] PERMANENTLY FAILED: example.dapaul.com
  - Attempts: 1/2
  - Final Error: [Errno 8] nodename nor servname provided, or not known

[2026-06-17 05:12:52] Processing dev.checkout.europe-west1.gcp.commercetools.com
  - Error on attempt 1: [Errno 8] nodename nor servname provided, or not known

[2026-06-17 05:12:52] PERMANENTLY FAILED: dev.checkout.europe-west1.gcp.commercetools.com
  - Attempts: 1/2
  - Final Error: [Errno 8] nodename nor servname provided, or not known

[2026-06-17 05:12:52] Processing staging.www.console.wwwdemo.marionstronks.nl
  - Error on attempt 1: [SSL: TLSV1_ALERT_INTERNAL_ERROR] tlsv1 alert internal error (_ssl.c:1006)

[2026-06-17 05:12:52] PERMANENTLY FAILED: staging.www.console.wwwdemo.marionstronks.nl
  - Attempts: 1/2
  - Final Error: [SSL: TLSV1_ALERT_INTERNAL_ERROR] tlsv1 alert internal error (_ssl.c:1006)

[2026-06-17 05:12:52] Processing web1.contactcardgame.com
  - Error on attempt 1: Connection Timed Out

[2026-06-17 05:12:52] PERMANENTLY FAILED: web1.contactcardgame.com
  - Attempts: 1/2
  - Final Error: Connection Timed Out

[2026-06-17 05:12:52] Processing aula.ensupalabraiem.org
  - Error on attempt 1: [Errno 8] nodename nor servname provided, or not known

[2026-06-17 05:12:52] PERMANENTLY FAILED: aula.ensupalabraiem.org
  - Attempts: 1/2
  - Final Error: [Errno 8] nodename nor servname provided, or not known

[2026-06-17 05:12:52] Processing bil.outlet.se
  - Error on attempt 1: [SSL: TLSV1_ALERT_INTERNAL_ERROR] tlsv1 alert internal error (_ssl.c:1006)

[2026-06-17 05:12:52] PERMANENTLY FAILED: bil.outlet.se
  - Attempts: 1/2
  - Final Error: [SSL: TLSV1_ALERT_INTERNAL_ERROR] tlsv1 alert internal error (_ssl.c:1006)

[2026-06-17 05:12:52] Processing djtluww17.tickets.sloganoutdoor.com
  - Error on attempt 1: [Errno 61] Connection refused

[2026-06-17 05:12:52] PERMANENTLY FAILED: djtluww17.tickets.sloganoutdoor.com
  - Attempts: 1/2
  - Final Error: [Errno 61] Connection refused

[2026-06-17 05:12:53] Processing pinkandblackshop.com
  - Error on attempt 1: [SSL: SSLV3_ALERT_HANDSHAKE_FAILURE] ssl/tls alert handshake failure (_ssl.c:1006)

[2026-06-17 05:12:53] PERMANENTLY FAILED: pinkandblackshop.com
  - Attempts: 1/2
  - Final Error: [SSL: SSLV3_ALERT_HANDSHAKE_FAILURE] ssl/tls alert handshake failure (_ssl.c:1006)

[2026-06-17 05:12:53] Processing 79310686.sni.cloudflaressl.com
  - Error on attempt 1: [SSL: SSLV3_ALERT_HANDSHAKE_FAILURE] ssl/tls alert handshake failure (_ssl.c:1006)

[2026-06-17 05:12:53] PERMANENTLY FAILED: 79310686.sni.cloudflaressl.com
  - Attempts: 1/2
  - Final Error: [SSL: SSLV3_ALERT_HANDSHAKE_FAILURE] ssl/tls alert handshake failure (_ssl.c:1006)

[2026-06-17 05:12:53] Processing 156d1d466b61f4ca2ee47133.keenetic.io
  - Error on attempt 1: [Errno 8] nodename nor servname provided, or not known

[2026-06-17 05:12:53] PERMANENTLY FAILED: 156d1d466b61f4ca2ee47133.keenetic.io
  - Attempts: 1/2
  - Final Error: [Errno 8] nodename nor servname provided, or not known

[2026-06-17 05:12:53] Processing admin.js.cms.wialon.us
  - Error on attempt 1: [SSL: TLSV1_ALERT_INTERNAL_ERROR] tlsv1 alert internal error (_ssl.c:1006)

[2026-06-17 05:12:53] PERMANENTLY FAILED: admin.js.cms.wialon.us
  - Attempts: 1/2
  - Final Error: [SSL: TLSV1_ALERT_INTERNAL_ERROR] tlsv1 alert internal error (_ssl.c:1006)

[2026-06-17 05:12:53] Processing superset-production.upload.cash
  - Error on attempt 1: Connection Timed Out

[2026-06-17 05:12:53] PERMANENTLY FAILED: superset-production.upload.cash
  - Attempts: 1/2
  - Final Error: Connection Timed Out

[2026-06-17 05:12:54] Processing cpcontacts.mosaic.ro
  - Error on attempt 1: Connection Timed Out

[2026-06-17 05:12:54] PERMANENTLY FAILED: cpcontacts.mosaic.ro
  - Attempts: 1/2
  - Final Error: Connection Timed Out

[2026-06-17 05:12:54] Processing api.app.seohat.com
  - Error on attempt 1: [SSL: TLSV1_UNRECOGNIZED_NAME] tlsv1 unrecognized name (_ssl.c:1006)

[2026-06-17 05:12:54] PERMANENTLY FAILED: api.app.seohat.com
  - Attempts: 1/2
  - Final Error: [SSL: TLSV1_UNRECOGNIZED_NAME] tlsv1 unrecognized name (_ssl.c:1006)

[2026-06-17 05:12:54] Processing staging.lilandcloe.h6.re
  - Error on attempt 1: [Errno 8] nodename nor servname provided, or not known

[2026-06-17 05:12:54] PERMANENTLY FAILED: staging.lilandcloe.h6.re
  - Attempts: 1/2
  - Final Error: [Errno 8] nodename nor servname provided, or not known

[2026-06-17 05:12:54] Processing dynamicproperties.co
  - Error on attempt 1: [Errno 61] Connection refused

[2026-06-17 05:12:54] PERMANENTLY FAILED: dynamicproperties.co
  - Attempts: 1/2
  - Final Error: [Errno 61] Connection refused

[2026-06-17 05:12:54] Processing caz-odin-t-postgresdb.postgres.database.usgovcloudapi.net
  - Error on attempt 1: [Errno 8] nodename nor servname provided, or not known

[2026-06-17 05:12:54] PERMANENTLY FAILED: caz-odin-t-postgresdb.postgres.database.usgovcloudapi.net
  - Attempts: 1/2
  - Final Error: [Errno 8] nodename nor servname provided, or not known

[2026-06-17 05:12:54] Processing vpn.borntraeger.com
  - Error on attempt 1: Connection Timed Out

[2026-06-17 05:12:54] PERMANENTLY FAILED: vpn.borntraeger.com
  - Attempts: 1/2
  - Final Error: Connection Timed Out

[2026-06-17 05:12:54] Processing ngubfbvhjnl.com
  - Error on attempt 1: [Errno 8] nodename nor servname provided, or not known

[2026-06-17 05:12:54] PERMANENTLY FAILED: ngubfbvhjnl.com
  - Attempts: 1/2
  - Final Error: [Errno 8] nodename nor servname provided, or not known

[2026-06-17 05:12:54] Processing gp.borntraeger.com
  - Error on attempt 1: Connection Timed Out

[2026-06-17 05:12:54] PERMANENTLY FAILED: gp.borntraeger.com
  - Attempts: 1/2
  - Final Error: Connection Timed Out

[2026-06-17 05:12:54] Processing emsoc.mydocbilll.com
  - Error on attempt 1: Connection Timed Out

[2026-06-17 05:12:54] PERMANENTLY FAILED: emsoc.mydocbilll.com
  - Attempts: 1/2
  - Final Error: Connection Timed Out

[2026-06-17 05:12:54] Processing backend.neekan.com
  - Error on attempt 1: [SSL: TLSV1_ALERT_INTERNAL_ERROR] tlsv1 alert internal error (_ssl.c:1006)

[2026-06-17 05:12:54] PERMANENTLY FAILED: backend.neekan.com
  - Attempts: 1/2
  - Final Error: [SSL: TLSV1_ALERT_INTERNAL_ERROR] tlsv1 alert internal error (_ssl.c:1006)

[2026-06-17 05:12:54] Processing mx3.peisze.com
  - Error on attempt 1: [Errno 8] nodename nor servname provided, or not known

[2026-06-17 05:12:54] PERMANENTLY FAILED: mx3.peisze.com
  - Attempts: 1/2
  - Final Error: [Errno 8] nodename nor servname provided, or not known

[2026-06-17 05:12:54] Processing dev.api.freshflowersonly.com
  - Error on attempt 1: [SSL: UNEXPECTED_EOF_WHILE_READING] EOF occurred in violation of protocol (_ssl.c:1006)

[2026-06-17 05:12:54] PERMANENTLY FAILED: dev.api.freshflowersonly.com
  - Attempts: 1/2
  - Final Error: [SSL: UNEXPECTED_EOF_WHILE_READING] EOF occurred in violation of protocol (_ssl.c:1006)

[2026-06-17 05:12:54] Processing djkxwnocrumbs.left.net
  - Error on attempt 1: Connection Timed Out

[2026-06-17 05:12:54] PERMANENTLY FAILED: djkxwnocrumbs.left.net
  - Attempts: 1/2
  - Final Error: Connection Timed Out

[2026-06-17 05:12:54] Processing backend.commomwealth.com
  - Error on attempt 1: [Errno 61] Connection refused

[2026-06-17 05:12:54] PERMANENTLY FAILED: backend.commomwealth.com
  - Attempts: 1/2
  - Final Error: [Errno 61] Connection refused

[2026-06-17 05:12:55] Processing dev.atsbookkeeping.comeducation.historicacanada.ca
  - Error on attempt 1: [SSL: UNEXPECTED_EOF_WHILE_READING] EOF occurred in violation of protocol (_ssl.c:1006)

[2026-06-17 05:12:55] PERMANENTLY FAILED: dev.atsbookkeeping.comeducation.historicacanada.ca
  - Attempts: 1/2
  - Final Error: [SSL: UNEXPECTED_EOF_WHILE_READING] EOF occurred in violation of protocol (_ssl.c:1006)

[2026-06-17 05:12:55] Processing automio-mail.net
  - Error on attempt 1: [Errno 8] nodename nor servname provided, or not known

[2026-06-17 05:12:55] PERMANENTLY FAILED: automio-mail.net
  - Attempts: 1/2
  - Final Error: [Errno 8] nodename nor servname provided, or not known

[2026-06-17 05:12:55] Processing centreon.inkedblood.net
  - Error on attempt 1: [Errno 8] nodename nor servname provided, or not known

[2026-06-17 05:12:55] PERMANENTLY FAILED: centreon.inkedblood.net
  - Attempts: 1/2
  - Final Error: [Errno 8] nodename nor servname provided, or not known

[2026-06-17 05:12:55] Processing limisahi.akk.ro
  - Error on attempt 1: Connection Timed Out

[2026-06-17 05:12:55] PERMANENTLY FAILED: limisahi.akk.ro
  - Attempts: 1/2
  - Final Error: Connection Timed Out

[2026-06-17 05:12:55] Processing knopka.eu
  - Error on attempt 1: [Errno 61] Connection refused

[2026-06-17 05:12:55] PERMANENTLY FAILED: knopka.eu
  - Attempts: 1/2
  - Final Error: [Errno 61] Connection refused

[2026-06-17 05:12:55] Processing 141957792-website-test.eu1.prod.hubspot-at-test.com
  - Error on attempt 1: [SSL: SSLV3_ALERT_HANDSHAKE_FAILURE] ssl/tls alert handshake failure (_ssl.c:1006)

[2026-06-17 05:12:55] PERMANENTLY FAILED: 141957792-website-test.eu1.prod.hubspot-at-test.com
  - Attempts: 1/2
  - Final Error: [SSL: SSLV3_ALERT_HANDSHAKE_FAILURE] ssl/tls alert handshake failure (_ssl.c:1006)

[2026-06-17 05:12:55] Processing erverhosting112.daenerys.fr
  - Error on attempt 1: Connection Timed Out

[2026-06-17 05:12:55] PERMANENTLY FAILED: erverhosting112.daenerys.fr
  - Attempts: 1/2
  - Final Error: Connection Timed Out

[2026-06-17 05:12:55] Processing short.bubll.us
  - Error on attempt 1: Connection Timed Out

[2026-06-17 05:12:55] PERMANENTLY FAILED: short.bubll.us
  - Attempts: 1/2
  - Final Error: Connection Timed Out

[2026-06-17 05:12:55] Processing dxp4800-hw.direct.ug.link
  - Error on attempt 1: [Errno 8] nodename nor servname provided, or not known

[2026-06-17 05:12:55] PERMANENTLY FAILED: dxp4800-hw.direct.ug.link
  - Attempts: 1/2
  - Final Error: [Errno 8] nodename nor servname provided, or not known

[2026-06-17 05:12:55] Processing www6.tischlerei-lehmann.de
  - Error on attempt 1: Connection Timed Out

[2026-06-17 05:12:55] PERMANENTLY FAILED: www6.tischlerei-lehmann.de
  - Attempts: 1/2
  - Final Error: Connection Timed Out

[2026-06-17 05:12:55] Processing cluster-w5zg5ynoafanst7tcngguhvdf6.cloudworkstations.dev
  - Error on attempt 1: [Errno 8] nodename nor servname provided, or not known

[2026-06-17 05:12:55] PERMANENTLY FAILED: cluster-w5zg5ynoafanst7tcngguhvdf6.cloudworkstations.dev
  - Attempts: 1/2
  - Final Error: [Errno 8] nodename nor servname provided, or not known

[2026-06-17 05:12:55] Processing 47dc6f38.sni.cloudflaressl.com
  - Error on attempt 1: [SSL: SSLV3_ALERT_HANDSHAKE_FAILURE] ssl/tls alert handshake failure (_ssl.c:1006)

[2026-06-17 05:12:55] PERMANENTLY FAILED: 47dc6f38.sni.cloudflaressl.com
  - Attempts: 1/2
  - Final Error: [SSL: SSLV3_ALERT_HANDSHAKE_FAILURE] ssl/tls alert handshake failure (_ssl.c:1006)

[2026-06-17 05:12:55] Processing 4d6f3276-fab2-456d-9851-66007e955f2f.dvvm.com
  - Error on attempt 1: [SSL: TLSV1_UNRECOGNIZED_NAME] tlsv1 unrecognized name (_ssl.c:1006)

[2026-06-17 05:12:55] PERMANENTLY FAILED: 4d6f3276-fab2-456d-9851-66007e955f2f.dvvm.com
  - Attempts: 1/2
  - Final Error: [SSL: TLSV1_UNRECOGNIZED_NAME] tlsv1 unrecognized name (_ssl.c:1006)

[2026-06-17 05:12:56] Processing siconductors.com
  - Error on attempt 1: [Errno 8] nodename nor servname provided, or not known

[2026-06-17 05:12:56] PERMANENTLY FAILED: siconductors.com
  - Attempts: 1/2
  - Final Error: [Errno 8] nodename nor servname provided, or not known

[2026-06-17 05:12:56] Processing api.andreloessel.viewbook.com
  - Error on attempt 1: [SSL: TLSV1_ALERT_INTERNAL_ERROR] tlsv1 alert internal error (_ssl.c:1006)

[2026-06-17 05:12:56] PERMANENTLY FAILED: api.andreloessel.viewbook.com
  - Attempts: 1/2
  - Final Error: [SSL: TLSV1_ALERT_INTERNAL_ERROR] tlsv1 alert internal error (_ssl.c:1006)

[2026-06-17 05:12:56] Processing 2dxbd.lol
  - Error on attempt 1: [Errno 8] nodename nor servname provided, or not known

[2026-06-17 05:12:56] PERMANENTLY FAILED: 2dxbd.lol
  - Attempts: 1/2
  - Final Error: [Errno 8] nodename nor servname provided, or not known

[2026-06-17 05:12:56] Processing api.mcallister.com.au
  - Error on attempt 1: Connection Timed Out

[2026-06-17 05:12:56] PERMANENTLY FAILED: api.mcallister.com.au
  - Attempts: 1/2
  - Final Error: Connection Timed Out

[2026-06-17 05:12:56] Processing dev.sni.cloudflaressl.comjyqgzdxo.surveyssaas.com
  - Error on attempt 1: [Errno 61] Connection refused

[2026-06-17 05:12:56] PERMANENTLY FAILED: dev.sni.cloudflaressl.comjyqgzdxo.surveyssaas.com
  - Attempts: 1/2
  - Final Error: [Errno 61] Connection refused

[2026-06-17 05:12:56] Processing api.app.www.www.wwwportal.app.wwwwww.234cde3d.nip.io
  - Error on attempt 1: Connection Timed Out

[2026-06-17 05:12:56] PERMANENTLY FAILED: api.app.www.www.wwwportal.app.wwwwww.234cde3d.nip.io
  - Attempts: 1/2
  - Final Error: Connection Timed Out

[2026-06-17 05:12:56] Processing au.nyfa.edu
  - Error on attempt 1: [Errno 8] nodename nor servname provided, or not known

[2026-06-17 05:12:56] PERMANENTLY FAILED: au.nyfa.edu
  - Attempts: 1/2
  - Final Error: [Errno 8] nodename nor servname provided, or not known

[2026-06-17 05:12:56] Processing api.app.emailforinnovators.com
  - Error on attempt 1: [Errno 8] nodename nor servname provided, or not known

[2026-06-17 05:12:56] PERMANENTLY FAILED: api.app.emailforinnovators.com
  - Attempts: 1/2
  - Final Error: [Errno 8] nodename nor servname provided, or not known

[2026-06-17 05:12:56] Processing sohohouse180.com
  - Error on attempt 1: [Errno 8] nodename nor servname provided, or not known

[2026-06-17 05:12:56] PERMANENTLY FAILED: sohohouse180.com
  - Attempts: 1/2
  - Final Error: [Errno 8] nodename nor servname provided, or not known

[2026-06-17 05:12:56] Processing e35c1b85-b32f-4209-85a4-de21d3b5b0d9.littlestreetpottery.com
  - Error on attempt 1: [Errno 8] nodename nor servname provided, or not known

[2026-06-17 05:12:56] PERMANENTLY FAILED: e35c1b85-b32f-4209-85a4-de21d3b5b0d9.littlestreetpottery.com
  - Attempts: 1/2
  - Final Error: [Errno 8] nodename nor servname provided, or not known

[2026-06-17 05:12:56] Processing 5d643833.creator-preview.lottiefiles.dev
  - Error on attempt 1: [Errno 8] nodename nor servname provided, or not known

[2026-06-17 05:12:56] PERMANENTLY FAILED: 5d643833.creator-preview.lottiefiles.dev
  - Attempts: 1/2
  - Final Error: [Errno 8] nodename nor servname provided, or not known

[2026-06-17 05:12:56] Processing guqos.workers.dev
  - Error on attempt 1: [Errno 8] nodename nor servname provided, or not known

[2026-06-17 05:12:56] PERMANENTLY FAILED: guqos.workers.dev
  - Attempts: 1/2
  - Final Error: [Errno 8] nodename nor servname provided, or not known

[2026-06-17 05:12:56] Processing staging.sel.cabinet.id
  - Error on attempt 1: [Errno 8] nodename nor servname provided, or not known

[2026-06-17 05:12:56] Processing sitemaps.coudun.com
  - Error on attempt 1: Connection Timed Out

[2026-06-17 05:12:56] PERMANENTLY FAILED: staging.sel.cabinet.id
  - Attempts: 1/2
  - Final Error: [Errno 8] nodename nor servname provided, or not known

[2026-06-17 05:12:56] PERMANENTLY FAILED: sitemaps.coudun.com
  - Attempts: 1/2
  - Final Error: Connection Timed Out

[2026-06-17 05:12:56] Processing whatthemoxie.com
  - Error on attempt 1: [Errno 8] nodename nor servname provided, or not known

[2026-06-17 05:12:56] PERMANENTLY FAILED: whatthemoxie.com
  - Attempts: 1/2
  - Final Error: [Errno 8] nodename nor servname provided, or not known

[2026-06-17 05:12:56] Processing flsitebuilder-stage7.com
  - Error on attempt 1: [Errno 8] nodename nor servname provided, or not known

[2026-06-17 05:12:56] PERMANENTLY FAILED: flsitebuilder-stage7.com
  - Attempts: 1/2
  - Final Error: [Errno 8] nodename nor servname provided, or not known

[2026-06-17 05:12:56] Processing api.skmagic.innovationcast.net
  - Error on attempt 1: [Errno 8] nodename nor servname provided, or not known

[2026-06-17 05:12:56] PERMANENTLY FAILED: api.skmagic.innovationcast.net
  - Attempts: 1/2
  - Final Error: [Errno 8] nodename nor servname provided, or not known

[2026-06-17 05:12:56] Processing ieonios.online
  - Error on attempt 1: [Errno 8] nodename nor servname provided, or not known

[2026-06-17 05:12:56] PERMANENTLY FAILED: ieonios.online
  - Attempts: 1/2
  - Final Error: [Errno 8] nodename nor servname provided, or not known

[2026-06-17 05:12:56] Processing kennynrest.cn
  - Error on attempt 1: [Errno 8] nodename nor servname provided, or not known

[2026-06-17 05:12:56] PERMANENTLY FAILED: kennynrest.cn
  - Attempts: 1/2
  - Final Error: [Errno 8] nodename nor servname provided, or not known

[2026-06-17 05:12:56] Processing connect.vrii.com
  - Error on attempt 1: [SSL: TLSV1_UNRECOGNIZED_NAME] tlsv1 unrecognized name (_ssl.c:1006)

[2026-06-17 05:12:56] PERMANENTLY FAILED: connect.vrii.com
  - Attempts: 1/2
  - Final Error: [SSL: TLSV1_UNRECOGNIZED_NAME] tlsv1 unrecognized name (_ssl.c:1006)

[2026-06-17 05:12:56] Processing stemcelljoint.net
  - Error on attempt 1: [Errno 8] nodename nor servname provided, or not known

[2026-06-17 05:12:56] PERMANENTLY FAILED: stemcelljoint.net
  - Attempts: 1/2
  - Final Error: [Errno 8] nodename nor servname provided, or not known

[2026-06-17 05:12:57] Processing familyofficetoys.com
  - Error on attempt 1: [Errno 61] Connection refused

[2026-06-17 05:12:57] PERMANENTLY FAILED: familyofficetoys.com
  - Attempts: 1/2
  - Final Error: [Errno 61] Connection refused

[2026-06-17 05:12:57] Processing wwwitemap.innovationcast.net
  - Error on attempt 1: [Errno 8] nodename nor servname provided, or not known

[2026-06-17 05:12:57] PERMANENTLY FAILED: wwwitemap.innovationcast.net
  - Attempts: 1/2
  - Final Error: [Errno 8] nodename nor servname provided, or not known

[2026-06-17 05:12:57] Processing staging.app.elitejourneyguides.live
  - Error on attempt 1: Connection Timed Out

[2026-06-17 05:12:57] PERMANENTLY FAILED: staging.app.elitejourneyguides.live
  - Attempts: 1/2
  - Final Error: Connection Timed Out

[2026-06-17 05:12:57] Processing betting-scoreboard-gql.vulkanrussia.rocks
  - Error on attempt 1: [Errno 8] nodename nor servname provided, or not known

[2026-06-17 05:12:57] PERMANENTLY FAILED: betting-scoreboard-gql.vulkanrussia.rocks
  - Attempts: 1/2
  - Final Error: [Errno 8] nodename nor servname provided, or not known

[2026-06-17 05:12:58] Processing my-mikulla.direct.quickconnect.to
  - Error on attempt 1: Connection Timed Out

[2026-06-17 05:12:58] PERMANENTLY FAILED: my-mikulla.direct.quickconnect.to
  - Attempts: 1/2
  - Final Error: Connection Timed Out

[2026-06-17 05:12:58] Processing glbssy26.workers.dev
  - Error on attempt 1: [Errno 8] nodename nor servname provided, or not known

[2026-06-17 05:12:58] PERMANENTLY FAILED: glbssy26.workers.dev
  - Attempts: 1/2
  - Final Error: [Errno 8] nodename nor servname provided, or not known

[2026-06-17 05:12:58] Processing ebmail.carbonforumasia.com
  - Error on attempt 1: Connection Timed Out

[2026-06-17 05:12:58] PERMANENTLY FAILED: ebmail.carbonforumasia.com
  - Attempts: 1/2
  - Final Error: Connection Timed Out

[2026-06-17 05:12:58] Processing poc.mellicard.com
  - Error on attempt 1: Connection Timed Out

[2026-06-17 05:12:58] PERMANENTLY FAILED: poc.mellicard.com
  - Attempts: 1/2
  - Final Error: Connection Timed Out

[2026-06-17 05:12:58] Processing demo.actors.info
  - Error on attempt 1: Connection Timed Out

[2026-06-17 05:12:58] PERMANENTLY FAILED: demo.actors.info
  - Attempts: 1/2
  - Final Error: Connection Timed Out

[2026-06-17 05:12:58] Processing eta.empire.et
  - Error on attempt 1: [Errno 8] nodename nor servname provided, or not known

[2026-06-17 05:12:58] PERMANENTLY FAILED: eta.empire.et
  - Attempts: 1/2
  - Final Error: [Errno 8] nodename nor servname provided, or not known

[2026-06-17 05:12:58] Processing leatherscapitalreach.co
  - Error on attempt 1: [Errno 8] nodename nor servname provided, or not known

[2026-06-17 05:12:58] PERMANENTLY FAILED: leatherscapitalreach.co
  - Attempts: 1/2
  - Final Error: [Errno 8] nodename nor servname provided, or not known

[2026-06-17 05:12:58] Processing configfarsi695fcf3146e3d.workers.dev
  - Error on attempt 1: [Errno 8] nodename nor servname provided, or not known

[2026-06-17 05:12:58] PERMANENTLY FAILED: configfarsi695fcf3146e3d.workers.dev
  - Attempts: 1/2
  - Final Error: [Errno 8] nodename nor servname provided, or not known

[2026-06-17 05:12:58] Processing ww25.argo.rkvid.com
  - Error on attempt 1: [Errno 61] Connection refused

[2026-06-17 05:12:58] PERMANENTLY FAILED: ww25.argo.rkvid.com
  - Attempts: 1/2
  - Final Error: [Errno 61] Connection refused

[2026-06-17 05:12:58] Processing wqarjemail.webnew.de
  - Error on attempt 1: [Errno 8] nodename nor servname provided, or not known

[2026-06-17 05:12:58] PERMANENTLY FAILED: wqarjemail.webnew.de
  - Attempts: 1/2
  - Final Error: [Errno 8] nodename nor servname provided, or not known

[2026-06-17 05:12:58] Processing hallinta.workers.dev
  - Error on attempt 1: [Errno 8] nodename nor servname provided, or not known

[2026-06-17 05:12:58] PERMANENTLY FAILED: hallinta.workers.dev
  - Attempts: 1/2
  - Final Error: [Errno 8] nodename nor servname provided, or not known

[2026-06-17 05:12:58] Processing ftp.gtdfl.com
  - Error on attempt 1: [SSL: TLSV1_UNRECOGNIZED_NAME] tlsv1 unrecognized name (_ssl.c:1006)

[2026-06-17 05:12:58] PERMANENTLY FAILED: ftp.gtdfl.com
  - Attempts: 1/2
  - Final Error: [SSL: TLSV1_UNRECOGNIZED_NAME] tlsv1 unrecognized name (_ssl.c:1006)

[2026-06-17 05:12:58] Processing canvasschamp.com
  - Error on attempt 1: [Errno 8] nodename nor servname provided, or not known

[2026-06-17 05:12:58] PERMANENTLY FAILED: canvasschamp.com
  - Attempts: 1/2
  - Final Error: [Errno 8] nodename nor servname provided, or not known

[2026-06-17 05:12:58] Processing staging.app.www.adfasdfsd.truffled.lol
  - Error on attempt 1: [SSL: TLSV1_ALERT_INTERNAL_ERROR] tlsv1 alert internal error (_ssl.c:1006)

[2026-06-17 05:12:58] PERMANENTLY FAILED: staging.app.www.adfasdfsd.truffled.lol
  - Attempts: 1/2
  - Final Error: [SSL: TLSV1_ALERT_INTERNAL_ERROR] tlsv1 alert internal error (_ssl.c:1006)

[2026-06-17 05:12:58] Processing new.titsfuck.com
  - Error on attempt 1: Connection Timed Out

[2026-06-17 05:12:58] PERMANENTLY FAILED: new.titsfuck.com
  - Attempts: 1/2
  - Final Error: Connection Timed Out

[2026-06-17 05:12:58] Processing w577096163.fnos.net
  - Error on attempt 1: [SSL: UNEXPECTED_EOF_WHILE_READING] EOF occurred in violation of protocol (_ssl.c:1006)

[2026-06-17 05:12:58] Processing swaram.com
  - Error on attempt 1: [Errno 8] nodename nor servname provided, or not known

[2026-06-17 05:12:58] PERMANENTLY FAILED: w577096163.fnos.net
  - Attempts: 1/2
  - Final Error: [SSL: UNEXPECTED_EOF_WHILE_READING] EOF occurred in violation of protocol (_ssl.c:1006)

[2026-06-17 05:12:58] PERMANENTLY FAILED: swaram.com
  - Attempts: 1/2
  - Final Error: [Errno 8] nodename nor servname provided, or not known

[2026-06-17 05:12:59] Processing digicrib.me
  - Error on attempt 1: [Errno 61] Connection refused

[2026-06-17 05:12:59] PERMANENTLY FAILED: digicrib.me
  - Attempts: 1/2
  - Final Error: [Errno 61] Connection refused

[2026-06-17 05:12:59] Processing tzefldvs.caddy-one-ibe-redirect-proxy.eu-central-1.elasticbeanstalk.com
  - Error on attempt 1: [SSL: TLSV1_ALERT_INTERNAL_ERROR] tlsv1 alert internal error (_ssl.c:1006)

[2026-06-17 05:12:59] PERMANENTLY FAILED: tzefldvs.caddy-one-ibe-redirect-proxy.eu-central-1.elasticbeanstalk.com
  - Attempts: 1/2
  - Final Error: [SSL: TLSV1_ALERT_INTERNAL_ERROR] tlsv1 alert internal error (_ssl.c:1006)

[2026-06-17 05:12:59] Processing dev.musina.it
  - Error on attempt 1: Connection Timed Out

[2026-06-17 05:12:59] PERMANENTLY FAILED: dev.musina.it
  - Attempts: 1/2
  - Final Error: Connection Timed Out

[2026-06-17 05:12:59] Processing cpanel.finechineseclothing.com
  - Error on attempt 1: [Errno 8] nodename nor servname provided, or not known

[2026-06-17 05:12:59] PERMANENTLY FAILED: cpanel.finechineseclothing.com
  - Attempts: 1/2
  - Final Error: [Errno 8] nodename nor servname provided, or not known

[2026-06-17 05:13:00] Processing lpgexuzb.caddy-one-ibe-redirect-proxy.eu-central-1.elasticbeanstalk.com
  - Error on attempt 1: Connection Timed Out

[2026-06-17 05:13:00] PERMANENTLY FAILED: lpgexuzb.caddy-one-ibe-redirect-proxy.eu-central-1.elasticbeanstalk.com
  - Attempts: 1/2
  - Final Error: Connection Timed Out

[2026-06-17 05:13:00] Processing 6842d5dce3c8dd2da2668034.keenetic.io
  - Error on attempt 1: [Errno 8] nodename nor servname provided, or not known

[2026-06-17 05:13:00] PERMANENTLY FAILED: 6842d5dce3c8dd2da2668034.keenetic.io
  - Attempts: 1/2
  - Final Error: [Errno 8] nodename nor servname provided, or not known

[2026-06-17 05:13:00] Processing staging.sitemaps.kepi.rip
  - Error on attempt 1: [Errno 8] nodename nor servname provided, or not known

[2026-06-17 05:13:00] PERMANENTLY FAILED: staging.sitemaps.kepi.rip
  - Attempts: 1/2
  - Final Error: [Errno 8] nodename nor servname provided, or not known

[2026-06-17 05:13:00] Processing txqildz-ghvvkjmjgg.dynamic-m.com
  - Error on attempt 1: Connection Timed Out

[2026-06-17 05:13:00] PERMANENTLY FAILED: txqildz-ghvvkjmjgg.dynamic-m.com
  - Attempts: 1/2
  - Final Error: Connection Timed Out

[2026-06-17 05:13:01] Processing synoinstall-ocfu4pqqxmdj95mp.direct.quickconnect.to
  - Error on attempt 1: [Errno 8] nodename nor servname provided, or not known

[2026-06-17 05:13:01] PERMANENTLY FAILED: synoinstall-ocfu4pqqxmdj95mp.direct.quickconnect.to
  - Attempts: 1/2
  - Final Error: [Errno 8] nodename nor servname provided, or not known

[2026-06-17 05:13:01] Processing argo.sexhealth.com
  - Error on attempt 1: Connection Timed Out

[2026-06-17 05:13:01] PERMANENTLY FAILED: argo.sexhealth.com
  - Attempts: 1/2
  - Final Error: Connection Timed Out

[2026-06-17 05:13:01] Processing xaqtauser.renovaveisnahora.pt
  - Error on attempt 1: Connection Timed Out

[2026-06-17 05:13:01] PERMANENTLY FAILED: xaqtauser.renovaveisnahora.pt
  - Attempts: 1/2
  - Final Error: Connection Timed Out

[2026-06-17 05:13:01] Processing indicadores.edem.eu
  - Error on attempt 1: Connection Timed Out

[2026-06-17 05:13:01] PERMANENTLY FAILED: indicadores.edem.eu
  - Attempts: 1/2
  - Final Error: Connection Timed Out

[2026-06-17 05:13:01] Processing online.brevi.com
  - Error on attempt 1: Connection Timed Out

[2026-06-17 05:13:01] PERMANENTLY FAILED: online.brevi.com
  - Attempts: 1/2
  - Final Error: Connection Timed Out

[2026-06-17 05:13:02] Processing v1.wolf-forum.ch
  - Error on attempt 1: Connection Timed Out

[2026-06-17 05:13:02] PERMANENTLY FAILED: v1.wolf-forum.ch
  - Attempts: 1/2
  - Final Error: Connection Timed Out

[2026-06-17 05:13:02] Processing dev.app.elitejourneyguides.live
  - Error on attempt 1: Connection Timed Out

[2026-06-17 05:13:02] PERMANENTLY FAILED: dev.app.elitejourneyguides.live
  - Attempts: 1/2
  - Final Error: Connection Timed Out

[2026-06-17 05:13:02] Processing dashboard.mygolfer.com
  - Error on attempt 1: Connection Timed Out

[2026-06-17 05:13:02] PERMANENTLY FAILED: dashboard.mygolfer.com
  - Attempts: 1/2
  - Final Error: Connection Timed Out

[2026-06-17 05:13:02] Processing tonyolinda.direct.quickconnect.to
  - Error on attempt 1: Connection Timed Out

[2026-06-17 05:13:02] PERMANENTLY FAILED: tonyolinda.direct.quickconnect.to
  - Attempts: 1/2
  - Final Error: Connection Timed Out

[2026-06-17 05:13:02] Processing yandex.sberbank.youla.pochtabank.od2kvu.wog-azk.com
  - Error on attempt 1: Connection Timed Out

[2026-06-17 05:13:02] PERMANENTLY FAILED: yandex.sberbank.youla.pochtabank.od2kvu.wog-azk.com
  - Attempts: 1/2
  - Final Error: Connection Timed Out

[2026-06-17 05:13:03] Processing server2.drcomfortdpm.com
  - Error on attempt 1: Connection Timed Out

[2026-06-17 05:13:03] PERMANENTLY FAILED: server2.drcomfortdpm.com
  - Attempts: 1/2
  - Final Error: Connection Timed Out

[2026-06-17 05:13:03] Processing forums.adcamp.cz
  - Error on attempt 1: Connection Timed Out

[2026-06-17 05:13:03] PERMANENTLY FAILED: forums.adcamp.cz
  - Attempts: 1/2
  - Final Error: Connection Timed Out

[2026-06-17 05:13:03] Processing betting-scoreboard-gql.wulkan-russiya.xyz
  - Error on attempt 1: [Errno 8] nodename nor servname provided, or not known

[2026-06-17 05:13:03] PERMANENTLY FAILED: betting-scoreboard-gql.wulkan-russiya.xyz
  - Attempts: 1/2
  - Final Error: [Errno 8] nodename nor servname provided, or not known

[2026-06-17 05:13:03] Processing iot.renovaveisnahora.pt
  - Error on attempt 1: Connection Timed Out

[2026-06-17 05:13:03] PERMANENTLY FAILED: iot.renovaveisnahora.pt
  - Attempts: 1/2
  - Final Error: Connection Timed Out

[2026-06-17 05:13:03] Processing as9912.xn--hndler-bua.com
  - Error on attempt 1: Connection Timed Out

[2026-06-17 05:13:03] PERMANENTLY FAILED: as9912.xn--hndler-bua.com
  - Attempts: 1/2
  - Final Error: Connection Timed Out

[2026-06-17 05:13:03] Processing secure.thaifilms.com
  - Error on attempt 1: Connection Timed Out

[2026-06-17 05:13:03] PERMANENTLY FAILED: secure.thaifilms.com
  - Attempts: 1/2
  - Final Error: Connection Timed Out

[2026-06-17 05:13:03] Processing devmyttl4.arsia.xyz
  - Error on attempt 1: [Errno 8] nodename nor servname provided, or not known

[2026-06-17 05:13:03] PERMANENTLY FAILED: devmyttl4.arsia.xyz
  - Attempts: 1/2
  - Final Error: [Errno 8] nodename nor servname provided, or not known

[2026-06-17 05:13:04] Processing ds-swimor.direct.quickconnect.to
  - Error on attempt 1: [Errno 61] Connection refused

[2026-06-17 05:13:04] PERMANENTLY FAILED: ds-swimor.direct.quickconnect.to
  - Attempts: 1/2
  - Final Error: [Errno 61] Connection refused

[2026-06-17 05:13:04] Processing login.iphone.at
  - Error on attempt 1: Connection Timed Out

[2026-06-17 05:13:04] PERMANENTLY FAILED: login.iphone.at
  - Attempts: 1/2
  - Final Error: Connection Timed Out

[2026-06-17 05:13:04] Processing katharina-cloud.direct.quickconnect.to
  - Error on attempt 1: [Errno 61] Connection refused

[2026-06-17 05:13:04] PERMANENTLY FAILED: katharina-cloud.direct.quickconnect.to
  - Attempts: 1/2
  - Final Error: [Errno 61] Connection refused

[2026-06-17 05:13:04] Processing staging.sni.cloudflaressl.comjyqgzdxo.surveyssaas.com
  - Error on attempt 1: [Errno 61] Connection refused

[2026-06-17 05:13:04] PERMANENTLY FAILED: staging.sni.cloudflaressl.comjyqgzdxo.surveyssaas.com
  - Attempts: 1/2
  - Final Error: [Errno 61] Connection refused

[2026-06-17 05:13:04] Processing api.dev.mnpmp-ph.almased.uk
  - Error on attempt 1: [Errno 8] nodename nor servname provided, or not known

[2026-06-17 05:13:04] PERMANENTLY FAILED: api.dev.mnpmp-ph.almased.uk
  - Attempts: 1/2
  - Final Error: [Errno 8] nodename nor servname provided, or not known

[2026-06-17 05:13:04] Processing test.balbak.com
  - Error on attempt 1: [Errno 8] nodename nor servname provided, or not known

[2026-06-17 05:13:04] PERMANENTLY FAILED: test.balbak.com
  - Attempts: 1/2
  - Final Error: [Errno 8] nodename nor servname provided, or not known

[2026-06-17 05:13:04] Processing akivapini.direct.quickconnect.to
  - Error on attempt 1: Connection Timed Out

[2026-06-17 05:13:04] PERMANENTLY FAILED: akivapini.direct.quickconnect.to
  - Attempts: 1/2
  - Final Error: Connection Timed Out

[2026-06-17 05:13:04] Processing latest.dnxcapesvc.dlr.usw2.eks.wdprapps.disney.com
  - Error on attempt 1: [Errno 8] nodename nor servname provided, or not known

[2026-06-17 05:13:04] PERMANENTLY FAILED: latest.dnxcapesvc.dlr.usw2.eks.wdprapps.disney.com
  - Attempts: 1/2
  - Final Error: [Errno 8] nodename nor servname provided, or not known

[2026-06-17 05:13:04] Processing mailgw.baas.ro
  - Error on attempt 1: Connection Timed Out

[2026-06-17 05:13:04] PERMANENTLY FAILED: mailgw.baas.ro
  - Attempts: 1/2
  - Final Error: Connection Timed Out

[2026-06-17 05:13:05] Processing backup.thaifilms.com
  - Error on attempt 1: Connection Timed Out

[2026-06-17 05:13:05] PERMANENTLY FAILED: backup.thaifilms.com
  - Attempts: 1/2
  - Final Error: Connection Timed Out

[2026-06-17 05:13:05] Processing 1.nflxso.net
  - Error on attempt 1: [Errno 8] nodename nor servname provided, or not known

[2026-06-17 05:13:05] PERMANENTLY FAILED: 1.nflxso.net
  - Attempts: 1/2
  - Final Error: [Errno 8] nodename nor servname provided, or not known

[2026-06-17 05:13:05] Processing 36swed01.live
  - Error on attempt 1: [Errno 8] nodename nor servname provided, or not known

[2026-06-17 05:13:05] PERMANENTLY FAILED: 36swed01.live
  - Attempts: 1/2
  - Final Error: [Errno 8] nodename nor servname provided, or not known

[2026-06-17 05:13:05] Processing akfprremote.musina.it
  - Error on attempt 1: Connection Timed Out

[2026-06-17 05:13:05] PERMANENTLY FAILED: akfprremote.musina.it
  - Attempts: 1/2
  - Final Error: Connection Timed Out

[2026-06-17 05:13:06] Processing 3ddab4164fe9af6b04d04185.keenetic.io
  - Error on attempt 1: [Errno 8] nodename nor servname provided, or not known

[2026-06-17 05:13:06] PERMANENTLY FAILED: 3ddab4164fe9af6b04d04185.keenetic.io
  - Attempts: 1/2
  - Final Error: [Errno 8] nodename nor servname provided, or not known

[2026-06-17 05:13:06] Processing dev.jrhz2.51.222.141.36.sslip.io
  - Error on attempt 1: [SSL: TLSV1_ALERT_INTERNAL_ERROR] tlsv1 alert internal error (_ssl.c:1006)

[2026-06-17 05:13:06] PERMANENTLY FAILED: dev.jrhz2.51.222.141.36.sslip.io
  - Attempts: 1/2
  - Final Error: [SSL: TLSV1_ALERT_INTERNAL_ERROR] tlsv1 alert internal error (_ssl.c:1006)

[2026-06-17 05:13:06] Processing c418e8a7999e4efa564.dcer.azurecertificateservice.azure-int.net
  - Error on attempt 1: [Errno 8] nodename nor servname provided, or not known

[2026-06-17 05:13:06] PERMANENTLY FAILED: c418e8a7999e4efa564.dcer.azurecertificateservice.azure-int.net
  - Attempts: 1/2
  - Final Error: [Errno 8] nodename nor servname provided, or not known

[2026-06-17 05:13:06] Processing harrywaynecasey.us
  - Error on attempt 1: [Errno 61] Connection refused

[2026-06-17 05:13:06] PERMANENTLY FAILED: harrywaynecasey.us
  - Attempts: 1/2
  - Final Error: [Errno 61] Connection refused

[2026-06-17 05:13:06] Processing goframe1.direct.quickconnect.to
  - Error on attempt 1: Connection Timed Out

[2026-06-17 05:13:06] PERMANENTLY FAILED: goframe1.direct.quickconnect.to
  - Attempts: 1/2
  - Final Error: Connection Timed Out

[2026-06-17 05:13:06] Processing ww1.lenlut.net
  - Error on attempt 1: Connection Timed Out

[2026-06-17 05:13:06] PERMANENTLY FAILED: ww1.lenlut.net
  - Attempts: 1/2
  - Final Error: Connection Timed Out

[2026-06-17 05:13:06] Processing web2.learnenglishkids.org
  - Error on attempt 1: Connection Timed Out

[2026-06-17 05:13:06] PERMANENTLY FAILED: web2.learnenglishkids.org
  - Attempts: 1/2
  - Final Error: Connection Timed Out

[2026-06-17 05:13:06] Processing acb91b02e6c700255fd.dcer.azurecertificateservice.azure-int.net
  - Error on attempt 1: [Errno 8] nodename nor servname provided, or not known

[2026-06-17 05:13:06] PERMANENTLY FAILED: acb91b02e6c700255fd.dcer.azurecertificateservice.azure-int.net
  - Attempts: 1/2
  - Final Error: [Errno 8] nodename nor servname provided, or not known

[2026-06-17 05:13:07] Processing a03bc95e26bd893f389.dcer.azurecertificateservice.azure-int.net
  - Error on attempt 1: [Errno 8] nodename nor servname provided, or not known

[2026-06-17 05:13:07] PERMANENTLY FAILED: a03bc95e26bd893f389.dcer.azurecertificateservice.azure-int.net
  - Attempts: 1/2
  - Final Error: [Errno 8] nodename nor servname provided, or not known

[2026-06-17 05:13:07] Processing cailyboots.direct.quickconnect.to
  - Error on attempt 1: Connection Timed Out

[2026-06-17 05:13:07] PERMANENTLY FAILED: cailyboots.direct.quickconnect.to
  - Attempts: 1/2
  - Final Error: Connection Timed Out

[2026-06-17 05:13:07] Processing 99f6c67a21a.dcer.azurecertificateservice.azure-int.net
  - Error on attempt 1: [Errno 8] nodename nor servname provided, or not known

[2026-06-17 05:13:07] PERMANENTLY FAILED: 99f6c67a21a.dcer.azurecertificateservice.azure-int.net
  - Attempts: 1/2
  - Final Error: [Errno 8] nodename nor servname provided, or not known

[2026-06-17 05:13:07] Processing help.exposebooks.com
  - Error on attempt 1: Connection Timed Out

[2026-06-17 05:13:07] PERMANENTLY FAILED: help.exposebooks.com
  - Attempts: 1/2
  - Final Error: Connection Timed Out

[2026-06-17 05:13:07] Processing ocninteractive.com
  - Error on attempt 1: Connection Timed Out

[2026-06-17 05:13:07] PERMANENTLY FAILED: ocninteractive.com
  - Attempts: 1/2
  - Final Error: Connection Timed Out

[2026-06-17 05:13:07] Processing thpgqrd.printbiz.com
  - Error on attempt 1: [Errno 8] nodename nor servname provided, or not known

[2026-06-17 05:13:07] PERMANENTLY FAILED: thpgqrd.printbiz.com
  - Attempts: 1/2
  - Final Error: [Errno 8] nodename nor servname provided, or not known

[2026-06-17 05:13:07] Processing worldpackaginginsights.com
  - Error on attempt 1: [Errno 61] Connection refused

[2026-06-17 05:13:07] PERMANENTLY FAILED: worldpackaginginsights.com
  - Attempts: 1/2
  - Final Error: [Errno 61] Connection refused

[2026-06-17 05:13:07] Processing thomasponcet-rustici.dev-eu.360l.io
  - Error on attempt 1: [Errno 8] nodename nor servname provided, or not known

[2026-06-17 05:13:07] PERMANENTLY FAILED: thomasponcet-rustici.dev-eu.360l.io
  - Attempts: 1/2
  - Final Error: [Errno 8] nodename nor servname provided, or not known

[2026-06-17 05:13:07] Processing neexora.shop
  - Error on attempt 1: [Errno 8] nodename nor servname provided, or not known

[2026-06-17 05:13:07] PERMANENTLY FAILED: neexora.shop
  - Attempts: 1/2
  - Final Error: [Errno 8] nodename nor servname provided, or not known

[2026-06-17 05:13:07] Processing staging.app.www.www.www.www.www.234cde3d.nip.io
  - Error on attempt 1: Connection Timed Out

[2026-06-17 05:13:07] PERMANENTLY FAILED: staging.app.www.www.www.www.www.234cde3d.nip.io
  - Attempts: 1/2
  - Final Error: Connection Timed Out

[2026-06-17 05:13:08] Processing 499bad7a04a.dcer.azurecertificateservice.azure-int.net
  - Error on attempt 1: [Errno 8] nodename nor servname provided, or not known

[2026-06-17 05:13:08] PERMANENTLY FAILED: 499bad7a04a.dcer.azurecertificateservice.azure-int.net
  - Attempts: 1/2
  - Final Error: [Errno 8] nodename nor servname provided, or not known

[2026-06-17 05:13:08] Processing exchange.moonstone.it
  - Error on attempt 1: Connection Timed Out

[2026-06-17 05:13:08] PERMANENTLY FAILED: exchange.moonstone.it
  - Attempts: 1/2
  - Final Error: Connection Timed Out

[2026-06-17 05:13:08] Processing notexistsadmin.lesliecaron-auberge.com
  - Error on attempt 1: Connection Timed Out

[2026-06-17 05:13:08] PERMANENTLY FAILED: notexistsadmin.lesliecaron-auberge.com
  - Attempts: 1/2
  - Final Error: Connection Timed Out

[2026-06-17 05:13:08] Processing ebac709ea91.dcer.azurecertificateservice.azure-int.net
  - Error on attempt 1: [Errno 8] nodename nor servname provided, or not known

[2026-06-17 05:13:08] PERMANENTLY FAILED: ebac709ea91.dcer.azurecertificateservice.azure-int.net
  - Attempts: 1/2
  - Final Error: [Errno 8] nodename nor servname provided, or not known

[2026-06-17 05:13:08] Processing net.onup.de
  - Error on attempt 1: [Errno 8] nodename nor servname provided, or not known

[2026-06-17 05:13:08] PERMANENTLY FAILED: net.onup.de
  - Attempts: 1/2
  - Final Error: [Errno 8] nodename nor servname provided, or not known

[2026-06-17 05:13:08] Processing centraloncologyreview.com
  - Error on attempt 1: [Errno 8] nodename nor servname provided, or not known

[2026-06-17 05:13:08] PERMANENTLY FAILED: centraloncologyreview.com
  - Attempts: 1/2
  - Final Error: [Errno 8] nodename nor servname provided, or not known

[2026-06-17 05:13:08] Processing admin.secure.stage.csbtestingipfacts.triage.com
  - Error on attempt 1: [SSL: TLSV1_ALERT_INTERNAL_ERROR] tlsv1 alert internal error (_ssl.c:1006)

[2026-06-17 05:13:08] PERMANENTLY FAILED: admin.secure.stage.csbtestingipfacts.triage.com
  - Attempts: 1/2
  - Final Error: [SSL: TLSV1_ALERT_INTERNAL_ERROR] tlsv1 alert internal error (_ssl.c:1006)

[2026-06-17 05:13:08] Processing gltestapp.com
  - Error on attempt 1: [Errno 8] nodename nor servname provided, or not known

[2026-06-17 05:13:08] PERMANENTLY FAILED: gltestapp.com
  - Attempts: 1/2
  - Final Error: [Errno 8] nodename nor servname provided, or not known

[2026-06-17 05:13:08] Processing corpalliances.site
  - Error on attempt 1: [Errno 8] nodename nor servname provided, or not known

[2026-06-17 05:13:08] PERMANENTLY FAILED: corpalliances.site
  - Attempts: 1/2
  - Final Error: [Errno 8] nodename nor servname provided, or not known

[2026-06-17 05:13:08] Processing cdek.sbermarket.www.ww.id0718.com
  - Error on attempt 1: [Errno 8] nodename nor servname provided, or not known

[2026-06-17 05:13:08] PERMANENTLY FAILED: cdek.sbermarket.www.ww.id0718.com
  - Attempts: 1/2
  - Final Error: [Errno 8] nodename nor servname provided, or not known

[2026-06-17 05:13:08] Processing roos.casjansenit.nl
  - Error on attempt 1: [Errno 8] nodename nor servname provided, or not known

[2026-06-17 05:13:08] PERMANENTLY FAILED: roos.casjansenit.nl
  - Attempts: 1/2
  - Final Error: [Errno 8] nodename nor servname provided, or not known

[2026-06-17 05:13:08] Processing paqvrqa.carbonforumasia.com
  - Error on attempt 1: Connection Timed Out

[2026-06-17 05:13:08] PERMANENTLY FAILED: paqvrqa.carbonforumasia.com
  - Attempts: 1/2
  - Final Error: Connection Timed Out

[2026-06-17 05:13:09] Processing docker.nmdoj.gov
  - Error on attempt 1: [Errno 8] nodename nor servname provided, or not known

[2026-06-17 05:13:09] PERMANENTLY FAILED: docker.nmdoj.gov
  - Attempts: 1/2
  - Final Error: [Errno 8] nodename nor servname provided, or not known

[2026-06-17 05:13:09] Processing buffer-buffer-metrics.dev-c15a-labawsuse.lab.ppops.net
  - Error on attempt 1: [Errno 8] nodename nor servname provided, or not known

[2026-06-17 05:13:09] PERMANENTLY FAILED: buffer-buffer-metrics.dev-c15a-labawsuse.lab.ppops.net
  - Attempts: 1/2
  - Final Error: [Errno 8] nodename nor servname provided, or not known

[2026-06-17 05:13:09] Processing rxlbdnstf-domain-eu-n2.ccm-rxlb-dns-tf.certsbridge.com
  - Error on attempt 1: [Errno 8] nodename nor servname provided, or not known

[2026-06-17 05:13:09] PERMANENTLY FAILED: rxlbdnstf-domain-eu-n2.ccm-rxlb-dns-tf.certsbridge.com
  - Attempts: 1/2
  - Final Error: [Errno 8] nodename nor servname provided, or not known

[2026-06-17 05:13:09] Processing d.obsci.com
  - Error on attempt 1: [Errno 8] nodename nor servname provided, or not known

[2026-06-17 05:13:09] PERMANENTLY FAILED: d.obsci.com
  - Attempts: 1/2
  - Final Error: [Errno 8] nodename nor servname provided, or not known

[2026-06-17 05:13:09] Processing www4.ktm-faber.de
  - Error on attempt 1: [SSL: TLSV1_ALERT_INTERNAL_ERROR] tlsv1 alert internal error (_ssl.c:1006)

[2026-06-17 05:13:09] PERMANENTLY FAILED: www4.ktm-faber.de
  - Attempts: 1/2
  - Final Error: [SSL: TLSV1_ALERT_INTERNAL_ERROR] tlsv1 alert internal error (_ssl.c:1006)

[2026-06-17 05:13:09] Processing sumio.online
  - Error on attempt 1: [Errno 8] nodename nor servname provided, or not known

[2026-06-17 05:13:09] PERMANENTLY FAILED: sumio.online
  - Attempts: 1/2
  - Final Error: [Errno 8] nodename nor servname provided, or not known

[2026-06-17 05:13:09] Processing f0ce11ffbdf55a6d0515ec8a.keenetic.io
  - Error on attempt 1: [Errno 8] nodename nor servname provided, or not known

[2026-06-17 05:13:09] PERMANENTLY FAILED: f0ce11ffbdf55a6d0515ec8a.keenetic.io
  - Attempts: 1/2
  - Final Error: [Errno 8] nodename nor servname provided, or not known

[2026-06-17 05:13:10] Processing 90.nitelikmedya.com
  - Error on attempt 1: [Errno 8] nodename nor servname provided, or not known

[2026-06-17 05:13:10] PERMANENTLY FAILED: 90.nitelikmedya.com
  - Attempts: 1/2
  - Final Error: [Errno 8] nodename nor servname provided, or not known

[2026-06-17 05:13:10] Processing sylmwear.com
  - Error on attempt 1: [SSL: SSLV3_ALERT_HANDSHAKE_FAILURE] ssl/tls alert handshake failure (_ssl.c:1006)

[2026-06-17 05:13:10] PERMANENTLY FAILED: sylmwear.com
  - Attempts: 1/2
  - Final Error: [SSL: SSLV3_ALERT_HANDSHAKE_FAILURE] ssl/tls alert handshake failure (_ssl.c:1006)

[2026-06-17 05:13:10] Processing backup.tischlerei-lehmann.de
  - Error on attempt 1: Connection Timed Out

[2026-06-17 05:13:10] PERMANENTLY FAILED: backup.tischlerei-lehmann.de
  - Attempts: 1/2
  - Final Error: Connection Timed Out

[2026-06-17 05:13:10] Processing wwuat.innovationcast.net
  - Error on attempt 1: [Errno 8] nodename nor servname provided, or not known

[2026-06-17 05:13:10] PERMANENTLY FAILED: wwuat.innovationcast.net
  - Attempts: 1/2
  - Final Error: [Errno 8] nodename nor servname provided, or not known

[2026-06-17 05:13:10] Processing 690248dc74c39840143c1d4c.keenetic.io
  - Error on attempt 1: [Errno 8] nodename nor servname provided, or not known

[2026-06-17 05:13:10] PERMANENTLY FAILED: 690248dc74c39840143c1d4c.keenetic.io
  - Attempts: 1/2
  - Final Error: [Errno 8] nodename nor servname provided, or not known

[2026-06-17 05:13:10] Processing admin.sni.cloudflaressl.comjyqgzdxo.surveyssaas.com
  - Error on attempt 1: [Errno 61] Connection refused

[2026-06-17 05:13:10] PERMANENTLY FAILED: admin.sni.cloudflaressl.comjyqgzdxo.surveyssaas.com
  - Attempts: 1/2
  - Final Error: [Errno 61] Connection refused

[2026-06-17 05:13:11] Processing dev.www.bodyshoppng.com
  - Error on attempt 1: [Errno 8] nodename nor servname provided, or not known

[2026-06-17 05:13:11] PERMANENTLY FAILED: dev.www.bodyshoppng.com
  - Attempts: 1/2
  - Final Error: [Errno 8] nodename nor servname provided, or not known

[2026-06-17 05:13:11] Processing admin.api.mohuazhi.cn
  - Error on attempt 1: Connection Timed Out

[2026-06-17 05:13:11] PERMANENTLY FAILED: admin.api.mohuazhi.cn
  - Attempts: 1/2
  - Final Error: Connection Timed Out

[2026-06-17 05:13:11] Processing etc-telecomm.com
  - Error on attempt 1: [Errno 54] Connection reset by peer

[2026-06-17 05:13:11] PERMANENTLY FAILED: etc-telecomm.com
  - Attempts: 1/2
  - Final Error: [Errno 54] Connection reset by peer

[2026-06-17 05:13:11] Processing dev.www.console.wwwdemo.marionstronks.nl
  - Error on attempt 1: [SSL: TLSV1_ALERT_INTERNAL_ERROR] tlsv1 alert internal error (_ssl.c:1006)

[2026-06-17 05:13:11] PERMANENTLY FAILED: dev.www.console.wwwdemo.marionstronks.nl
  - Attempts: 1/2
  - Final Error: [SSL: TLSV1_ALERT_INTERNAL_ERROR] tlsv1 alert internal error (_ssl.c:1006)

[2026-06-17 05:13:11] Processing fastchargecoffee.com
  - Error on attempt 1: [Errno 61] Connection refused

[2026-06-17 05:13:11] PERMANENTLY FAILED: fastchargecoffee.com
  - Attempts: 1/2
  - Final Error: [Errno 61] Connection refused

[2026-06-17 05:13:11] Processing trushastudios.com
  - Error on attempt 1: [Errno 8] nodename nor servname provided, or not known

[2026-06-17 05:13:11] PERMANENTLY FAILED: trushastudios.com
  - Attempts: 1/2
  - Final Error: [Errno 8] nodename nor servname provided, or not known

[2026-06-17 05:13:12] Processing test.demo-data.itinerator.ca
  - Error on attempt 1: [SSL: TLSV1_ALERT_INTERNAL_ERROR] tlsv1 alert internal error (_ssl.c:1006)

[2026-06-17 05:13:12] PERMANENTLY FAILED: test.demo-data.itinerator.ca
  - Attempts: 1/2
  - Final Error: [SSL: TLSV1_ALERT_INTERNAL_ERROR] tlsv1 alert internal error (_ssl.c:1006)

[2026-06-17 05:13:12] Processing ww17.3.embitenergy.com
  - Error on attempt 1: Connection Timed Out

[2026-06-17 05:13:12] PERMANENTLY FAILED: ww17.3.embitenergy.com
  - Attempts: 1/2
  - Final Error: Connection Timed Out

[2026-06-17 05:13:12] Processing manage.wildones.com
  - Error on attempt 1: Connection Timed Out

[2026-06-17 05:13:12] PERMANENTLY FAILED: manage.wildones.com
  - Attempts: 1/2
  - Final Error: Connection Timed Out

[2026-06-17 05:13:13] Processing notification-gw.daktela.test.pbk-lab.tech
  - Error on attempt 1: Connection Timed Out

[2026-06-17 05:13:13] PERMANENTLY FAILED: notification-gw.daktela.test.pbk-lab.tech
  - Attempts: 1/2
  - Final Error: Connection Timed Out

[2026-06-17 05:13:13] Processing dev.shexpdbz.caddy-one-ibe-redirect-proxy.eu-central-1.elasticbeanstalk.com
  - Error on attempt 1: Connection Timed Out

[2026-06-17 05:13:13] PERMANENTLY FAILED: dev.shexpdbz.caddy-one-ibe-redirect-proxy.eu-central-1.elasticbeanstalk.com
  - Attempts: 1/2
  - Final Error: Connection Timed Out

[2026-06-17 05:13:14] Processing ogakuzunyanko.com
  - Error on attempt 1: [Errno 8] nodename nor servname provided, or not known

[2026-06-17 05:13:14] PERMANENTLY FAILED: ogakuzunyanko.com
  - Attempts: 1/2
  - Final Error: [Errno 8] nodename nor servname provided, or not known

[2026-06-17 05:13:14] Processing api.caronavirusvaccines.com
  - Error on attempt 1: Connection Timed Out

[2026-06-17 05:13:14] PERMANENTLY FAILED: api.caronavirusvaccines.com
  - Attempts: 1/2
  - Final Error: Connection Timed Out

[2026-06-17 05:13:15] Processing polyana-chudes.ru
  - Error on attempt 1: [Errno 8] nodename nor servname provided, or not known

[2026-06-17 05:13:15] PERMANENTLY FAILED: polyana-chudes.ru
  - Attempts: 1/2
  - Final Error: [Errno 8] nodename nor servname provided, or not known

[2026-06-17 05:13:15] Processing device-local-506efda0-7338-41ba-a009-4c6e8ca3ac0d.remotewd.com
  - Error on attempt 1: Connection Timed Out

[2026-06-17 05:13:15] PERMANENTLY FAILED: device-local-506efda0-7338-41ba-a009-4c6e8ca3ac0d.remotewd.com
  - Attempts: 1/2
  - Final Error: Connection Timed Out

[2026-06-17 05:13:15] Processing veeam.calcuator.com
  - Error on attempt 1: Connection Timed Out

[2026-06-17 05:13:15] PERMANENTLY FAILED: veeam.calcuator.com
  - Attempts: 1/2
  - Final Error: Connection Timed Out

[2026-06-17 05:13:15] Processing firewall.enigmatec.com
  - Error on attempt 1: Connection Timed Out

[2026-06-17 05:13:15] PERMANENTLY FAILED: firewall.enigmatec.com
  - Attempts: 1/2
  - Final Error: Connection Timed Out

[2026-06-17 05:13:15] Processing generate-api.sag.ceo
  - Error on attempt 1: Connection Timed Out

[2026-06-17 05:13:15] PERMANENTLY FAILED: generate-api.sag.ceo
  - Attempts: 1/2
  - Final Error: Connection Timed Out

[2026-06-17 05:13:16] Processing alidndev.lax.no
  - Error on attempt 1: Connection Timed Out

[2026-06-17 05:13:16] PERMANENTLY FAILED: alidndev.lax.no
  - Attempts: 1/2
  - Final Error: Connection Timed Out

[2026-06-17 05:13:16] Processing buyer-api.upload.cash
  - Error on attempt 1: Connection Timed Out

[2026-06-17 05:13:16] PERMANENTLY FAILED: buyer-api.upload.cash
  - Attempts: 1/2
  - Final Error: Connection Timed Out

[2026-06-17 05:13:16] Processing m.aus.vg
  - Error on attempt 1: Connection Timed Out

[2026-06-17 05:13:16] PERMANENTLY FAILED: m.aus.vg
  - Attempts: 1/2
  - Final Error: Connection Timed Out

[2026-06-17 05:13:16] Processing a7dfdae7-e0f1-4034-a845-382e5e25d30e.caronavirusvaccines.com
  - Error on attempt 1: Connection Timed Out

[2026-06-17 05:13:16] PERMANENTLY FAILED: a7dfdae7-e0f1-4034-a845-382e5e25d30e.caronavirusvaccines.com
  - Attempts: 1/2
  - Final Error: Connection Timed Out

[2026-06-17 05:13:16] Processing test.shexpdbz.caddy-one-ibe-redirect-proxy.eu-central-1.elasticbeanstalk.com
  - Error on attempt 1: Connection Timed Out

[2026-06-17 05:13:16] PERMANENTLY FAILED: test.shexpdbz.caddy-one-ibe-redirect-proxy.eu-central-1.elasticbeanstalk.com
  - Attempts: 1/2
  - Final Error: Connection Timed Out

[2026-06-17 05:13:17] Processing ts.meisterbrief.eu
  - Error on attempt 1: Connection Timed Out

[2026-06-17 05:13:17] PERMANENTLY FAILED: ts.meisterbrief.eu
  - Attempts: 1/2
  - Final Error: Connection Timed Out

[2026-06-17 05:13:17] Processing myvateam.hu
  - Error on attempt 1: Connection Timed Out

[2026-06-17 05:13:17] PERMANENTLY FAILED: myvateam.hu
  - Attempts: 1/2
  - Final Error: Connection Timed Out

[2026-06-17 05:13:18] Processing bjoptical.com
  - Error on attempt 1: [Errno 8] nodename nor servname provided, or not known

[2026-06-17 05:13:18] PERMANENTLY FAILED: bjoptical.com
  - Attempts: 1/2
  - Final Error: [Errno 8] nodename nor servname provided, or not known

[2026-06-17 05:13:18] Processing pop-mail.mosaic.ro
  - Error on attempt 1: Connection Timed Out

[2026-06-17 05:13:18] PERMANENTLY FAILED: pop-mail.mosaic.ro
  - Attempts: 1/2
  - Final Error: Connection Timed Out

[2026-06-17 05:13:19] Processing il.mateimonio.com
  - Error on attempt 1: Connection Timed Out

[2026-06-17 05:13:19] PERMANENTLY FAILED: il.mateimonio.com
  - Attempts: 1/2
  - Final Error: Connection Timed Out

[2026-06-17 05:13:19] Processing antonkudo-design.workers.dev
  - Error on attempt 1: [Errno 8] nodename nor servname provided, or not known

[2026-06-17 05:13:19] PERMANENTLY FAILED: antonkudo-design.workers.dev
  - Attempts: 1/2
  - Final Error: [Errno 8] nodename nor servname provided, or not known

[2026-06-17 05:13:19] Processing app.rubackyte.eu
  - Error on attempt 1: Connection Timed Out

[2026-06-17 05:13:19] PERMANENTLY FAILED: app.rubackyte.eu
  - Attempts: 1/2
  - Final Error: Connection Timed Out

[2026-06-17 05:13:19] Processing pay.katiebacuart.com
  - Error on attempt 1: [Errno 8] nodename nor servname provided, or not known

[2026-06-17 05:13:19] PERMANENTLY FAILED: pay.katiebacuart.com
  - Attempts: 1/2
  - Final Error: [Errno 8] nodename nor servname provided, or not known

[2026-06-17 05:13:20] Processing figzoo.us
  - Error on attempt 1: [Errno 8] nodename nor servname provided, or not known

[2026-06-17 05:13:20] PERMANENTLY FAILED: figzoo.us
  - Attempts: 1/2
  - Final Error: [Errno 8] nodename nor servname provided, or not known

[2026-06-17 05:13:20] Processing chuanmeia.top
  - Error on attempt 1: Connection Timed Out

[2026-06-17 05:13:20] PERMANENTLY FAILED: chuanmeia.top
  - Attempts: 1/2
  - Final Error: Connection Timed Out

[2026-06-17 05:13:20] Processing dh4300plus-543c-8bio.direct.ug.link
  - Error on attempt 1: [Errno 8] nodename nor servname provided, or not known

[2026-06-17 05:13:20] PERMANENTLY FAILED: dh4300plus-543c-8bio.direct.ug.link
  - Attempts: 1/2
  - Final Error: [Errno 8] nodename nor servname provided, or not known

[2026-06-17 05:13:20] Processing partaiidamess.upload.cash
  - Error on attempt 1: Connection Timed Out

[2026-06-17 05:13:20] PERMANENTLY FAILED: partaiidamess.upload.cash
  - Attempts: 1/2
  - Final Error: Connection Timed Out

[2026-06-17 05:13:20] Processing qa.upload.cash
  - Error on attempt 1: Connection Timed Out

[2026-06-17 05:13:20] PERMANENTLY FAILED: qa.upload.cash
  - Attempts: 1/2
  - Final Error: Connection Timed Out

[2026-06-17 05:13:21] Processing ulfgyforum.davkom.com
  - Error on attempt 1: [Errno 8] nodename nor servname provided, or not known

[2026-06-17 05:13:21] PERMANENTLY FAILED: ulfgyforum.davkom.com
  - Attempts: 1/2
  - Final Error: [Errno 8] nodename nor servname provided, or not known

[2026-06-17 05:13:21] Processing a2ea7aa6-6ff1-4a94-93dd-12010fb83d57.fadnetworks.com
  - Error on attempt 1: Connection Timed Out

[2026-06-17 05:13:21] PERMANENTLY FAILED: a2ea7aa6-6ff1-4a94-93dd-12010fb83d57.fadnetworks.com
  - Attempts: 1/2
  - Final Error: Connection Timed Out

[2026-06-17 05:13:21] Processing eventtracking-881298764.10.qa.hubspot-at-test.com
  - Error on attempt 1: [SSL: SSLV3_ALERT_HANDSHAKE_FAILURE] ssl/tls alert handshake failure (_ssl.c:1006)

[2026-06-17 05:13:21] PERMANENTLY FAILED: eventtracking-881298764.10.qa.hubspot-at-test.com
  - Attempts: 1/2
  - Final Error: [SSL: SSLV3_ALERT_HANDSHAKE_FAILURE] ssl/tls alert handshake failure (_ssl.c:1006)

[2026-06-17 05:13:21] Processing tonyolinda.synology.me
  - Error on attempt 1: Connection Timed Out

[2026-06-17 05:13:21] PERMANENTLY FAILED: tonyolinda.synology.me
  - Attempts: 1/2
  - Final Error: Connection Timed Out

[2026-06-17 05:13:21] Processing talge.direct.quickconnect.to
  - Error on attempt 1: Connection Timed Out

[2026-06-17 05:13:21] PERMANENTLY FAILED: talge.direct.quickconnect.to
  - Attempts: 1/2
  - Final Error: Connection Timed Out

[2026-06-17 05:13:21] Processing dittymaker.com
  - Error on attempt 1: Connection Timed Out

[2026-06-17 05:13:21] PERMANENTLY FAILED: dittymaker.com
  - Attempts: 1/2
  - Final Error: Connection Timed Out

[2026-06-17 05:13:21] Processing nas.austinchanyufung.com
  - Error on attempt 1: Connection Timed Out

[2026-06-17 05:13:21] PERMANENTLY FAILED: nas.austinchanyufung.com
  - Attempts: 1/2
  - Final Error: Connection Timed Out

[2026-06-17 05:13:21] Processing dev.davkom.com
  - Error on attempt 1: [Errno 8] nodename nor servname provided, or not known

[2026-06-17 05:13:21] PERMANENTLY FAILED: dev.davkom.com
  - Attempts: 1/2
  - Final Error: [Errno 8] nodename nor servname provided, or not known

[2026-06-17 05:13:22] Processing ww31.v172.thefutureis.digital
  - Error on attempt 1: [Errno 8] nodename nor servname provided, or not known

[2026-06-17 05:13:22] PERMANENTLY FAILED: ww31.v172.thefutureis.digital
  - Attempts: 1/2
  - Final Error: [Errno 8] nodename nor servname provided, or not known

[2026-06-17 05:13:22] Processing fregfc.com
  - Error on attempt 1: [Errno 61] Connection refused

[2026-06-17 05:13:22] PERMANENTLY FAILED: fregfc.com
  - Attempts: 1/2
  - Final Error: [Errno 61] Connection refused

[2026-06-17 05:13:22] Processing correo.tischlerei-lehmann.de
  - Error on attempt 1: Connection Timed Out

[2026-06-17 05:13:22] PERMANENTLY FAILED: correo.tischlerei-lehmann.de
  - Attempts: 1/2
  - Final Error: Connection Timed Out

[2026-06-17 05:13:23] Processing fapi.fda-74b7bcb8.core.build.vwn.cloud
  - Error on attempt 1: [Errno 8] nodename nor servname provided, or not known

[2026-06-17 05:13:23] PERMANENTLY FAILED: fapi.fda-74b7bcb8.core.build.vwn.cloud
  - Attempts: 1/2
  - Final Error: [Errno 8] nodename nor servname provided, or not known

[2026-06-17 05:13:23] Processing planchamex.com
  - Error on attempt 1: [Errno 8] nodename nor servname provided, or not known

[2026-06-17 05:13:23] PERMANENTLY FAILED: planchamex.com
  - Attempts: 1/2
  - Final Error: [Errno 8] nodename nor servname provided, or not known

[2026-06-17 05:13:24] Processing kuhllinscomb.info
  - Error on attempt 1: [Errno 61] Connection refused

[2026-06-17 05:13:24] PERMANENTLY FAILED: kuhllinscomb.info
  - Attempts: 1/2
  - Final Error: [Errno 61] Connection refused

[2026-06-17 05:13:24] Processing 6c7ba102-7a72-4d65-89a3-1c4663e837c3.donuts-zentrale.de
  - Error on attempt 1: [Errno 8] nodename nor servname provided, or not known

[2026-06-17 05:13:24] PERMANENTLY FAILED: 6c7ba102-7a72-4d65-89a3-1c4663e837c3.donuts-zentrale.de
  - Attempts: 1/2
  - Final Error: [Errno 8] nodename nor servname provided, or not known

[2026-06-17 05:13:27] Processing device-local-89f2d358-408b-4d30-8aaa-84423a952d29.remotewd.com
  - Error on attempt 1: Connection Timed Out

[2026-06-17 05:13:27] PERMANENTLY FAILED: device-local-89f2d358-408b-4d30-8aaa-84423a952d29.remotewd.com
  - Attempts: 1/2
  - Final Error: Connection Timed Out

[2026-06-17 05:13:27] Processing interactievevideo.metmotion.nl
  - Error on attempt 1: [Errno 8] nodename nor servname provided, or not known

[2026-06-17 05:13:27] PERMANENTLY FAILED: interactievevideo.metmotion.nl
  - Attempts: 1/2
  - Final Error: [Errno 8] nodename nor servname provided, or not known

[2026-06-17 05:13:27] Processing web16977.kthy.net
  - Error on attempt 1: Connection Timed Out

[2026-06-17 05:13:27] PERMANENTLY FAILED: web16977.kthy.net
  - Attempts: 1/2
  - Final Error: Connection Timed Out

[2026-06-17 05:13:28] Processing popmail.mosaic.ro
  - Error on attempt 1: Connection Timed Out

[2026-06-17 05:13:28] PERMANENTLY FAILED: popmail.mosaic.ro
  - Attempts: 1/2
  - Final Error: Connection Timed Out

[2026-06-17 05:13:28] Processing api.andrena.viewbook.com
  - Error on attempt 1: Connection Timed Out

[2026-06-17 05:13:28] PERMANENTLY FAILED: api.andrena.viewbook.com
  - Attempts: 1/2
  - Final Error: Connection Timed Out

[2026-06-17 05:13:28] Processing zimbra.buongiorno.de
  - Error on attempt 1: Connection Timed Out

[2026-06-17 05:13:28] PERMANENTLY FAILED: zimbra.buongiorno.de
  - Attempts: 1/2
  - Final Error: Connection Timed Out

[2026-06-17 05:13:29] Processing abohadaicloud.direct.quickconnect.to
  - Error on attempt 1: Connection Timed Out

[2026-06-17 05:13:29] PERMANENTLY FAILED: abohadaicloud.direct.quickconnect.to
  - Attempts: 1/2
  - Final Error: Connection Timed Out

[2026-06-17 05:13:29] Processing smtp.upload.cash
  - Error on attempt 1: Connection Timed Out

[2026-06-17 05:13:29] PERMANENTLY FAILED: smtp.upload.cash
  - Attempts: 1/2
  - Final Error: Connection Timed Out

[2026-06-17 05:13:29] Processing piotrekkowalskisynology.direct.quickconnect.to
  - Error on attempt 1: Connection Timed Out

[2026-06-17 05:13:29] PERMANENTLY FAILED: piotrekkowalskisynology.direct.quickconnect.to
  - Attempts: 1/2
  - Final Error: Connection Timed Out

[2026-06-17 05:13:30] Processing wwwdev.www.crm.crm.35-226-225-22.sslip.io
  - Error on attempt 1: Connection Timed Out

[2026-06-17 05:13:30] PERMANENTLY FAILED: wwwdev.www.crm.crm.35-226-225-22.sslip.io
  - Attempts: 1/2
  - Final Error: Connection Timed Out

[2026-06-17 05:13:31] Processing dma.ricezionemms.info
  - Error on attempt 1: Connection Timed Out

[2026-06-17 05:13:31] PERMANENTLY FAILED: dma.ricezionemms.info
  - Attempts: 1/2
  - Final Error: Connection Timed Out

[2026-06-17 05:13:32] Processing ra.fadnetworks.com
  - Error on attempt 1: Connection Timed Out

[2026-06-17 05:13:32] PERMANENTLY FAILED: ra.fadnetworks.com
  - Attempts: 1/2
  - Final Error: Connection Timed Out

[2026-06-17 05:13:32] Processing dogstardigitalgroup.com
  - Error on attempt 1: Connection Timed Out

[2026-06-17 05:13:32] PERMANENTLY FAILED: dogstardigitalgroup.com
  - Attempts: 1/2
  - Final Error: Connection Timed Out

[2026-06-17 05:13:32] Processing fortigate.gayaqua.ch
  - Error on attempt 1: Connection Timed Out

[2026-06-17 05:13:32] PERMANENTLY FAILED: fortigate.gayaqua.ch
  - Attempts: 1/2
  - Final Error: Connection Timed Out

[2026-06-17 05:13:33] Processing notexistsgit.iphone.at
  - Error on attempt 1: Connection Timed Out

[2026-06-17 05:13:33] PERMANENTLY FAILED: notexistsgit.iphone.at
  - Attempts: 1/2
  - Final Error: Connection Timed Out

[2026-06-17 05:13:33] Processing dev.andreloessel.viewbook.com
  - Error on attempt 1: Connection Timed Out

[2026-06-17 05:13:33] PERMANENTLY FAILED: dev.andreloessel.viewbook.com
  - Attempts: 1/2
  - Final Error: Connection Timed Out

[2026-06-17 05:13:34] Processing demo.xn--hndler-bua.com
  - Error on attempt 1: Connection Timed Out

[2026-06-17 05:13:34] PERMANENTLY FAILED: demo.xn--hndler-bua.com
  - Attempts: 1/2
  - Final Error: Connection Timed Out

[2026-06-17 05:13:36] Processing panel.apexstudio.cc
  - Error on attempt 1: Connection Timed Out

[2026-06-17 05:13:36] PERMANENTLY FAILED: panel.apexstudio.cc
  - Attempts: 1/2
  - Final Error: Connection Timed Out

[2026-06-17 05:13:36] Processing device-local-d8a7ec2a-7894-4b8a-ac16-fcb8fd02bb1f.remotewd.com
  - Error on attempt 1: Connection Timed Out

[2026-06-17 05:13:36] PERMANENTLY FAILED: device-local-d8a7ec2a-7894-4b8a-ac16-fcb8fd02bb1f.remotewd.com
  - Attempts: 1/2
  - Final Error: Connection Timed Out

[2026-06-17 05:13:37] Processing pgcg0s88ow84co44cc440kgw.app.bobru.pl
  - Error on attempt 1: Connection Timed Out

[2026-06-17 05:13:37] PERMANENTLY FAILED: pgcg0s88ow84co44cc440kgw.app.bobru.pl
  - Attempts: 1/2
  - Final Error: Connection Timed Out

[2026-06-17 05:13:37] Processing blushhstudio.co.nz
  - Error on attempt 1: Connection Timed Out

[2026-06-17 05:13:37] PERMANENTLY FAILED: blushhstudio.co.nz
  - Attempts: 1/2
  - Final Error: Connection Timed Out

[2026-06-17 05:13:38] Processing jessitiveenergycandleco.com
  - Error on attempt 1: Connection Timed Out

[2026-06-17 05:13:38] PERMANENTLY FAILED: jessitiveenergycandleco.com
  - Attempts: 1/2
  - Final Error: Connection Timed Out

[2026-06-17 05:13:40] Processing naprawiamagd.pl
  - Error on attempt 1: [Errno 8] nodename nor servname provided, or not known

[2026-06-17 05:13:40] PERMANENTLY FAILED: naprawiamagd.pl
  - Attempts: 1/2
  - Final Error: [Errno 8] nodename nor servname provided, or not known

[2026-06-17 05:13:40] Processing staging.dev.novyportal.almased.uk
  - Error on attempt 1: [Errno 8] nodename nor servname provided, or not known

[2026-06-17 05:13:40] PERMANENTLY FAILED: staging.dev.novyportal.almased.uk
  - Attempts: 1/2
  - Final Error: [Errno 8] nodename nor servname provided, or not known

[2026-06-17 05:13:41] Processing shop.floralasylum.com
  - Error on attempt 1: [Errno 8] nodename nor servname provided, or not known

[2026-06-17 05:13:41] PERMANENTLY FAILED: shop.floralasylum.com
  - Attempts: 1/2
  - Final Error: [Errno 8] nodename nor servname provided, or not known

[2026-06-17 05:13:41] Processing atlasplatforms.com.au
  - Error on attempt 1: [Errno 8] nodename nor servname provided, or not known

[2026-06-17 05:13:41] PERMANENTLY FAILED: atlasplatforms.com.au
  - Attempts: 1/2
  - Final Error: [Errno 8] nodename nor servname provided, or not known

[2026-06-17 05:13:42] Processing lohxewomen.didona.com
  - Error on attempt 1: [Errno 8] nodename nor servname provided, or not known

[2026-06-17 05:13:42] PERMANENTLY FAILED: lohxewomen.didona.com
  - Attempts: 1/2
  - Final Error: [Errno 8] nodename nor servname provided, or not known

[2026-06-17 05:13:44] Processing alpha.upload.cash
  - Error on attempt 1: [Errno 8] nodename nor servname provided, or not known

[2026-06-17 05:13:44] PERMANENTLY FAILED: alpha.upload.cash
  - Attempts: 1/2
  - Final Error: [Errno 8] nodename nor servname provided, or not known

[2026-06-17 05:13:45] Processing api.ctszhajp.caddy-one-ibe-redirect-proxy.eu-central-1.elasticbeanstalk.com
  - Error on attempt 1: Connection Timed Out

[2026-06-17 05:13:45] PERMANENTLY FAILED: api.ctszhajp.caddy-one-ibe-redirect-proxy.eu-central-1.elasticbeanstalk.com
  - Attempts: 1/2
  - Final Error: Connection Timed Out

[2026-06-17 05:13:47] Processing rockyourdisability.org
  - Error on attempt 1: Connection Timed Out

[2026-06-17 05:13:47] PERMANENTLY FAILED: rockyourdisability.org
  - Attempts: 1/2
  - Final Error: Connection Timed Out

[2026-06-17 05:13:47] Processing dev-executor.tradealgo.com
  - Error on attempt 1: Connection Timed Out

[2026-06-17 05:13:47] PERMANENTLY FAILED: dev-executor.tradealgo.com
  - Attempts: 1/2
  - Final Error: Connection Timed Out

[2026-06-17 05:13:50] Processing thepromisedcourier.com
  - Error on attempt 1: [Errno 8] nodename nor servname provided, or not known

[2026-06-17 05:13:50] PERMANENTLY FAILED: thepromisedcourier.com
  - Attempts: 1/2
  - Final Error: [Errno 8] nodename nor servname provided, or not known

[2026-06-17 05:13:50] Processing xravlvfd.pages.dev
  - Error on attempt 1: [Errno 8] nodename nor servname provided, or not known

[2026-06-17 05:13:50] PERMANENTLY FAILED: xravlvfd.pages.dev
  - Attempts: 1/2
  - Final Error: [Errno 8] nodename nor servname provided, or not known

[2026-06-17 05:13:50] Processing webdisk.onlinepianoist.com
  - Error on attempt 1: Connection Timed Out

[2026-06-17 05:13:50] PERMANENTLY FAILED: webdisk.onlinepianoist.com
  - Attempts: 1/2
  - Final Error: Connection Timed Out

[2026-06-17 05:13:51] Processing studio--crimsonchat.us-central1.hosted.app
  - Error on attempt 1: [Errno 8] nodename nor servname provided, or not known

[2026-06-17 05:13:51] PERMANENTLY FAILED: studio--crimsonchat.us-central1.hosted.app
  - Attempts: 1/2
  - Final Error: [Errno 8] nodename nor servname provided, or not known

[2026-06-17 05:13:51] Processing dukunaltayeb.net
  - Error on attempt 1: [Errno 8] nodename nor servname provided, or not known

[2026-06-17 05:13:51] PERMANENTLY FAILED: dukunaltayeb.net
  - Attempts: 1/2
  - Final Error: [Errno 8] nodename nor servname provided, or not known

[2026-06-17 05:13:51] Processing kkk.weimingyangvip.dpdns.org
  - Error on attempt 1: [Errno 8] nodename nor servname provided, or not known

[2026-06-17 05:13:51] PERMANENTLY FAILED: kkk.weimingyangvip.dpdns.org
  - Attempts: 1/2
  - Final Error: [Errno 8] nodename nor servname provided, or not known

[2026-06-17 05:13:51] Processing katieleverenz.noondaycollection.com
  - Error on attempt 1: [Errno 8] nodename nor servname provided, or not known

[2026-06-17 05:13:51] PERMANENTLY FAILED: katieleverenz.noondaycollection.com
  - Attempts: 1/2
  - Final Error: [Errno 8] nodename nor servname provided, or not known

[2026-06-17 05:13:51] Processing naestu.com
  - Error on attempt 1: [Errno 8] nodename nor servname provided, or not known

[2026-06-17 05:13:51] PERMANENTLY FAILED: naestu.com
  - Attempts: 1/2
  - Final Error: [Errno 8] nodename nor servname provided, or not known

[2026-06-17 05:13:51] Processing 2497324193.ccm-rxlb-dns.certsbridge.com
  - Error on attempt 1: [Errno 8] nodename nor servname provided, or not known

[2026-06-17 05:13:51] PERMANENTLY FAILED: 2497324193.ccm-rxlb-dns.certsbridge.com
  - Attempts: 1/2
  - Final Error: [Errno 8] nodename nor servname provided, or not known

[2026-06-17 05:13:52] Processing m.fadnetworks.com
  - Error on attempt 1: Connection Timed Out

[2026-06-17 05:13:52] PERMANENTLY FAILED: m.fadnetworks.com
  - Attempts: 1/2
  - Final Error: Connection Timed Out

[2026-06-17 05:13:54] Processing crossroadssolar.org
  - Error on attempt 1: [Errno 8] nodename nor servname provided, or not known

[2026-06-17 05:13:54] PERMANENTLY FAILED: crossroadssolar.org
  - Attempts: 1/2
  - Final Error: [Errno 8] nodename nor servname provided, or not known

[2026-06-17 05:13:55] Processing scottmchonecpa.com
  - Error on attempt 1: [Errno 8] nodename nor servname provided, or not known

[2026-06-17 05:13:55] PERMANENTLY FAILED: scottmchonecpa.com
  - Attempts: 1/2
  - Final Error: [Errno 8] nodename nor servname provided, or not known

[2026-06-17 05:13:55] Processing app2.alternatifokitoto.info
  - Error on attempt 1: [Errno 8] nodename nor servname provided, or not known

[2026-06-17 05:13:55] PERMANENTLY FAILED: app2.alternatifokitoto.info
  - Attempts: 1/2
  - Final Error: [Errno 8] nodename nor servname provided, or not known

[2026-06-17 05:13:56] Processing staging.lincolnhealth.orgomesienglish.slclogin.com
  - Error on attempt 1: [Errno 8] nodename nor servname provided, or not known

[2026-06-17 05:13:56] PERMANENTLY FAILED: staging.lincolnhealth.orgomesienglish.slclogin.com
  - Attempts: 1/2
  - Final Error: [Errno 8] nodename nor servname provided, or not known

[2026-06-17 05:13:56] Processing bkukwclientesvpn.davkom.com
  - Error on attempt 1: [Errno 8] nodename nor servname provided, or not known

[2026-06-17 05:13:56] PERMANENTLY FAILED: bkukwclientesvpn.davkom.com
  - Attempts: 1/2
  - Final Error: [Errno 8] nodename nor servname provided, or not known

[2026-06-17 05:13:57] Processing mail.mdarge.com
  - Error on attempt 1: [Errno 8] nodename nor servname provided, or not known

[2026-06-17 05:13:57] PERMANENTLY FAILED: mail.mdarge.com
  - Attempts: 1/2
  - Final Error: [Errno 8] nodename nor servname provided, or not known

[2026-06-17 05:13:57] Processing ttcwesthoek.be
  - Error on attempt 1: [Errno 8] nodename nor servname provided, or not known

[2026-06-17 05:13:57] PERMANENTLY FAILED: ttcwesthoek.be
  - Attempts: 1/2
  - Final Error: [Errno 8] nodename nor servname provided, or not known

[2026-06-17 05:13:57] Processing marketing.tp-webdesign.de
  - Error on attempt 1: [Errno 8] nodename nor servname provided, or not known

[2026-06-17 05:13:57] PERMANENTLY FAILED: marketing.tp-webdesign.de
  - Attempts: 1/2
  - Final Error: [Errno 8] nodename nor servname provided, or not known

[2026-06-17 05:13:57] Processing new.visionbiobg.com
  - Error on attempt 1: [Errno 8] nodename nor servname provided, or not known

[2026-06-17 05:13:57] PERMANENTLY FAILED: new.visionbiobg.com
  - Attempts: 1/2
  - Final Error: [Errno 8] nodename nor servname provided, or not known

[2026-06-17 05:13:59] Processing cabinet.erozan.com
  - Error on attempt 1: [Errno 8] nodename nor servname provided, or not known

[2026-06-17 05:13:59] PERMANENTLY FAILED: cabinet.erozan.com
  - Attempts: 1/2
  - Final Error: [Errno 8] nodename nor servname provided, or not known

[2026-06-17 05:13:59] Processing vertical8.online
  - Error on attempt 1: [Errno 8] nodename nor servname provided, or not known

[2026-06-17 05:13:59] PERMANENTLY FAILED: vertical8.online
  - Attempts: 1/2
  - Final Error: [Errno 8] nodename nor servname provided, or not known

[2026-06-17 05:13:59] Processing WKSP00107FDF.us.ups.com
  - Error on attempt 1: [Errno 8] nodename nor servname provided, or not known

[2026-06-17 05:13:59] PERMANENTLY FAILED: WKSP00107FDF.us.ups.com
  - Attempts: 1/2
  - Final Error: [Errno 8] nodename nor servname provided, or not known

[2026-06-17 05:14:01] Processing sgetq.org
  - Error on attempt 1: [Errno 8] nodename nor servname provided, or not known

[2026-06-17 05:14:01] PERMANENTLY FAILED: sgetq.org
  - Attempts: 1/2
  - Final Error: [Errno 8] nodename nor servname provided, or not known

[2026-06-17 05:14:02] Processing de.htlzjr3.com.tr
  - Error on attempt 1: [Errno 8] nodename nor servname provided, or not known

[2026-06-17 05:14:02] PERMANENTLY FAILED: de.htlzjr3.com.tr
  - Attempts: 1/2
  - Final Error: [Errno 8] nodename nor servname provided, or not known

[2026-06-17 05:14:03] Processing restepin.hug.ge
  - Error on attempt 1: [Errno 8] nodename nor servname provided, or not known

[2026-06-17 05:14:03] PERMANENTLY FAILED: restepin.hug.ge
  - Attempts: 1/2
  - Final Error: [Errno 8] nodename nor servname provided, or not known

[2026-06-17 05:14:03] Processing arielcenter.org
  - Error on attempt 1: [Errno 8] nodename nor servname provided, or not known

[2026-06-17 05:14:03] PERMANENTLY FAILED: arielcenter.org
  - Attempts: 1/2
  - Final Error: [Errno 8] nodename nor servname provided, or not known

[2026-06-17 05:14:03] Processing autodiscover.likh.com
  - Error on attempt 1: [SSL: TLSV1_UNRECOGNIZED_NAME] tlsv1 unrecognized name (_ssl.c:1006)

[2026-06-17 05:14:03] PERMANENTLY FAILED: autodiscover.likh.com
  - Attempts: 1/2
  - Final Error: [SSL: TLSV1_UNRECOGNIZED_NAME] tlsv1 unrecognized name (_ssl.c:1006)

[2026-06-17 05:14:04] Processing backoffice.erozan.com
  - Error on attempt 1: [Errno 8] nodename nor servname provided, or not known

[2026-06-17 05:14:04] PERMANENTLY FAILED: backoffice.erozan.com
  - Attempts: 1/2
  - Final Error: [Errno 8] nodename nor servname provided, or not known

[2026-06-17 05:14:06] Processing insight.irishinvestment.com
  - Error on attempt 1: [Errno 8] nodename nor servname provided, or not known

[2026-06-17 05:14:06] PERMANENTLY FAILED: insight.irishinvestment.com
  - Attempts: 1/2
  - Final Error: [Errno 8] nodename nor servname provided, or not known

[2026-06-17 05:14:06] Processing blacknerdradio.com
  - Error on attempt 1: [Errno 8] nodename nor servname provided, or not known

[2026-06-17 05:14:06] PERMANENTLY FAILED: blacknerdradio.com
  - Attempts: 1/2
  - Final Error: [Errno 8] nodename nor servname provided, or not known

[2026-06-17 05:14:07] Processing assets.demo.rentsync.io
  - Error on attempt 1: Connection Timed Out

[2026-06-17 05:14:07] PERMANENTLY FAILED: assets.demo.rentsync.io
  - Attempts: 1/2
  - Final Error: Connection Timed Out

[2026-06-17 05:14:07] Processing northcoastaction.com
  - Error on attempt 1: [Errno 8] nodename nor servname provided, or not known

[2026-06-17 05:14:07] PERMANENTLY FAILED: northcoastaction.com
  - Attempts: 1/2
  - Final Error: [Errno 8] nodename nor servname provided, or not known

[2026-06-17 05:14:07] Processing firstcut.digital
  - Error on attempt 1: Connection Timed Out

[2026-06-17 05:14:07] PERMANENTLY FAILED: firstcut.digital
  - Attempts: 1/2
  - Final Error: Connection Timed Out

[2026-06-17 05:14:08] Processing portal.digitops.com
  - Error on attempt 1: [SSL: TLSV1_UNRECOGNIZED_NAME] tlsv1 unrecognized name (_ssl.c:1006)

[2026-06-17 05:14:08] PERMANENTLY FAILED: portal.digitops.com
  - Attempts: 1/2
  - Final Error: [SSL: TLSV1_UNRECOGNIZED_NAME] tlsv1 unrecognized name (_ssl.c:1006)

[2026-06-17 05:14:08] Processing rexplorer.cr2.cl
  - Error on attempt 1: Connection Timed Out

[2026-06-17 05:14:08] PERMANENTLY FAILED: rexplorer.cr2.cl
  - Attempts: 1/2
  - Final Error: Connection Timed Out

[2026-06-17 05:14:08] Processing web.economicinitiative.com
  - Error on attempt 1: [Errno 8] nodename nor servname provided, or not known

[2026-06-17 05:14:08] PERMANENTLY FAILED: web.economicinitiative.com
  - Attempts: 1/2
  - Final Error: [Errno 8] nodename nor servname provided, or not known

[2026-06-17 05:14:09] Processing stage.pickup.metzgerei-reichenbach.de
  - Error on attempt 1: Connection Timed Out

[2026-06-17 05:14:09] PERMANENTLY FAILED: stage.pickup.metzgerei-reichenbach.de
  - Attempts: 1/2
  - Final Error: Connection Timed Out

[2026-06-17 05:14:10] Processing autodiscover.php-fusion.com
  - Error on attempt 1: [SSL: TLSV1_UNRECOGNIZED_NAME] tlsv1 unrecognized name (_ssl.c:1006)

[2026-06-17 05:14:10] PERMANENTLY FAILED: autodiscover.php-fusion.com
  - Attempts: 1/2
  - Final Error: [SSL: TLSV1_UNRECOGNIZED_NAME] tlsv1 unrecognized name (_ssl.c:1006)

[2026-06-17 05:14:10] Processing staging.cryptocurrencyhd.co
  - Error on attempt 1: Connection Timed Out

[2026-06-17 05:14:10] PERMANENTLY FAILED: staging.cryptocurrencyhd.co
  - Attempts: 1/2
  - Final Error: Connection Timed Out

[2026-06-17 05:14:10] Processing api.www.console.wwwwwwap2024.marionstronks.nl
  - Error on attempt 1: [SSL: TLSV1_ALERT_INTERNAL_ERROR] tlsv1 alert internal error (_ssl.c:1006)

[2026-06-17 05:14:10] PERMANENTLY FAILED: api.www.console.wwwwwwap2024.marionstronks.nl
  - Attempts: 1/2
  - Final Error: [SSL: TLSV1_ALERT_INTERNAL_ERROR] tlsv1 alert internal error (_ssl.c:1006)

[2026-06-17 05:14:10] Processing demo.littlestreetpottery.com
  - Error on attempt 1: [Errno 8] nodename nor servname provided, or not known

[2026-06-17 05:14:10] PERMANENTLY FAILED: demo.littlestreetpottery.com
  - Attempts: 1/2
  - Final Error: [Errno 8] nodename nor servname provided, or not known

[2026-06-17 05:14:10] Processing desktop.left.net
  - Error on attempt 1: [Errno 8] nodename nor servname provided, or not known

[2026-06-17 05:14:10] PERMANENTLY FAILED: desktop.left.net
  - Attempts: 1/2
  - Final Error: [Errno 8] nodename nor servname provided, or not known

[2026-06-17 05:14:12] Processing e1388.cc
  - Error on attempt 1: [Errno 8] nodename nor servname provided, or not known

[2026-06-17 05:14:12] Processing hotfix-dashboard.sarm.am
  - Error on attempt 1: [Errno 8] nodename nor servname provided, or not known

[2026-06-17 05:14:12] PERMANENTLY FAILED: hotfix-dashboard.sarm.am
  - Attempts: 1/2
  - Final Error: [Errno 8] nodename nor servname provided, or not known

[2026-06-17 05:14:12] PERMANENTLY FAILED: e1388.cc
  - Attempts: 1/2
  - Final Error: [Errno 8] nodename nor servname provided, or not known

[2026-06-17 05:14:12] Processing insula-gallina.de
  - Error on attempt 1: Connection Timed Out

[2026-06-17 05:14:12] PERMANENTLY FAILED: insula-gallina.de
  - Attempts: 1/2
  - Final Error: Connection Timed Out

[2026-06-17 05:14:12] Processing inventory.lonelydeveloper.io
  - Error on attempt 1: Connection Timed Out

[2026-06-17 05:14:12] PERMANENTLY FAILED: inventory.lonelydeveloper.io
  - Attempts: 1/2
  - Final Error: Connection Timed Out

[2026-06-17 05:14:12] Processing api.www.cloud.admin.j7ap00ik.com
  - Error on attempt 1: [Errno 8] nodename nor servname provided, or not known

[2026-06-17 05:14:12] PERMANENTLY FAILED: api.www.cloud.admin.j7ap00ik.com
  - Attempts: 1/2
  - Final Error: [Errno 8] nodename nor servname provided, or not known

[2026-06-17 05:14:15] Processing joseph-johnston.com
  - Error on attempt 1: [Errno 61] Connection refused

[2026-06-17 05:14:15] PERMANENTLY FAILED: joseph-johnston.com
  - Attempts: 1/2
  - Final Error: [Errno 61] Connection refused

[2026-06-17 05:14:15] Processing staging.appellerai.com
  - Error on attempt 1: Connection Timed Out

[2026-06-17 05:14:15] PERMANENTLY FAILED: staging.appellerai.com
  - Attempts: 1/2
  - Final Error: Connection Timed Out

[2026-06-17 05:14:16] Processing nativetonoise.nyc
  - Error on attempt 1: [Errno 61] Connection refused

[2026-06-17 05:14:16] PERMANENTLY FAILED: nativetonoise.nyc
  - Attempts: 1/2
  - Final Error: [Errno 61] Connection refused

[2026-06-17 05:14:16] Processing us.azyjrz1.com.tr
  - Error on attempt 1: [Errno 8] nodename nor servname provided, or not known

[2026-06-17 05:14:16] PERMANENTLY FAILED: us.azyjrz1.com.tr
  - Attempts: 1/2
  - Final Error: [Errno 8] nodename nor servname provided, or not known

[2026-06-17 05:14:17] Processing 8abc4f02-d921-41c6-85ed-1d6f9af5722b.irishinvestment.com
  - Error on attempt 1: [SSL: TLSV1_UNRECOGNIZED_NAME] tlsv1 unrecognized name (_ssl.c:1006)

[2026-06-17 05:14:17] PERMANENTLY FAILED: 8abc4f02-d921-41c6-85ed-1d6f9af5722b.irishinvestment.com
  - Attempts: 1/2
  - Final Error: [SSL: TLSV1_UNRECOGNIZED_NAME] tlsv1 unrecognized name (_ssl.c:1006)

[2026-06-17 05:14:18] Processing cinarapart.com.tr
  - Error on attempt 1: [Errno 8] nodename nor servname provided, or not known

[2026-06-17 05:14:18] PERMANENTLY FAILED: cinarapart.com.tr
  - Attempts: 1/2
  - Final Error: [Errno 8] nodename nor servname provided, or not known

[2026-06-17 05:14:19] Processing analytics.wifiwepkey.com
  - Error on attempt 1: Connection Timed Out

[2026-06-17 05:14:19] PERMANENTLY FAILED: analytics.wifiwepkey.com
  - Attempts: 1/2
  - Final Error: Connection Timed Out

[2026-06-17 05:14:19] Processing demo.esound.de
  - Error on attempt 1: Connection Timed Out

[2026-06-17 05:14:19] PERMANENTLY FAILED: demo.esound.de
  - Attempts: 1/2
  - Final Error: Connection Timed Out

[2026-06-17 05:14:20] Processing ay0d2f1d.workers.dev
  - Error on attempt 1: [Errno 8] nodename nor servname provided, or not known

[2026-06-17 05:14:20] PERMANENTLY FAILED: ay0d2f1d.workers.dev
  - Attempts: 1/2
  - Final Error: [Errno 8] nodename nor servname provided, or not known

[2026-06-17 05:14:20] Processing members.kg3313.com
  - Error on attempt 1: Connection Timed Out

[2026-06-17 05:14:20] PERMANENTLY FAILED: members.kg3313.com
  - Attempts: 1/2
  - Final Error: Connection Timed Out

[2026-06-17 05:14:20] Processing dev.www.console.wwwwwwgjbimnwtkcsample.nimboxcrm.cloud
  - Error on attempt 1: [Errno 8] nodename nor servname provided, or not known

[2026-06-17 05:14:20] PERMANENTLY FAILED: dev.www.console.wwwwwwgjbimnwtkcsample.nimboxcrm.cloud
  - Attempts: 1/2
  - Final Error: [Errno 8] nodename nor servname provided, or not known

[2026-06-17 05:14:20] Processing royalministorage.biz
  - Error on attempt 1: Connection Timed Out

[2026-06-17 05:14:20] PERMANENTLY FAILED: royalministorage.biz
  - Attempts: 1/2
  - Final Error: Connection Timed Out

[2026-06-17 05:14:20] Processing DXP4800-WBIRD.direct.ug.link
  - Error on attempt 1: [Errno 8] nodename nor servname provided, or not known

[2026-06-17 05:14:20] PERMANENTLY FAILED: DXP4800-WBIRD.direct.ug.link
  - Attempts: 1/2
  - Final Error: [Errno 8] nodename nor servname provided, or not known

[2026-06-17 05:14:21] Processing staging.mail.wwwwwwapp.wwwwwwwwwminio-gartenkultur-neos-1c089c2d.gk01.cynova.dev
  - Error on attempt 1: Connection Timed Out

[2026-06-17 05:14:21] PERMANENTLY FAILED: staging.mail.wwwwwwapp.wwwwwwwwwminio-gartenkultur-neos-1c089c2d.gk01.cynova.dev
  - Attempts: 1/2
  - Final Error: Connection Timed Out

[2026-06-17 05:14:21] Processing anyconnect.ineer.com
  - Error on attempt 1: [Errno 8] nodename nor servname provided, or not known

[2026-06-17 05:14:21] PERMANENTLY FAILED: anyconnect.ineer.com
  - Attempts: 1/2
  - Final Error: [Errno 8] nodename nor servname provided, or not known

[2026-06-17 05:14:21] Processing cr250m.com
  - Error on attempt 1: [Errno 8] nodename nor servname provided, or not known

[2026-06-17 05:14:21] PERMANENTLY FAILED: cr250m.com
  - Attempts: 1/2
  - Final Error: [Errno 8] nodename nor servname provided, or not known

[2026-06-17 05:14:21] Processing ww7.free-romance.site
  - Error on attempt 1: [Errno 8] nodename nor servname provided, or not known

[2026-06-17 05:14:21] PERMANENTLY FAILED: ww7.free-romance.site
  - Attempts: 1/2
  - Final Error: [Errno 8] nodename nor servname provided, or not known

[2026-06-17 05:14:22] Processing ww38.supersets.edenresbenefits.com
  - Error on attempt 1: [Errno 8] nodename nor servname provided, or not known

[2026-06-17 05:14:22] PERMANENTLY FAILED: ww38.supersets.edenresbenefits.com
  - Attempts: 1/2
  - Final Error: [Errno 8] nodename nor servname provided, or not known

[2026-06-17 05:14:22] Processing ww16.argo.mintueclinic.com
  - Error on attempt 1: [Errno 61] Connection refused

[2026-06-17 05:14:22] PERMANENTLY FAILED: ww16.argo.mintueclinic.com
  - Attempts: 1/2
  - Final Error: [Errno 61] Connection refused

[2026-06-17 05:14:23] Processing nativeamericanembassy.us
  - Error on attempt 1: Connection Timed Out

[2026-06-17 05:14:23] PERMANENTLY FAILED: nativeamericanembassy.us
  - Attempts: 1/2
  - Final Error: Connection Timed Out

[2026-06-17 05:14:23] Processing admin.demo-data.itinerator.ca
  - Error on attempt 1: [SSL: TLSV1_ALERT_INTERNAL_ERROR] tlsv1 alert internal error (_ssl.c:1006)

[2026-06-17 05:14:23] PERMANENTLY FAILED: admin.demo-data.itinerator.ca
  - Attempts: 1/2
  - Final Error: [SSL: TLSV1_ALERT_INTERNAL_ERROR] tlsv1 alert internal error (_ssl.c:1006)

[2026-06-17 05:14:23] Processing wuwyvtnbrd.bhdv.com
  - Error on attempt 1: [Errno 8] nodename nor servname provided, or not known

[2026-06-17 05:14:23] PERMANENTLY FAILED: wuwyvtnbrd.bhdv.com
  - Attempts: 1/2
  - Final Error: [Errno 8] nodename nor servname provided, or not known

[2026-06-17 05:14:24] Processing firewall.mindpicture.com
  - Error on attempt 1: [SSL: TLSV1_UNRECOGNIZED_NAME] tlsv1 unrecognized name (_ssl.c:1006)

[2026-06-17 05:14:24] PERMANENTLY FAILED: firewall.mindpicture.com
  - Attempts: 1/2
  - Final Error: [SSL: TLSV1_UNRECOGNIZED_NAME] tlsv1 unrecognized name (_ssl.c:1006)

[2026-06-17 05:14:25] Processing vpn1.cefat.com
  - Error on attempt 1: [SSL: TLSV1_UNRECOGNIZED_NAME] tlsv1 unrecognized name (_ssl.c:1006)

[2026-06-17 05:14:25] PERMANENTLY FAILED: vpn1.cefat.com
  - Attempts: 1/2
  - Final Error: [SSL: TLSV1_UNRECOGNIZED_NAME] tlsv1 unrecognized name (_ssl.c:1006)

[2026-06-17 05:14:25] Processing home.windmillcornerinn.com
  - Error on attempt 1: Connection Timed Out

[2026-06-17 05:14:25] PERMANENTLY FAILED: home.windmillcornerinn.com
  - Attempts: 1/2
  - Final Error: Connection Timed Out

[2026-06-17 05:14:26] Processing members.ineer.com
  - Error on attempt 1: [Errno 8] nodename nor servname provided, or not known

[2026-06-17 05:14:26] PERMANENTLY FAILED: members.ineer.com
  - Attempts: 1/2
  - Final Error: [Errno 8] nodename nor servname provided, or not known

[2026-06-17 05:14:26] Processing wildcard.onatural.com
  - Error on attempt 1: [Errno 8] nodename nor servname provided, or not known

[2026-06-17 05:14:26] PERMANENTLY FAILED: wildcard.onatural.com
  - Attempts: 1/2
  - Final Error: [Errno 8] nodename nor servname provided, or not known

[2026-06-17 05:14:26] Processing saimachahinpuntacana.com
  - Error on attempt 1: [Errno 8] nodename nor servname provided, or not known

[2026-06-17 05:14:26] PERMANENTLY FAILED: saimachahinpuntacana.com
  - Attempts: 1/2
  - Final Error: [Errno 8] nodename nor servname provided, or not known

[2026-06-17 05:14:26] Processing wo-27nsqe2rtzj762qrvoyfvub9n.w.modal.host
  - Error on attempt 1: [Errno 8] nodename nor servname provided, or not known

[2026-06-17 05:14:26] PERMANENTLY FAILED: wo-27nsqe2rtzj762qrvoyfvub9n.w.modal.host
  - Attempts: 1/2
  - Final Error: [Errno 8] nodename nor servname provided, or not known

[2026-06-17 05:14:26] Processing streamflix.web.id
  - Error on attempt 1: [Errno 8] nodename nor servname provided, or not known

[2026-06-17 05:14:26] PERMANENTLY FAILED: streamflix.web.id
  - Attempts: 1/2
  - Final Error: [Errno 8] nodename nor servname provided, or not known

[2026-06-17 05:14:26] Processing sunlighttime.direct.quickconnect.to
  - Error on attempt 1: [Errno 8] nodename nor servname provided, or not known

[2026-06-17 05:14:26] PERMANENTLY FAILED: sunlighttime.direct.quickconnect.to
  - Attempts: 1/2
  - Final Error: [Errno 8] nodename nor servname provided, or not known

[2026-06-17 05:14:27] Processing arav.lipslearner.in
  - Error on attempt 1: [Errno 8] nodename nor servname provided, or not known

[2026-06-17 05:14:27] PERMANENTLY FAILED: arav.lipslearner.in
  - Attempts: 1/2
  - Final Error: [Errno 8] nodename nor servname provided, or not known

[2026-06-17 05:14:27] Processing cardeels.com
  - Error on attempt 1: [Errno 61] Connection refused

[2026-06-17 05:14:27] PERMANENTLY FAILED: cardeels.com
  - Attempts: 1/2
  - Final Error: [Errno 61] Connection refused

[2026-06-17 05:14:28] Processing hartontechnology.online
  - Error on attempt 1: [Errno 8] nodename nor servname provided, or not known

[2026-06-17 05:14:28] PERMANENTLY FAILED: hartontechnology.online
  - Attempts: 1/2
  - Final Error: [Errno 8] nodename nor servname provided, or not known

[2026-06-17 05:14:28] Processing api.sitemap.activecoquitlam.net
  - Error on attempt 1: [SSL: UNEXPECTED_EOF_WHILE_READING] EOF occurred in violation of protocol (_ssl.c:1006)

[2026-06-17 05:14:28] PERMANENTLY FAILED: api.sitemap.activecoquitlam.net
  - Attempts: 1/2
  - Final Error: [SSL: UNEXPECTED_EOF_WHILE_READING] EOF occurred in violation of protocol (_ssl.c:1006)

[2026-06-17 05:14:28] Processing fjphy.ineer.com
  - Error on attempt 1: [Errno 8] nodename nor servname provided, or not known

[2026-06-17 05:14:28] PERMANENTLY FAILED: fjphy.ineer.com
  - Attempts: 1/2
  - Final Error: [Errno 8] nodename nor servname provided, or not known

[2026-06-17 05:14:28] Processing test.www.git.git.old.blog.blog.h2775398.stratoserver.net
  - Error on attempt 1: [SSL: TLSV1_UNRECOGNIZED_NAME] tlsv1 unrecognized name (_ssl.c:1006)

[2026-06-17 05:14:28] PERMANENTLY FAILED: test.www.git.git.old.blog.blog.h2775398.stratoserver.net
  - Attempts: 1/2
  - Final Error: [SSL: TLSV1_UNRECOGNIZED_NAME] tlsv1 unrecognized name (_ssl.c:1006)

[2026-06-17 05:14:28] Processing studentsvpn.ineer.com
  - Error on attempt 1: [Errno 8] nodename nor servname provided, or not known

[2026-06-17 05:14:28] PERMANENTLY FAILED: studentsvpn.ineer.com
  - Attempts: 1/2
  - Final Error: [Errno 8] nodename nor servname provided, or not known

[2026-06-17 05:14:29] Processing mobileconnect.bigjohnsons.com
  - Error on attempt 1: Connection Timed Out

[2026-06-17 05:14:29] PERMANENTLY FAILED: mobileconnect.bigjohnsons.com
  - Attempts: 1/2
  - Final Error: Connection Timed Out

[2026-06-17 05:14:29] Processing staging.sitemaps.fullslotpg.diy
  - Error on attempt 1: Connection Timed Out

[2026-06-17 05:14:29] PERMANENTLY FAILED: staging.sitemaps.fullslotpg.diy
  - Attempts: 1/2
  - Final Error: Connection Timed Out

[2026-06-17 05:14:30] Processing 56906c58-38b0-4ce3-9cf8-f14a852099e2.caronavirusvaccines.com
  - Error on attempt 1: Connection Timed Out

[2026-06-17 05:14:30] PERMANENTLY FAILED: 56906c58-38b0-4ce3-9cf8-f14a852099e2.caronavirusvaccines.com
  - Attempts: 1/2
  - Final Error: Connection Timed Out

[2026-06-17 05:14:30] Processing admin.www.console.wwwwwwap2024.marionstronks.nl
  - Error on attempt 1: [SSL: TLSV1_ALERT_INTERNAL_ERROR] tlsv1 alert internal error (_ssl.c:1006)

[2026-06-17 05:14:30] PERMANENTLY FAILED: admin.www.console.wwwwwwap2024.marionstronks.nl
  - Attempts: 1/2
  - Final Error: [SSL: TLSV1_ALERT_INTERNAL_ERROR] tlsv1 alert internal error (_ssl.c:1006)

[2026-06-17 05:14:30] Processing 8cede114a866098fb6920a1614c8068fbb1d8.id.ui.direct
  - Error on attempt 1: [Errno 8] nodename nor servname provided, or not known

[2026-06-17 05:14:30] PERMANENTLY FAILED: 8cede114a866098fb6920a1614c8068fbb1d8.id.ui.direct
  - Attempts: 1/2
  - Final Error: [Errno 8] nodename nor servname provided, or not known

[2026-06-17 05:14:31] Processing sendmail.left.net
  - Error on attempt 1: Connection Timed Out

[2026-06-17 05:14:31] PERMANENTLY FAILED: sendmail.left.net
  - Attempts: 1/2
  - Final Error: Connection Timed Out

[2026-06-17 05:14:31] Processing csjxjoffice.cbpirate.com
  - Error on attempt 1: Connection Timed Out

[2026-06-17 05:14:31] PERMANENTLY FAILED: csjxjoffice.cbpirate.com
  - Attempts: 1/2
  - Final Error: Connection Timed Out

[2026-06-17 05:14:31] Processing anyconnect.gkn.no
  - Error on attempt 1: Connection Timed Out

[2026-06-17 05:14:31] PERMANENTLY FAILED: anyconnect.gkn.no
  - Attempts: 1/2
  - Final Error: Connection Timed Out

[2026-06-17 05:14:31] Processing imap.hubta.com
  - Error on attempt 1: [SSL: TLSV1_UNRECOGNIZED_NAME] tlsv1 unrecognized name (_ssl.c:1006)

[2026-06-17 05:14:31] PERMANENTLY FAILED: imap.hubta.com
  - Attempts: 1/2
  - Final Error: [SSL: TLSV1_UNRECOGNIZED_NAME] tlsv1 unrecognized name (_ssl.c:1006)

[2026-06-17 05:14:32] Processing springboot.upload.cash
  - Error on attempt 1: Connection Timed Out

[2026-06-17 05:14:32] PERMANENTLY FAILED: springboot.upload.cash
  - Attempts: 1/2
  - Final Error: Connection Timed Out

[2026-06-17 05:14:32] Processing ijnbgvfdsaz.com
  - Error on attempt 1: [Errno 8] nodename nor servname provided, or not known

[2026-06-17 05:14:32] PERMANENTLY FAILED: ijnbgvfdsaz.com
  - Attempts: 1/2
  - Final Error: [Errno 8] nodename nor servname provided, or not known

[2026-06-17 05:14:32] Processing admin.app.wwapp.portal.3.38.239.202.nip.io
  - Error on attempt 1: Connection Timed Out

[2026-06-17 05:14:32] PERMANENTLY FAILED: admin.app.wwapp.portal.3.38.239.202.nip.io
  - Attempts: 1/2
  - Final Error: Connection Timed Out

[2026-06-17 05:14:32] Processing owa.s-mies.de
  - Error on attempt 1: [Errno 8] nodename nor servname provided, or not known

[2026-06-17 05:14:32] PERMANENTLY FAILED: owa.s-mies.de
  - Attempts: 1/2
  - Final Error: [Errno 8] nodename nor servname provided, or not known

[2026-06-17 05:14:32] Processing doitforlove.us
  - Error on attempt 1: Connection Timed Out

[2026-06-17 05:14:32] PERMANENTLY FAILED: doitforlove.us
  - Attempts: 1/2
  - Final Error: Connection Timed Out

[2026-06-17 05:14:32] Processing portal.carbonforumasia.com
  - Error on attempt 1: Connection Timed Out

[2026-06-17 05:14:32] PERMANENTLY FAILED: portal.carbonforumasia.com
  - Attempts: 1/2
  - Final Error: Connection Timed Out

[2026-06-17 05:14:33] Processing cxshengan.cn
  - Error on attempt 1: [Errno 8] nodename nor servname provided, or not known

[2026-06-17 05:14:33] PERMANENTLY FAILED: cxshengan.cn
  - Attempts: 1/2
  - Final Error: [Errno 8] nodename nor servname provided, or not known

[2026-06-17 05:14:33] Processing apps.hotmemorabilia.com
  - Error on attempt 1: [Errno 8] nodename nor servname provided, or not known

[2026-06-17 05:14:33] PERMANENTLY FAILED: apps.hotmemorabilia.com
  - Attempts: 1/2
  - Final Error: [Errno 8] nodename nor servname provided, or not known

[2026-06-17 05:14:35] Processing fbcc47b42b3d5f228136eb72.keenetic.io
  - Error on attempt 1: [Errno 8] nodename nor servname provided, or not known

[2026-06-17 05:14:35] PERMANENTLY FAILED: fbcc47b42b3d5f228136eb72.keenetic.io
  - Attempts: 1/2
  - Final Error: [Errno 8] nodename nor servname provided, or not known

[2026-06-17 05:14:35] Processing apreslittleitaly.com
  - Error on attempt 1: [Errno 61] Connection refused

[2026-06-17 05:14:35] PERMANENTLY FAILED: apreslittleitaly.com
  - Attempts: 1/2
  - Final Error: [Errno 61] Connection refused

[2026-06-17 05:14:36] Processing dolibarr.fortbraggproperty.com
  - Error on attempt 1: Connection Timed Out

[2026-06-17 05:14:36] PERMANENTLY FAILED: dolibarr.fortbraggproperty.com
  - Attempts: 1/2
  - Final Error: Connection Timed Out

[2026-06-17 05:14:36] Processing api.cryptodataic.cfd
  - Error on attempt 1: Connection Timed Out

[2026-06-17 05:14:36] PERMANENTLY FAILED: api.cryptodataic.cfd
  - Attempts: 1/2
  - Final Error: Connection Timed Out

[2026-06-17 05:14:36] Processing 167.99.100.139.nip.io
  - Error on attempt 1: Connection Timed Out

[2026-06-17 05:14:36] PERMANENTLY FAILED: 167.99.100.139.nip.io
  - Attempts: 1/2
  - Final Error: Connection Timed Out

[2026-06-17 05:14:36] Processing test.lisbonexpatguide.pt
  - Error on attempt 1: Connection Timed Out

[2026-06-17 05:14:36] PERMANENTLY FAILED: test.lisbonexpatguide.pt
  - Attempts: 1/2
  - Final Error: Connection Timed Out

[2026-06-17 05:14:36] Processing bb71040a-9359-4fdd-a8cc-c0827d940ad7.mygolfer.com
  - Error on attempt 1: Connection Timed Out

[2026-06-17 05:14:36] PERMANENTLY FAILED: bb71040a-9359-4fdd-a8cc-c0827d940ad7.mygolfer.com
  - Attempts: 1/2
  - Final Error: Connection Timed Out

[2026-06-17 05:14:37] Processing keychaingenius.com
  - Error on attempt 1: [Errno 8] nodename nor servname provided, or not known

[2026-06-17 05:14:37] PERMANENTLY FAILED: keychaingenius.com
  - Attempts: 1/2
  - Final Error: [Errno 8] nodename nor servname provided, or not known

[2026-06-17 05:14:37] Processing extranet.ineer.com
  - Error on attempt 1: [Errno 8] nodename nor servname provided, or not known

[2026-06-17 05:14:37] PERMANENTLY FAILED: extranet.ineer.com
  - Attempts: 1/2
  - Final Error: [Errno 8] nodename nor servname provided, or not known

[2026-06-17 05:14:37] Processing test.app.energeticof.com
  - Error on attempt 1: [Errno 8] nodename nor servname provided, or not known

[2026-06-17 05:14:37] PERMANENTLY FAILED: test.app.energeticof.com
  - Attempts: 1/2
  - Final Error: [Errno 8] nodename nor servname provided, or not known

[2026-06-17 05:14:37] Processing synology-reserve-4mj1vv8lwxjffu.direct.quickconnect.to
  - Error on attempt 1: [Errno 8] nodename nor servname provided, or not known

[2026-06-17 05:14:37] PERMANENTLY FAILED: synology-reserve-4mj1vv8lwxjffu.direct.quickconnect.to
  - Attempts: 1/2
  - Final Error: [Errno 8] nodename nor servname provided, or not known

[2026-06-17 05:14:37] Processing sy3rbi.mesh.mongodb-dev.net
  - Error on attempt 1: [Errno 8] nodename nor servname provided, or not known

[2026-06-17 05:14:37] PERMANENTLY FAILED: sy3rbi.mesh.mongodb-dev.net
  - Attempts: 1/2
  - Final Error: [Errno 8] nodename nor servname provided, or not known

[2026-06-17 05:14:37] Processing superset.sexhealth.com
  - Error on attempt 1: Connection Timed Out

[2026-06-17 05:14:37] PERMANENTLY FAILED: superset.sexhealth.com
  - Attempts: 1/2
  - Final Error: Connection Timed Out

[2026-06-17 05:14:38] Processing staging.api.loaningtop.com
  - Error on attempt 1: [Errno 8] nodename nor servname provided, or not known

[2026-06-17 05:14:38] PERMANENTLY FAILED: staging.api.loaningtop.com
  - Attempts: 1/2
  - Final Error: [Errno 8] nodename nor servname provided, or not known

[2026-06-17 05:14:38] Processing webmail.rbh.co.za
  - Error on attempt 1: [Errno 8] nodename nor servname provided, or not known

[2026-06-17 05:14:38] PERMANENTLY FAILED: webmail.rbh.co.za
  - Attempts: 1/2
  - Final Error: [Errno 8] nodename nor servname provided, or not known

[2026-06-17 05:14:38] Processing angelsport-rata.de
  - Error on attempt 1: [Errno 8] nodename nor servname provided, or not known

[2026-06-17 05:14:38] PERMANENTLY FAILED: angelsport-rata.de
  - Attempts: 1/2
  - Final Error: [Errno 8] nodename nor servname provided, or not known

[2026-06-17 05:14:38] Processing staging2.nextlevelgreetings.com
  - Error on attempt 1: [Errno 8] nodename nor servname provided, or not known

[2026-06-17 05:14:38] PERMANENTLY FAILED: staging2.nextlevelgreetings.com
  - Attempts: 1/2
  - Final Error: [Errno 8] nodename nor servname provided, or not known

[2026-06-17 05:14:38] Processing howtomovemyparents.com
  - Error on attempt 1: [Errno 8] nodename nor servname provided, or not known

[2026-06-17 05:14:38] PERMANENTLY FAILED: howtomovemyparents.com
  - Attempts: 1/2
  - Final Error: [Errno 8] nodename nor servname provided, or not known

[2026-06-17 05:14:38] Processing dictatorgallery.com
  - Error on attempt 1: [Errno 61] Connection refused

[2026-06-17 05:14:38] PERMANENTLY FAILED: dictatorgallery.com
  - Attempts: 1/2
  - Final Error: [Errno 61] Connection refused

[2026-06-17 05:14:39] Processing itgsight.com
  - Error on attempt 1: [Errno 8] nodename nor servname provided, or not known

[2026-06-17 05:14:39] PERMANENTLY FAILED: itgsight.com
  - Attempts: 1/2
  - Final Error: [Errno 8] nodename nor servname provided, or not known

[2026-06-17 05:14:39] Processing joinv7.com
  - Error on attempt 1: [Errno 8] nodename nor servname provided, or not known

[2026-06-17 05:14:39] PERMANENTLY FAILED: joinv7.com
  - Attempts: 1/2
  - Final Error: [Errno 8] nodename nor servname provided, or not known

[2026-06-17 05:14:40] Processing webdisk.octantis.cl
  - Error on attempt 1: Connection Timed Out

[2026-06-17 05:14:40] PERMANENTLY FAILED: webdisk.octantis.cl
  - Attempts: 1/2
  - Final Error: Connection Timed Out

[2026-06-17 05:14:40] Processing fitinside.us
  - Error on attempt 1: Connection Timed Out

[2026-06-17 05:14:40] PERMANENTLY FAILED: fitinside.us
  - Attempts: 1/2
  - Final Error: Connection Timed Out

[2026-06-17 05:14:41] Processing admin.www.console.wwwdemo.marionstronks.nl
  - Error on attempt 1: [SSL: TLSV1_ALERT_INTERNAL_ERROR] tlsv1 alert internal error (_ssl.c:1006)

[2026-06-17 05:14:41] Processing intranet.iphone.at
  - Error on attempt 1: Connection Timed Out

[2026-06-17 05:14:41] PERMANENTLY FAILED: admin.www.console.wwwdemo.marionstronks.nl
  - Attempts: 1/2
  - Final Error: [SSL: TLSV1_ALERT_INTERNAL_ERROR] tlsv1 alert internal error (_ssl.c:1006)

[2026-06-17 05:14:41] PERMANENTLY FAILED: intranet.iphone.at
  - Attempts: 1/2
  - Final Error: Connection Timed Out

[2026-06-17 05:14:42] Processing cloud.admitme.com
  - Error on attempt 1: Connection Timed Out

[2026-06-17 05:14:42] PERMANENTLY FAILED: cloud.admitme.com
  - Attempts: 1/2
  - Final Error: Connection Timed Out

[2026-06-17 05:14:42] Processing 74510344-72a6-46c5-ba78-414773998513.birchtreecapital.com
  - Error on attempt 1: Connection Timed Out

[2026-06-17 05:14:42] PERMANENTLY FAILED: 74510344-72a6-46c5-ba78-414773998513.birchtreecapital.com
  - Attempts: 1/2
  - Final Error: Connection Timed Out

[2026-06-17 05:14:42] Processing rdp.kaekel.com
  - Error on attempt 1: Connection Timed Out

[2026-06-17 05:14:42] PERMANENTLY FAILED: rdp.kaekel.com
  - Attempts: 1/2
  - Final Error: Connection Timed Out

[2026-06-17 05:14:42] Processing zh-game.yaoxinyule.com
  - Error on attempt 1: [Errno 8] nodename nor servname provided, or not known

[2026-06-17 05:14:42] PERMANENTLY FAILED: zh-game.yaoxinyule.com
  - Attempts: 1/2
  - Final Error: [Errno 8] nodename nor servname provided, or not known

[2026-06-17 05:14:42] Processing cloud.php-fusion.com
  - Error on attempt 1: [SSL: TLSV1_UNRECOGNIZED_NAME] tlsv1 unrecognized name (_ssl.c:1006)

[2026-06-17 05:14:42] PERMANENTLY FAILED: cloud.php-fusion.com
  - Attempts: 1/2
  - Final Error: [SSL: TLSV1_UNRECOGNIZED_NAME] tlsv1 unrecognized name (_ssl.c:1006)

[2026-06-17 05:14:42] Processing jebljwildcard.orhangen.se
  - Error on attempt 1: Connection Timed Out

[2026-06-17 05:14:42] PERMANENTLY FAILED: jebljwildcard.orhangen.se
  - Attempts: 1/2
  - Final Error: Connection Timed Out

[2026-06-17 05:14:42] Processing 5rnkzvd.bjxfyj88.com
  - Error on attempt 1: [Errno 61] Connection refused

[2026-06-17 05:14:42] PERMANENTLY FAILED: 5rnkzvd.bjxfyj88.com
  - Attempts: 1/2
  - Final Error: [Errno 61] Connection refused

[2026-06-17 05:14:43] Processing rimfirekings.com
  - Error on attempt 1: [Errno 8] nodename nor servname provided, or not known

[2026-06-17 05:14:43] PERMANENTLY FAILED: rimfirekings.com
  - Attempts: 1/2
  - Final Error: [Errno 8] nodename nor servname provided, or not known

[2026-06-17 05:14:43] Processing test.mail.wwwwwwportal.dataset.49-12-111-90.plesk.page
  - Error on attempt 1: [Errno 61] Connection refused

[2026-06-17 05:14:43] PERMANENTLY FAILED: test.mail.wwwwwwportal.dataset.49-12-111-90.plesk.page
  - Attempts: 1/2
  - Final Error: [Errno 61] Connection refused

[2026-06-17 05:14:43] Processing m.haha067.com
  - Error on attempt 1: [Errno 8] nodename nor servname provided, or not known

[2026-06-17 05:14:43] PERMANENTLY FAILED: m.haha067.com
  - Attempts: 1/2
  - Final Error: [Errno 8] nodename nor servname provided, or not known

[2026-06-17 05:14:43] Processing fiapartners.co
  - Error on attempt 1: [Errno 8] nodename nor servname provided, or not known

[2026-06-17 05:14:43] PERMANENTLY FAILED: fiapartners.co
  - Attempts: 1/2
  - Final Error: [Errno 8] nodename nor servname provided, or not known

[2026-06-17 05:14:44] Processing 5e284b3a46c80896dd18b083.nqmm0q.mongodb-dev.net
  - Error on attempt 1: [Errno 8] nodename nor servname provided, or not known

[2026-06-17 05:14:44] PERMANENTLY FAILED: 5e284b3a46c80896dd18b083.nqmm0q.mongodb-dev.net
  - Attempts: 1/2
  - Final Error: [Errno 8] nodename nor servname provided, or not known

[2026-06-17 05:14:45] Processing mobileconnect.ineer.com
  - Error on attempt 1: [Errno 8] nodename nor servname provided, or not known

[2026-06-17 05:14:45] PERMANENTLY FAILED: mobileconnect.ineer.com
  - Attempts: 1/2
  - Final Error: [Errno 8] nodename nor servname provided, or not known

[2026-06-17 05:14:45] Processing rdweb1.krausgroup.com
  - Error on attempt 1: Connection Timed Out

[2026-06-17 05:14:45] PERMANENTLY FAILED: rdweb1.krausgroup.com
  - Attempts: 1/2
  - Final Error: Connection Timed Out

[2026-06-17 05:14:46] Processing test.www.console.wwwdemo.marionstronks.nl
  - Error on attempt 1: [SSL: TLSV1_ALERT_INTERNAL_ERROR] tlsv1 alert internal error (_ssl.c:1006)

[2026-06-17 05:14:46] PERMANENTLY FAILED: test.www.console.wwwdemo.marionstronks.nl
  - Attempts: 1/2
  - Final Error: [SSL: TLSV1_ALERT_INTERNAL_ERROR] tlsv1 alert internal error (_ssl.c:1006)

[2026-06-17 05:14:47] Processing emv1.ericmorgan.com
  - Error on attempt 1: Connection Timed Out

[2026-06-17 05:14:47] PERMANENTLY FAILED: emv1.ericmorgan.com
  - Attempts: 1/2
  - Final Error: Connection Timed Out

[2026-06-17 05:14:47] Processing cai.csm.no
  - Error on attempt 1: Connection Timed Out

[2026-06-17 05:14:47] PERMANENTLY FAILED: cai.csm.no
  - Attempts: 1/2
  - Final Error: Connection Timed Out

[2026-06-17 05:14:47] Processing hrovdrd.plexusslm.com
  - Error on attempt 1: Connection Timed Out

[2026-06-17 05:14:47] PERMANENTLY FAILED: hrovdrd.plexusslm.com
  - Attempts: 1/2
  - Final Error: Connection Timed Out

[2026-06-17 05:14:48] Processing qmtowel.com
  - Error on attempt 1: [Errno 8] nodename nor servname provided, or not known

[2026-06-17 05:14:48] PERMANENTLY FAILED: qmtowel.com
  - Attempts: 1/2
  - Final Error: [Errno 8] nodename nor servname provided, or not known

[2026-06-17 05:14:48] Processing nodes.rpcpool.com
  - Error on attempt 1: [Errno 8] nodename nor servname provided, or not known

[2026-06-17 05:14:48] PERMANENTLY FAILED: nodes.rpcpool.com
  - Attempts: 1/2
  - Final Error: [Errno 8] nodename nor servname provided, or not known

[2026-06-17 05:14:48] Processing admin.dev.www.morales-tapas-restaurant.previewlink.is
  - Error on attempt 1: Connection Timed Out

[2026-06-17 05:14:48] PERMANENTLY FAILED: admin.dev.www.morales-tapas-restaurant.previewlink.is
  - Attempts: 1/2
  - Final Error: Connection Timed Out

[2026-06-17 05:14:48] Processing www42.keekee.com
  - Error on attempt 1: Connection Timed Out

[2026-06-17 05:14:48] PERMANENTLY FAILED: www42.keekee.com
  - Attempts: 1/2
  - Final Error: Connection Timed Out

[2026-06-17 05:14:48] Processing wwwdev.cloud.cloud.35-226-225-22.sslip.io
  - Error on attempt 1: Connection Timed Out

[2026-06-17 05:14:48] PERMANENTLY FAILED: wwwdev.cloud.cloud.35-226-225-22.sslip.io
  - Attempts: 1/2
  - Final Error: Connection Timed Out

[2026-06-17 05:14:49] Processing cpanel.eduardoluz1767879255000.2372069.meusitehostgator.com.br
  - Error on attempt 1: [SSL: SSLV3_ALERT_HANDSHAKE_FAILURE] ssl/tls alert handshake failure (_ssl.c:1006)

[2026-06-17 05:14:49] PERMANENTLY FAILED: cpanel.eduardoluz1767879255000.2372069.meusitehostgator.com.br
  - Attempts: 1/2
  - Final Error: [SSL: SSLV3_ALERT_HANDSHAKE_FAILURE] ssl/tls alert handshake failure (_ssl.c:1006)

[2026-06-17 05:14:49] Processing soln11bee.netcraze.pro
  - Error on attempt 1: [Errno 8] nodename nor servname provided, or not known

[2026-06-17 05:14:49] PERMANENTLY FAILED: soln11bee.netcraze.pro
  - Attempts: 1/2
  - Final Error: [Errno 8] nodename nor servname provided, or not known

[2026-06-17 05:14:49] Processing cursos.connwctnetwork.com
  - Error on attempt 1: [Errno 8] nodename nor servname provided, or not known

[2026-06-17 05:14:49] PERMANENTLY FAILED: cursos.connwctnetwork.com
  - Attempts: 1/2
  - Final Error: [Errno 8] nodename nor servname provided, or not known

[2026-06-17 05:14:49] Processing dh4300plus-a923-XgEI.direct.ug.link
  - Error on attempt 1: [Errno 8] nodename nor servname provided, or not known

[2026-06-17 05:14:49] PERMANENTLY FAILED: dh4300plus-a923-XgEI.direct.ug.link
  - Attempts: 1/2
  - Final Error: [Errno 8] nodename nor servname provided, or not known

[2026-06-17 05:14:49] Processing my.ikvk.com
  - Error on attempt 1: [Errno 8] nodename nor servname provided, or not known

[2026-06-17 05:14:49] PERMANENTLY FAILED: my.ikvk.com
  - Attempts: 1/2
  - Final Error: [Errno 8] nodename nor servname provided, or not known

[2026-06-17 05:14:49] Processing 414df7ed-d2d7-4efa-b5d8-04b500261227.ineer.com
  - Error on attempt 1: [Errno 8] nodename nor servname provided, or not known

[2026-06-17 05:14:49] PERMANENTLY FAILED: 414df7ed-d2d7-4efa-b5d8-04b500261227.ineer.com
  - Attempts: 1/2
  - Final Error: [Errno 8] nodename nor servname provided, or not known

[2026-06-17 05:14:49] Processing jonathansarago.com
  - Error on attempt 1: [Errno 8] nodename nor servname provided, or not known

[2026-06-17 05:14:49] PERMANENTLY FAILED: jonathansarago.com
  - Attempts: 1/2
  - Final Error: [Errno 8] nodename nor servname provided, or not known

[2026-06-17 05:14:49] Processing find.peisze.com
  - Error on attempt 1: [Errno 8] nodename nor servname provided, or not known

[2026-06-17 05:14:49] PERMANENTLY FAILED: find.peisze.com
  - Attempts: 1/2
  - Final Error: [Errno 8] nodename nor servname provided, or not known

[2026-06-17 05:14:50] Processing 26237f1557b7b81c0652096f.keenetic.io
  - Error on attempt 1: [Errno 8] nodename nor servname provided, or not known

[2026-06-17 05:14:50] PERMANENTLY FAILED: 26237f1557b7b81c0652096f.keenetic.io
  - Attempts: 1/2
  - Final Error: [Errno 8] nodename nor servname provided, or not known

[2026-06-17 05:14:50] Processing 82968ef3.sni.cloudflaressl.com
  - Error on attempt 1: [SSL: SSLV3_ALERT_HANDSHAKE_FAILURE] ssl/tls alert handshake failure (_ssl.c:1006)

[2026-06-17 05:14:50] PERMANENTLY FAILED: 82968ef3.sni.cloudflaressl.com
  - Attempts: 1/2
  - Final Error: [SSL: SSLV3_ALERT_HANDSHAKE_FAILURE] ssl/tls alert handshake failure (_ssl.c:1006)

[2026-06-17 05:14:50] Processing staging.sitemaps.lantbruksmaskiner.com
  - Error on attempt 1: [Errno 8] nodename nor servname provided, or not known

[2026-06-17 05:14:50] PERMANENTLY FAILED: staging.sitemaps.lantbruksmaskiner.com
  - Attempts: 1/2
  - Final Error: [Errno 8] nodename nor servname provided, or not known

[2026-06-17 05:14:50] Processing api.lindeconsultancy.nlwww.dev.najmznlprm.is-a-fag.lol
  - Error on attempt 1: [Errno 8] nodename nor servname provided, or not known

[2026-06-17 05:14:50] PERMANENTLY FAILED: api.lindeconsultancy.nlwww.dev.najmznlprm.is-a-fag.lol
  - Attempts: 1/2
  - Final Error: [Errno 8] nodename nor servname provided, or not known

[2026-06-17 05:14:50] Processing respectdesfonds.net
  - Error on attempt 1: [Errno 61] Connection refused

[2026-06-17 05:14:50] PERMANENTLY FAILED: respectdesfonds.net
  - Attempts: 1/2
  - Final Error: [Errno 61] Connection refused

[2026-06-17 05:14:50] Processing ftp.definition-sigle.fr
  - Error on attempt 1: Connection Timed Out

[2026-06-17 05:14:50] PERMANENTLY FAILED: ftp.definition-sigle.fr
  - Attempts: 1/2
  - Final Error: Connection Timed Out

[2026-06-17 05:14:50] Processing admin.lindeconsultancy.nlwww.dev.najmznlprm.is-a-fag.lol
  - Error on attempt 1: [Errno 8] nodename nor servname provided, or not known

[2026-06-17 05:14:50] PERMANENTLY FAILED: admin.lindeconsultancy.nlwww.dev.najmznlprm.is-a-fag.lol
  - Attempts: 1/2
  - Final Error: [Errno 8] nodename nor servname provided, or not known

[2026-06-17 05:14:51] Processing test.lindeconsultancy.nlwww.dev.najmznlprm.is-a-fag.lol
  - Error on attempt 1: [Errno 8] nodename nor servname provided, or not known

[2026-06-17 05:14:51] Processing mxldtrdweb.selectewireless.com
  - Error on attempt 1: [Errno 8] nodename nor servname provided, or not known

[2026-06-17 05:14:51] PERMANENTLY FAILED: test.lindeconsultancy.nlwww.dev.najmznlprm.is-a-fag.lol
  - Attempts: 1/2
  - Final Error: [Errno 8] nodename nor servname provided, or not known

[2026-06-17 05:14:51] PERMANENTLY FAILED: mxldtrdweb.selectewireless.com
  - Attempts: 1/2
  - Final Error: [Errno 8] nodename nor servname provided, or not known

[2026-06-17 05:14:51] Processing authsmtp.juhew.com
  - Error on attempt 1: [Errno 8] nodename nor servname provided, or not known

[2026-06-17 05:14:51] PERMANENTLY FAILED: authsmtp.juhew.com
  - Attempts: 1/2
  - Final Error: [Errno 8] nodename nor servname provided, or not known

[2026-06-17 05:14:51] Processing dev.collegerecruitpro.com
  - Error on attempt 1: [Errno 8] nodename nor servname provided, or not known

[2026-06-17 05:14:51] PERMANENTLY FAILED: dev.collegerecruitpro.com
  - Attempts: 1/2
  - Final Error: [Errno 8] nodename nor servname provided, or not known

[2026-06-17 05:14:51] Processing freesudan.shop
  - Error on attempt 1: [SSL: SSLV3_ALERT_HANDSHAKE_FAILURE] ssl/tls alert handshake failure (_ssl.c:1006)

[2026-06-17 05:14:51] PERMANENTLY FAILED: freesudan.shop
  - Attempts: 1/2
  - Final Error: [SSL: SSLV3_ALERT_HANDSHAKE_FAILURE] ssl/tls alert handshake failure (_ssl.c:1006)

[2026-06-17 05:14:51] Processing sbaloancalculator.net
  - Error on attempt 1: [Errno 8] nodename nor servname provided, or not known

[2026-06-17 05:14:51] PERMANENTLY FAILED: sbaloancalculator.net
  - Attempts: 1/2
  - Final Error: [Errno 8] nodename nor servname provided, or not known

[2026-06-17 05:14:51] Processing zaxirikipofetuvelevu.online
  - Error on attempt 1: [Errno 8] nodename nor servname provided, or not known

[2026-06-17 05:14:51] PERMANENTLY FAILED: zaxirikipofetuvelevu.online
  - Attempts: 1/2
  - Final Error: [Errno 8] nodename nor servname provided, or not known

[2026-06-17 05:14:51] Processing r1767886879z5dc1c231.dc1.monitor.radiantlock.org
  - Error on attempt 1: [Errno 54] Connection reset by peer

[2026-06-17 05:14:51] PERMANENTLY FAILED: r1767886879z5dc1c231.dc1.monitor.radiantlock.org
  - Attempts: 1/2
  - Final Error: [Errno 54] Connection reset by peer

[2026-06-17 05:14:51] Processing fivecollegeautosales.com
  - Error on attempt 1: [Errno 61] Connection refused

[2026-06-17 05:14:51] PERMANENTLY FAILED: fivecollegeautosales.com
  - Attempts: 1/2
  - Final Error: [Errno 61] Connection refused

[2026-06-17 05:14:51] Processing ww25.tickets.joaans.com
  - Error on attempt 1: [Errno 61] Connection refused

[2026-06-17 05:14:51] PERMANENTLY FAILED: ww25.tickets.joaans.com
  - Attempts: 1/2
  - Final Error: [Errno 61] Connection refused

[2026-06-17 05:14:51] Processing 36asqh01.live
  - Error on attempt 1: [Errno 8] nodename nor servname provided, or not known

[2026-06-17 05:14:51] PERMANENTLY FAILED: 36asqh01.live
  - Attempts: 1/2
  - Final Error: [Errno 8] nodename nor servname provided, or not known

[2026-06-17 05:14:51] Processing radar-app.lippolis.freeddns.it
  - Error on attempt 1: [SSL: TLSV1_ALERT_INTERNAL_ERROR] tlsv1 alert internal error (_ssl.c:1006)

[2026-06-17 05:14:51] PERMANENTLY FAILED: radar-app.lippolis.freeddns.it
  - Attempts: 1/2
  - Final Error: [SSL: TLSV1_ALERT_INTERNAL_ERROR] tlsv1 alert internal error (_ssl.c:1006)

[2026-06-17 05:14:51] Processing webdisk.scuoladicinema.it
  - Error on attempt 1: Connection Timed Out

[2026-06-17 05:14:51] PERMANENTLY FAILED: webdisk.scuoladicinema.it
  - Attempts: 1/2
  - Final Error: Connection Timed Out

[2026-06-17 05:14:51] Processing staging.www.console.wwwwwwap2024.marionstronks.nl
  - Error on attempt 1: [SSL: TLSV1_ALERT_INTERNAL_ERROR] tlsv1 alert internal error (_ssl.c:1006)

[2026-06-17 05:14:51] PERMANENTLY FAILED: staging.www.console.wwwwwwap2024.marionstronks.nl
  - Attempts: 1/2
  - Final Error: [SSL: TLSV1_ALERT_INTERNAL_ERROR] tlsv1 alert internal error (_ssl.c:1006)

[2026-06-17 05:14:52] Processing admin.dev.cms.hosting.wialon.org
  - Error on attempt 1: [SSL: TLSV1_ALERT_INTERNAL_ERROR] tlsv1 alert internal error (_ssl.c:1006)

[2026-06-17 05:14:52] PERMANENTLY FAILED: admin.dev.cms.hosting.wialon.org
  - Attempts: 1/2
  - Final Error: [SSL: TLSV1_ALERT_INTERNAL_ERROR] tlsv1 alert internal error (_ssl.c:1006)

[2026-06-17 05:14:52] Processing e4388391b8a507642e1707be75e806415baf9.id.ui.direct
  - Error on attempt 1: [Errno 8] nodename nor servname provided, or not known

[2026-06-17 05:14:52] PERMANENTLY FAILED: e4388391b8a507642e1707be75e806415baf9.id.ui.direct
  - Attempts: 1/2
  - Final Error: [Errno 8] nodename nor servname provided, or not known

[2026-06-17 05:14:53] Processing qa.infomeeting.com
  - Error on attempt 1: [SSL: TLSV1_UNRECOGNIZED_NAME] tlsv1 unrecognized name (_ssl.c:1006)

[2026-06-17 05:14:53] PERMANENTLY FAILED: qa.infomeeting.com
  - Attempts: 1/2
  - Final Error: [SSL: TLSV1_UNRECOGNIZED_NAME] tlsv1 unrecognized name (_ssl.c:1006)

[2026-06-17 05:14:53] Processing ts.erozan.com
  - Error on attempt 1: [Errno 8] nodename nor servname provided, or not known

[2026-06-17 05:14:53] PERMANENTLY FAILED: ts.erozan.com
  - Attempts: 1/2
  - Final Error: [Errno 8] nodename nor servname provided, or not known

[2026-06-17 05:14:53] Processing staging.autotuningzubehoer.de
  - Error on attempt 1: Connection Timed Out

[2026-06-17 05:14:53] PERMANENTLY FAILED: staging.autotuningzubehoer.de
  - Attempts: 1/2
  - Final Error: Connection Timed Out

[2026-06-17 05:14:54] Processing lparisi.it
  - Error on attempt 1: [Errno 8] nodename nor servname provided, or not known

[2026-06-17 05:14:54] PERMANENTLY FAILED: lparisi.it
  - Attempts: 1/2
  - Final Error: [Errno 8] nodename nor servname provided, or not known

[2026-06-17 05:14:54] Processing serveurgat4.direct.quickconnect.to
  - Error on attempt 1: Connection Timed Out

[2026-06-17 05:14:54] PERMANENTLY FAILED: serveurgat4.direct.quickconnect.to
  - Attempts: 1/2
  - Final Error: Connection Timed Out

[2026-06-17 05:14:54] Processing afracabins.com
  - Error on attempt 1: [Errno 8] nodename nor servname provided, or not known

[2026-06-17 05:14:54] PERMANENTLY FAILED: afracabins.com
  - Attempts: 1/2
  - Final Error: [Errno 8] nodename nor servname provided, or not known

[2026-06-17 05:14:55] Processing casus.tryghansa.se
  - Error on attempt 1: [SSL: UNEXPECTED_EOF_WHILE_READING] EOF occurred in violation of protocol (_ssl.c:1006)

[2026-06-17 05:14:55] PERMANENTLY FAILED: casus.tryghansa.se
  - Attempts: 1/2
  - Final Error: [SSL: UNEXPECTED_EOF_WHILE_READING] EOF occurred in violation of protocol (_ssl.c:1006)

[2026-06-17 05:14:55] Processing nas-leslie.direct.ug.link
  - Error on attempt 1: [Errno 8] nodename nor servname provided, or not known

[2026-06-17 05:14:55] PERMANENTLY FAILED: nas-leslie.direct.ug.link
  - Attempts: 1/2
  - Final Error: [Errno 8] nodename nor servname provided, or not known

[2026-06-17 05:14:56] Processing next-phone.online
  - Error on attempt 1: [Errno 54] Connection reset by peer

[2026-06-17 05:14:56] PERMANENTLY FAILED: next-phone.online
  - Attempts: 1/2
  - Final Error: [Errno 54] Connection reset by peer

[2026-06-17 05:14:56] Processing qv9o7-3vt7h-bnhgzn.work
  - Error on attempt 1: [Errno 8] nodename nor servname provided, or not known

[2026-06-17 05:14:56] PERMANENTLY FAILED: qv9o7-3vt7h-bnhgzn.work
  - Attempts: 1/2
  - Final Error: [Errno 8] nodename nor servname provided, or not known

[2026-06-17 05:14:56] Processing desktopstudent.likh.com
  - Error on attempt 1: [SSL: TLSV1_UNRECOGNIZED_NAME] tlsv1 unrecognized name (_ssl.c:1006)

[2026-06-17 05:14:56] PERMANENTLY FAILED: desktopstudent.likh.com
  - Attempts: 1/2
  - Final Error: [SSL: TLSV1_UNRECOGNIZED_NAME] tlsv1 unrecognized name (_ssl.c:1006)

[2026-06-17 05:14:56] Processing 420e8315-563e-46a7-9e6c-64d6b983d4a6.nofee.net
  - Error on attempt 1: Connection Timed Out

[2026-06-17 05:14:56] PERMANENTLY FAILED: 420e8315-563e-46a7-9e6c-64d6b983d4a6.nofee.net
  - Attempts: 1/2
  - Final Error: Connection Timed Out

[2026-06-17 05:14:56] Processing reelactionsports.online
  - Error on attempt 1: [Errno 61] Connection refused

[2026-06-17 05:14:56] PERMANENTLY FAILED: reelactionsports.online
  - Attempts: 1/2
  - Final Error: [Errno 61] Connection refused

[2026-06-17 05:14:56] Processing xs01e7v.pro
  - Error on attempt 1: [Errno 8] nodename nor servname provided, or not known

[2026-06-17 05:14:56] PERMANENTLY FAILED: xs01e7v.pro
  - Attempts: 1/2
  - Final Error: [Errno 8] nodename nor servname provided, or not known

[2026-06-17 05:14:56] Processing admin.mail.wwwwwwapp.wwwwwwwwwminio-gartenkultur-neos-1c089c2d.gk01.cynova.dev
  - Error on attempt 1: [Errno 61] Connection refused

[2026-06-17 05:14:56] PERMANENTLY FAILED: admin.mail.wwwwwwapp.wwwwwwwwwminio-gartenkultur-neos-1c089c2d.gk01.cynova.dev
  - Attempts: 1/2
  - Final Error: [Errno 61] Connection refused

[2026-06-17 05:14:57] Processing ilidord.infomeeting.com
  - Error on attempt 1: [SSL: TLSV1_UNRECOGNIZED_NAME] tlsv1 unrecognized name (_ssl.c:1006)

[2026-06-17 05:14:57] PERMANENTLY FAILED: ilidord.infomeeting.com
  - Attempts: 1/2
  - Final Error: [SSL: TLSV1_UNRECOGNIZED_NAME] tlsv1 unrecognized name (_ssl.c:1006)

[2026-06-17 05:14:57] Processing remote2.beckanna.com
  - Error on attempt 1: Connection Timed Out

[2026-06-17 05:14:57] PERMANENTLY FAILED: remote2.beckanna.com
  - Attempts: 1/2
  - Final Error: Connection Timed Out

[2026-06-17 05:14:57] Processing staging.shfbitc6aq6nk41kks8s5.49-13-6-254.plesk.page
  - Error on attempt 1: [SSL: TLSV1_ALERT_INTERNAL_ERROR] tlsv1 alert internal error (_ssl.c:1006)

[2026-06-17 05:14:57] PERMANENTLY FAILED: staging.shfbitc6aq6nk41kks8s5.49-13-6-254.plesk.page
  - Attempts: 1/2
  - Final Error: [SSL: TLSV1_ALERT_INTERNAL_ERROR] tlsv1 alert internal error (_ssl.c:1006)

[2026-06-17 05:14:57] Processing api.mail.wwwwwwportal.dataset.49-12-111-90.plesk.page
  - Error on attempt 1: [Errno 61] Connection refused

[2026-06-17 05:14:57] PERMANENTLY FAILED: api.mail.wwwwwwportal.dataset.49-12-111-90.plesk.page
  - Attempts: 1/2
  - Final Error: [Errno 61] Connection refused

[2026-06-17 05:14:58] Processing fynaaa0i48q2zre9nr5fe7yw7xkigjq.direct.quickconnect.to
  - Error on attempt 1: [Errno 8] nodename nor servname provided, or not known

[2026-06-17 05:14:58] PERMANENTLY FAILED: fynaaa0i48q2zre9nr5fe7yw7xkigjq.direct.quickconnect.to
  - Attempts: 1/2
  - Final Error: [Errno 8] nodename nor servname provided, or not known

[2026-06-17 05:14:58] Processing jeanpaul-sousa.workers.dev
  - Error on attempt 1: [Errno 8] nodename nor servname provided, or not known

[2026-06-17 05:14:58] PERMANENTLY FAILED: jeanpaul-sousa.workers.dev
  - Attempts: 1/2
  - Final Error: [Errno 8] nodename nor servname provided, or not known

[2026-06-17 05:14:58] Processing test.shfbitc6aq6nk41kks8s5.49-13-6-254.plesk.page
  - Error on attempt 1: [SSL: TLSV1_ALERT_INTERNAL_ERROR] tlsv1 alert internal error (_ssl.c:1006)

[2026-06-17 05:14:58] PERMANENTLY FAILED: test.shfbitc6aq6nk41kks8s5.49-13-6-254.plesk.page
  - Attempts: 1/2
  - Final Error: [SSL: TLSV1_ALERT_INTERNAL_ERROR] tlsv1 alert internal error (_ssl.c:1006)

[2026-06-17 05:14:58] Processing sd.westcom.com
  - Error on attempt 1: [Errno 8] nodename nor servname provided, or not known

[2026-06-17 05:14:58] PERMANENTLY FAILED: sd.westcom.com
  - Attempts: 1/2
  - Final Error: [Errno 8] nodename nor servname provided, or not known

[2026-06-17 05:14:58] Processing a003a51f92de93e65a202fd6.keenetic.io
  - Error on attempt 1: [Errno 8] nodename nor servname provided, or not known

[2026-06-17 05:14:58] PERMANENTLY FAILED: a003a51f92de93e65a202fd6.keenetic.io
  - Attempts: 1/2
  - Final Error: [Errno 8] nodename nor servname provided, or not known

[2026-06-17 05:15:00] Processing chblamembers.fadnetworks.com
  - Error on attempt 1: Connection Timed Out

[2026-06-17 05:15:00] PERMANENTLY FAILED: chblamembers.fadnetworks.com
  - Attempts: 1/2
  - Final Error: Connection Timed Out

[2026-06-17 05:15:00] Processing webserpavlar.direct.quickconnect.to
  - Error on attempt 1: [Errno 61] Connection refused

[2026-06-17 05:15:00] PERMANENTLY FAILED: webserpavlar.direct.quickconnect.to
  - Attempts: 1/2
  - Final Error: [Errno 61] Connection refused

[2026-06-17 05:15:00] Processing snnas301.direct.quickconnect.to
  - Error on attempt 1: Connection Timed Out

[2026-06-17 05:15:00] PERMANENTLY FAILED: snnas301.direct.quickconnect.to
  - Attempts: 1/2
  - Final Error: Connection Timed Out

[2026-06-17 05:15:00] Processing theonlineschool.org
  - Error on attempt 1: [Errno 54] Connection reset by peer

[2026-06-17 05:15:00] PERMANENTLY FAILED: theonlineschool.org
  - Attempts: 1/2
  - Final Error: [Errno 54] Connection reset by peer

[2026-06-17 05:15:00] Processing cardinalcrone.com
  - Error on attempt 1: [Errno 8] nodename nor servname provided, or not known

[2026-06-17 05:15:00] PERMANENTLY FAILED: cardinalcrone.com
  - Attempts: 1/2
  - Final Error: [Errno 8] nodename nor servname provided, or not known

[2026-06-17 05:15:00] Processing infowww.wwwstore.myxpage.shop
  - Error on attempt 1: [SSL: TLSV1_ALERT_INTERNAL_ERROR] tlsv1 alert internal error (_ssl.c:1006)

[2026-06-17 05:15:00] PERMANENTLY FAILED: infowww.wwwstore.myxpage.shop
  - Attempts: 1/2
  - Final Error: [SSL: TLSV1_ALERT_INTERNAL_ERROR] tlsv1 alert internal error (_ssl.c:1006)

[2026-06-17 05:15:00] Processing ww12.tomkatjewelers.com
  - Error on attempt 1: [Errno 8] nodename nor servname provided, or not known

[2026-06-17 05:15:00] PERMANENTLY FAILED: ww12.tomkatjewelers.com
  - Attempts: 1/2
  - Final Error: [Errno 8] nodename nor servname provided, or not known

[2026-06-17 05:15:00] Processing aerobicsepticpumping.com
  - Error on attempt 1: Connection Timed Out

[2026-06-17 05:15:00] PERMANENTLY FAILED: aerobicsepticpumping.com
  - Attempts: 1/2
  - Final Error: Connection Timed Out

[2026-06-17 05:15:00] Processing s1442387723.torrentigruha.net
  - Error on attempt 1: Connection Timed Out

[2026-06-17 05:15:00] PERMANENTLY FAILED: s1442387723.torrentigruha.net
  - Attempts: 1/2
  - Final Error: Connection Timed Out

[2026-06-17 05:15:01] Processing archive.iphone.at
  - Error on attempt 1: Connection Timed Out

[2026-06-17 05:15:01] PERMANENTLY FAILED: archive.iphone.at
  - Attempts: 1/2
  - Final Error: Connection Timed Out

[2026-06-17 05:15:01] Processing staging.sitemaps.gpx69.lat
  - Error on attempt 1: [Errno 8] nodename nor servname provided, or not known

[2026-06-17 05:15:01] PERMANENTLY FAILED: staging.sitemaps.gpx69.lat
  - Attempts: 1/2
  - Final Error: [Errno 8] nodename nor servname provided, or not known

[2026-06-17 05:15:01] Processing 1b0fg98.workers.dev
  - Error on attempt 1: [Errno 8] nodename nor servname provided, or not known

[2026-06-17 05:15:01] PERMANENTLY FAILED: 1b0fg98.workers.dev
  - Attempts: 1/2
  - Final Error: [Errno 8] nodename nor servname provided, or not known

[2026-06-17 05:15:01] Processing themopmate.com
  - Error on attempt 1: [Errno 8] nodename nor servname provided, or not known

[2026-06-17 05:15:01] PERMANENTLY FAILED: themopmate.com
  - Attempts: 1/2
  - Final Error: [Errno 8] nodename nor servname provided, or not known

[2026-06-17 05:15:01] Processing 8h8lnxy.com
  - Error on attempt 1: [Errno 8] nodename nor servname provided, or not known

[2026-06-17 05:15:01] PERMANENTLY FAILED: 8h8lnxy.com
  - Attempts: 1/2
  - Final Error: [Errno 8] nodename nor servname provided, or not known

[2026-06-17 05:15:01] Processing fklh.com
  - Error on attempt 1: [Errno 8] nodename nor servname provided, or not known

[2026-06-17 05:15:01] PERMANENTLY FAILED: fklh.com
  - Attempts: 1/2
  - Final Error: [Errno 8] nodename nor servname provided, or not known

[2026-06-17 05:15:02] Processing sso.caputt.de
  - Error on attempt 1: Connection Timed Out

[2026-06-17 05:15:02] PERMANENTLY FAILED: sso.caputt.de
  - Attempts: 1/2
  - Final Error: Connection Timed Out

[2026-06-17 05:15:02] Processing api.mail.wwwwwwapp.wwwwwwwwwminio-gartenkultur-neos-1c089c2d.gk01.cynova.dev
  - Error on attempt 1: [Errno 61] Connection refused

[2026-06-17 05:15:02] PERMANENTLY FAILED: api.mail.wwwwwwapp.wwwwwwwwwminio-gartenkultur-neos-1c089c2d.gk01.cynova.dev
  - Attempts: 1/2
  - Final Error: [Errno 61] Connection refused

[2026-06-17 05:15:02] Processing g1mps.org
  - Error on attempt 1: [Errno 61] Connection refused

[2026-06-17 05:15:02] PERMANENTLY FAILED: g1mps.org
  - Attempts: 1/2
  - Final Error: [Errno 61] Connection refused

[2026-06-17 05:15:02] Processing gp.erozan.com
  - Error on attempt 1: [Errno 8] nodename nor servname provided, or not known

[2026-06-17 05:15:02] PERMANENTLY FAILED: gp.erozan.com
  - Attempts: 1/2
  - Final Error: [Errno 8] nodename nor servname provided, or not known

[2026-06-17 05:15:02] Processing tpe01.direct.quickconnect.to
  - Error on attempt 1: Connection Timed Out

[2026-06-17 05:15:02] PERMANENTLY FAILED: tpe01.direct.quickconnect.to
  - Attempts: 1/2
  - Final Error: Connection Timed Out

[2026-06-17 05:15:02] Processing d73bf13f-f503-4a6b-976c-d3652574a966.afroblack.com
  - Error on attempt 1: Connection Timed Out

[2026-06-17 05:15:02] PERMANENTLY FAILED: d73bf13f-f503-4a6b-976c-d3652574a966.afroblack.com
  - Attempts: 1/2
  - Final Error: Connection Timed Out

[2026-06-17 05:15:03] Processing 99.segelferien.com
  - Error on attempt 1: [Errno 8] nodename nor servname provided, or not known

[2026-06-17 05:15:03] PERMANENTLY FAILED: 99.segelferien.com
  - Attempts: 1/2
  - Final Error: [Errno 8] nodename nor servname provided, or not known

[2026-06-17 05:15:04] Processing e438832faf1f07220ca907782e98063a47e79.id.ui.direct
  - Error on attempt 1: [Errno 8] nodename nor servname provided, or not known

[2026-06-17 05:15:04] PERMANENTLY FAILED: e438832faf1f07220ca907782e98063a47e79.id.ui.direct
  - Attempts: 1/2
  - Final Error: [Errno 8] nodename nor servname provided, or not known

[2026-06-17 05:15:04] Processing api.sitemap.automoney.com.au
  - Error on attempt 1: [SSL: UNEXPECTED_EOF_WHILE_READING] EOF occurred in violation of protocol (_ssl.c:1006)

[2026-06-17 05:15:04] PERMANENTLY FAILED: api.sitemap.automoney.com.au
  - Attempts: 1/2
  - Final Error: [SSL: UNEXPECTED_EOF_WHILE_READING] EOF occurred in violation of protocol (_ssl.c:1006)

[2026-06-17 05:15:05] Processing m.industri.es
  - Error on attempt 1: Connection Timed Out

[2026-06-17 05:15:05] PERMANENTLY FAILED: m.industri.es
  - Attempts: 1/2
  - Final Error: Connection Timed Out

[2026-06-17 05:15:06] Processing drvpn.superahorros.com
  - Error on attempt 1: Connection Timed Out

[2026-06-17 05:15:06] PERMANENTLY FAILED: drvpn.superahorros.com
  - Attempts: 1/2
  - Final Error: Connection Timed Out

[2026-06-17 05:15:06] Processing demo.accountpayables.com
  - Error on attempt 1: Connection Timed Out

[2026-06-17 05:15:06] PERMANENTLY FAILED: demo.accountpayables.com
  - Attempts: 1/2
  - Final Error: Connection Timed Out

[2026-06-17 05:15:06] Processing mulefutapezamexizeza.online
  - Error on attempt 1: [Errno 8] nodename nor servname provided, or not known

[2026-06-17 05:15:06] PERMANENTLY FAILED: mulefutapezamexizeza.online
  - Attempts: 1/2
  - Final Error: [Errno 8] nodename nor servname provided, or not known

[2026-06-17 05:15:06] Processing api.hosashboard.pop.chat-service2.insightandsound.co.uk
  - Error on attempt 1: Connection Timed Out

[2026-06-17 05:15:06] PERMANENTLY FAILED: api.hosashboard.pop.chat-service2.insightandsound.co.uk
  - Attempts: 1/2
  - Final Error: Connection Timed Out

[2026-06-17 05:15:06] Processing home.wifiwepkey.com
  - Error on attempt 1: Connection Timed Out

[2026-06-17 05:15:06] PERMANENTLY FAILED: home.wifiwepkey.com
  - Attempts: 1/2
  - Final Error: Connection Timed Out

[2026-06-17 05:15:06] Processing wwwdev.www.payments.finance.35-226-225-22.sslip.io
  - Error on attempt 1: Connection Timed Out

[2026-06-17 05:15:06] PERMANENTLY FAILED: wwwdev.www.payments.finance.35-226-225-22.sslip.io
  - Attempts: 1/2
  - Final Error: Connection Timed Out

[2026-06-17 05:15:07] Processing ex02.wolf-forum.ch
  - Error on attempt 1: Connection Timed Out

[2026-06-17 05:15:07] PERMANENTLY FAILED: ex02.wolf-forum.ch
  - Attempts: 1/2
  - Final Error: Connection Timed Out

[2026-06-17 05:15:07] Processing test.mail.wwwwwwapp.wwwwwwwwwminio-gartenkultur-neos-1c089c2d.gk01.cynova.dev
  - Error on attempt 1: [Errno 61] Connection refused

[2026-06-17 05:15:07] PERMANENTLY FAILED: test.mail.wwwwwwapp.wwwwwwwwwminio-gartenkultur-neos-1c089c2d.gk01.cynova.dev
  - Attempts: 1/2
  - Final Error: [Errno 61] Connection refused

[2026-06-17 05:15:07] Processing notexistsstore.owlhouse.co.za
  - Error on attempt 1: Connection Timed Out

[2026-06-17 05:15:07] PERMANENTLY FAILED: notexistsstore.owlhouse.co.za
  - Attempts: 1/2
  - Final Error: Connection Timed Out

[2026-06-17 05:15:07] Processing bezysrdp.nyflaw.com
  - Error on attempt 1: Connection Timed Out

[2026-06-17 05:15:07] PERMANENTLY FAILED: bezysrdp.nyflaw.com
  - Attempts: 1/2
  - Final Error: Connection Timed Out

[2026-06-17 05:15:07] Processing forums.enigmatec.com
  - Error on attempt 1: Connection Timed Out

[2026-06-17 05:15:07] PERMANENTLY FAILED: forums.enigmatec.com
  - Attempts: 1/2
  - Final Error: Connection Timed Out

[2026-06-17 05:15:07] Processing po.ineer.com
  - Error on attempt 1: [Errno 8] nodename nor servname provided, or not known

[2026-06-17 05:15:07] PERMANENTLY FAILED: po.ineer.com
  - Attempts: 1/2
  - Final Error: [Errno 8] nodename nor servname provided, or not known

[2026-06-17 05:15:08] Processing b-enjamin209book.workers.dev
  - Error on attempt 1: [Errno 8] nodename nor servname provided, or not known

[2026-06-17 05:15:08] PERMANENTLY FAILED: b-enjamin209book.workers.dev
  - Attempts: 1/2
  - Final Error: [Errno 8] nodename nor servname provided, or not known

[2026-06-17 05:15:08] Processing vault.lammers-krueger.de
  - Error on attempt 1: [SSL: UNEXPECTED_EOF_WHILE_READING] EOF occurred in violation of protocol (_ssl.c:1006)

[2026-06-17 05:15:08] PERMANENTLY FAILED: vault.lammers-krueger.de
  - Attempts: 1/2
  - Final Error: [SSL: UNEXPECTED_EOF_WHILE_READING] EOF occurred in violation of protocol (_ssl.c:1006)

[2026-06-17 05:15:08] Processing mapreprod.net
  - Error on attempt 1: [Errno 8] nodename nor servname provided, or not known

[2026-06-17 05:15:08] PERMANENTLY FAILED: mapreprod.net
  - Attempts: 1/2
  - Final Error: [Errno 8] nodename nor servname provided, or not known

[2026-06-17 05:15:08] Processing whatsyourtimezone.org
  - Error on attempt 1: [Errno 61] Connection refused

[2026-06-17 05:15:08] PERMANENTLY FAILED: whatsyourtimezone.org
  - Attempts: 1/2
  - Final Error: [Errno 61] Connection refused

[2026-06-17 05:15:08] Processing 66f0d093-87bd-4324-85f2-f3054c52771a.autodarts.direct
  - Error on attempt 1: [Errno 8] nodename nor servname provided, or not known

[2026-06-17 05:15:08] PERMANENTLY FAILED: 66f0d093-87bd-4324-85f2-f3054c52771a.autodarts.direct
  - Attempts: 1/2
  - Final Error: [Errno 8] nodename nor servname provided, or not known

[2026-06-17 05:15:08] Processing bottourism.info
  - Error on attempt 1: [SSL: TLSV1_UNRECOGNIZED_NAME] tlsv1 unrecognized name (_ssl.c:1006)

[2026-06-17 05:15:08] PERMANENTLY FAILED: bottourism.info
  - Attempts: 1/2
  - Final Error: [SSL: TLSV1_UNRECOGNIZED_NAME] tlsv1 unrecognized name (_ssl.c:1006)

[2026-06-17 05:15:09] Processing sitemap.cenacondelitto.it
  - Error on attempt 1: Connection Timed Out

[2026-06-17 05:15:09] PERMANENTLY FAILED: sitemap.cenacondelitto.it
  - Attempts: 1/2
  - Final Error: Connection Timed Out

[2026-06-17 05:15:09] Processing highroller.casino
  - Error on attempt 1: [Errno 8] nodename nor servname provided, or not known

[2026-06-17 05:15:09] PERMANENTLY FAILED: highroller.casino
  - Attempts: 1/2
  - Final Error: [Errno 8] nodename nor servname provided, or not known

[2026-06-17 05:15:09] Processing caeluminvestment.com
  - Error on attempt 1: [Errno 8] nodename nor servname provided, or not known

[2026-06-17 05:15:09] PERMANENTLY FAILED: caeluminvestment.com
  - Attempts: 1/2
  - Final Error: [Errno 8] nodename nor servname provided, or not known

[2026-06-17 05:15:09] Processing langfuse-lsog08c4kck8844gg88gg0cc.coolify.samarpit.dev
  - Error on attempt 1: [Errno 8] nodename nor servname provided, or not known

[2026-06-17 05:15:09] PERMANENTLY FAILED: langfuse-lsog08c4kck8844gg88gg0cc.coolify.samarpit.dev
  - Attempts: 1/2
  - Final Error: [Errno 8] nodename nor servname provided, or not known

[2026-06-17 05:15:10] Processing dev.cafewayanbakeryubud.com
  - Error on attempt 1: [Errno 8] nodename nor servname provided, or not known

[2026-06-17 05:15:10] PERMANENTLY FAILED: dev.cafewayanbakeryubud.com
  - Attempts: 1/2
  - Final Error: [Errno 8] nodename nor servname provided, or not known

[2026-06-17 05:15:11] Processing bbs.erozan.com
  - Error on attempt 1: [Errno 8] nodename nor servname provided, or not known

[2026-06-17 05:15:11] PERMANENTLY FAILED: bbs.erozan.com
  - Attempts: 1/2
  - Final Error: [Errno 8] nodename nor servname provided, or not known

[2026-06-17 05:15:11] Processing levelmeter.i-pruvodce.eu
  - Error on attempt 1: Connection Timed Out

[2026-06-17 05:15:11] PERMANENTLY FAILED: levelmeter.i-pruvodce.eu
  - Attempts: 1/2
  - Final Error: Connection Timed Out

[2026-06-17 05:15:11] Processing bugzilla.sabretechnology.co.uk
  - Error on attempt 1: Connection Timed Out

[2026-06-17 05:15:11] PERMANENTLY FAILED: bugzilla.sabretechnology.co.uk
  - Attempts: 1/2
  - Final Error: Connection Timed Out

[2026-06-17 05:15:11] Processing sqlstar.fit
  - Error on attempt 1: [Errno 51] Network is unreachable

[2026-06-17 05:15:11] PERMANENTLY FAILED: sqlstar.fit
  - Attempts: 1/2
  - Final Error: [Errno 51] Network is unreachable

[2026-06-17 05:15:12] Processing nasremax.direct.quickconnect.to
  - Error on attempt 1: Connection Timed Out

[2026-06-17 05:15:12] PERMANENTLY FAILED: nasremax.direct.quickconnect.to
  - Attempts: 1/2
  - Final Error: Connection Timed Out

[2026-06-17 05:15:12] Processing arabmontaaj.com
  - Error on attempt 1: [Errno 8] nodename nor servname provided, or not known

[2026-06-17 05:15:12] PERMANENTLY FAILED: arabmontaaj.com
  - Attempts: 1/2
  - Final Error: [Errno 8] nodename nor servname provided, or not known

[2026-06-17 05:15:12] Processing dev.app.seratos.cloud
  - Error on attempt 1: [SSL: UNEXPECTED_EOF_WHILE_READING] EOF occurred in violation of protocol (_ssl.c:1006)

[2026-06-17 05:15:12] PERMANENTLY FAILED: dev.app.seratos.cloud
  - Attempts: 1/2
  - Final Error: [SSL: UNEXPECTED_EOF_WHILE_READING] EOF occurred in violation of protocol (_ssl.c:1006)

[2026-06-17 05:15:12] Processing maseminars.com
  - Error on attempt 1: [Errno 61] Connection refused

[2026-06-17 05:15:12] PERMANENTLY FAILED: maseminars.com
  - Attempts: 1/2
  - Final Error: [Errno 61] Connection refused

[2026-06-17 05:15:12] Processing remoto.superahorros.com
  - Error on attempt 1: Connection Timed Out

[2026-06-17 05:15:12] PERMANENTLY FAILED: remoto.superahorros.com
  - Attempts: 1/2
  - Final Error: Connection Timed Out

[2026-06-17 05:15:12] Processing q69uoy3mdz8r.npc.catapultweboffice.com
  - Error on attempt 1: Connection Timed Out

[2026-06-17 05:15:12] PERMANENTLY FAILED: q69uoy3mdz8r.npc.catapultweboffice.com
  - Attempts: 1/2
  - Final Error: Connection Timed Out

[2026-06-17 05:15:12] Processing wo-dowrprjanbuf909ibuzyi00r7.w.modal.host
  - Error on attempt 1: [Errno 8] nodename nor servname provided, or not known

[2026-06-17 05:15:12] PERMANENTLY FAILED: wo-dowrprjanbuf909ibuzyi00r7.w.modal.host
  - Attempts: 1/2
  - Final Error: [Errno 8] nodename nor servname provided, or not known

[2026-06-17 05:15:13] Processing wo-gp871ykhiiffdu6garwe617n2.w.modal.host
  - Error on attempt 1: [Errno 8] nodename nor servname provided, or not known

[2026-06-17 05:15:13] PERMANENTLY FAILED: wo-gp871ykhiiffdu6garwe617n2.w.modal.host
  - Attempts: 1/2
  - Final Error: [Errno 8] nodename nor servname provided, or not known

[2026-06-17 05:15:13] Processing ypev.wucd.com
  - Error on attempt 1: [SSL: TLSV1_UNRECOGNIZED_NAME] tlsv1 unrecognized name (_ssl.c:1006)

[2026-06-17 05:15:13] PERMANENTLY FAILED: ypev.wucd.com
  - Attempts: 1/2
  - Final Error: [SSL: TLSV1_UNRECOGNIZED_NAME] tlsv1 unrecognized name (_ssl.c:1006)

[2026-06-17 05:15:13] Processing demo.dev.software.payments.35-226-225-22.sslip.io
  - Error on attempt 1: Connection Timed Out

[2026-06-17 05:15:13] PERMANENTLY FAILED: demo.dev.software.payments.35-226-225-22.sslip.io
  - Attempts: 1/2
  - Final Error: Connection Timed Out

[2026-06-17 05:15:13] Processing old.portauthorityny.com
  - Error on attempt 1: [Errno 8] nodename nor servname provided, or not known

[2026-06-17 05:15:13] PERMANENTLY FAILED: old.portauthorityny.com
  - Attempts: 1/2
  - Final Error: [Errno 8] nodename nor servname provided, or not known

[2026-06-17 05:15:13] Processing kinfolk-market.com
  - Error on attempt 1: [Errno 8] nodename nor servname provided, or not known

[2026-06-17 05:15:13] PERMANENTLY FAILED: kinfolk-market.com
  - Attempts: 1/2
  - Final Error: [Errno 8] nodename nor servname provided, or not known

[2026-06-17 05:15:13] Processing anyconnect.nofee.net
  - Error on attempt 1: Connection Timed Out

[2026-06-17 05:15:13] PERMANENTLY FAILED: anyconnect.nofee.net
  - Attempts: 1/2
  - Final Error: Connection Timed Out

[2026-06-17 05:15:13] Processing rockset-1.internal.api.openai.org
  - Error on attempt 1: [Errno 8] nodename nor servname provided, or not known

[2026-06-17 05:15:13] PERMANENTLY FAILED: rockset-1.internal.api.openai.org
  - Attempts: 1/2
  - Final Error: [Errno 8] nodename nor servname provided, or not known

[2026-06-17 05:15:13] Processing spark-prize.org
  - Error on attempt 1: [Errno 61] Connection refused

[2026-06-17 05:15:13] PERMANENTLY FAILED: spark-prize.org
  - Attempts: 1/2
  - Final Error: [Errno 61] Connection refused

[2026-06-17 05:15:14] Processing staging.mail.wwwwwwportal.dataset.49-12-111-90.plesk.page
  - Error on attempt 1: [Errno 61] Connection refused

[2026-06-17 05:15:14] PERMANENTLY FAILED: staging.mail.wwwwwwportal.dataset.49-12-111-90.plesk.page
  - Attempts: 1/2
  - Final Error: [Errno 61] Connection refused

[2026-06-17 05:15:14] Processing prohealthmg.online
  - Error on attempt 1: [Errno 61] Connection refused

[2026-06-17 05:15:14] PERMANENTLY FAILED: prohealthmg.online
  - Attempts: 1/2
  - Final Error: [Errno 61] Connection refused

[2026-06-17 05:15:14] Processing admin.mail.wwwwwwportal.dataset.49-12-111-90.plesk.page
  - Error on attempt 1: [Errno 61] Connection refused

[2026-06-17 05:15:14] PERMANENTLY FAILED: admin.mail.wwwwwwportal.dataset.49-12-111-90.plesk.page
  - Attempts: 1/2
  - Final Error: [Errno 61] Connection refused

[2026-06-17 05:15:14] Processing scrubsoutfit.com.mx
  - Error on attempt 1: [Errno 8] nodename nor servname provided, or not known

[2026-06-17 05:15:14] PERMANENTLY FAILED: scrubsoutfit.com.mx
  - Attempts: 1/2
  - Final Error: [Errno 8] nodename nor servname provided, or not known

[2026-06-17 05:15:14] Processing staging.www.dignitarymusic.com
  - Error on attempt 1: Connection Timed Out

[2026-06-17 05:15:14] PERMANENTLY FAILED: staging.www.dignitarymusic.com
  - Attempts: 1/2
  - Final Error: Connection Timed Out

[2026-06-17 05:15:15] Processing rhoengase.de
  - Error on attempt 1: Connection Timed Out

[2026-06-17 05:15:15] PERMANENTLY FAILED: rhoengase.de
  - Attempts: 1/2
  - Final Error: Connection Timed Out

[2026-06-17 05:15:16] Processing new.bansuini.com
  - Error on attempt 1: Connection Timed Out

[2026-06-17 05:15:16] PERMANENTLY FAILED: new.bansuini.com
  - Attempts: 1/2
  - Final Error: Connection Timed Out

[2026-06-17 05:15:16] Processing eo.cefat.com
  - Error on attempt 1: [SSL: TLSV1_UNRECOGNIZED_NAME] tlsv1 unrecognized name (_ssl.c:1006)

[2026-06-17 05:15:16] PERMANENTLY FAILED: eo.cefat.com
  - Attempts: 1/2
  - Final Error: [SSL: TLSV1_UNRECOGNIZED_NAME] tlsv1 unrecognized name (_ssl.c:1006)

[2026-06-17 05:15:17] Processing dashboard.thaifilms.com
  - Error on attempt 1: Connection Timed Out

[2026-06-17 05:15:17] PERMANENTLY FAILED: dashboard.thaifilms.com
  - Attempts: 1/2
  - Final Error: Connection Timed Out

[2026-06-17 05:15:17] Processing 4d61bc40.sni.cloudflaressl.com
  - Error on attempt 1: [SSL: SSLV3_ALERT_HANDSHAKE_FAILURE] ssl/tls alert handshake failure (_ssl.c:1006)

[2026-06-17 05:15:17] PERMANENTLY FAILED: 4d61bc40.sni.cloudflaressl.com
  - Attempts: 1/2
  - Final Error: [SSL: SSLV3_ALERT_HANDSHAKE_FAILURE] ssl/tls alert handshake failure (_ssl.c:1006)

[2026-06-17 05:15:17] Processing yandex.sbermegamarket.ozon.kun.id0718.com
  - Error on attempt 1: [Errno 8] nodename nor servname provided, or not known

[2026-06-17 05:15:17] PERMANENTLY FAILED: yandex.sbermegamarket.ozon.kun.id0718.com
  - Attempts: 1/2
  - Final Error: [Errno 8] nodename nor servname provided, or not known

[2026-06-17 05:15:17] Processing blog.fadnetworks.com
  - Error on attempt 1: Connection Timed Out

[2026-06-17 05:15:17] PERMANENTLY FAILED: blog.fadnetworks.com
  - Attempts: 1/2
  - Final Error: Connection Timed Out

[2026-06-17 05:15:18] Processing webmail.mta59.godrejehomes.com
  - Error on attempt 1: [Errno 8] nodename nor servname provided, or not known

[2026-06-17 05:15:18] PERMANENTLY FAILED: webmail.mta59.godrejehomes.com
  - Attempts: 1/2
  - Final Error: [Errno 8] nodename nor servname provided, or not known

[2026-06-17 05:15:18] Processing info.sexaholicsanonymous.com
  - Error on attempt 1: Connection Timed Out

[2026-06-17 05:15:18] PERMANENTLY FAILED: info.sexaholicsanonymous.com
  - Attempts: 1/2
  - Final Error: Connection Timed Out

[2026-06-17 05:15:18] Processing crucialnaturalresources.online
  - Error on attempt 1: [Errno 61] Connection refused

[2026-06-17 05:15:18] PERMANENTLY FAILED: crucialnaturalresources.online
  - Attempts: 1/2
  - Final Error: [Errno 61] Connection refused

[2026-06-17 05:15:19] Processing 6o3knoh4xpul2glzpp5z.device.stripe-terminal-local-reader.net
  - Error on attempt 1: [Errno 8] nodename nor servname provided, or not known

[2026-06-17 05:15:19] PERMANENTLY FAILED: 6o3knoh4xpul2glzpp5z.device.stripe-terminal-local-reader.net
  - Attempts: 1/2
  - Final Error: [Errno 8] nodename nor servname provided, or not known

[2026-06-17 05:15:19] Processing demo.knackgroup.com
  - Error on attempt 1: [Errno 8] nodename nor servname provided, or not known

[2026-06-17 05:15:19] PERMANENTLY FAILED: demo.knackgroup.com
  - Attempts: 1/2
  - Final Error: [Errno 8] nodename nor servname provided, or not known

[2026-06-17 05:15:19] Processing iam.ajj-ds-k8s-binary-upgrade-pr13829-15.engineeringpit.com
  - Error on attempt 1: [Errno 8] nodename nor servname provided, or not known

[2026-06-17 05:15:19] PERMANENTLY FAILED: iam.ajj-ds-k8s-binary-upgrade-pr13829-15.engineeringpit.com
  - Attempts: 1/2
  - Final Error: [Errno 8] nodename nor servname provided, or not known

[2026-06-17 05:15:19] Processing gate.proandy-sp.si
  - Error on attempt 1: Connection Timed Out

[2026-06-17 05:15:19] PERMANENTLY FAILED: gate.proandy-sp.si
  - Attempts: 1/2
  - Final Error: Connection Timed Out

[2026-06-17 05:15:19] Processing test.www.cbpkloqv.discord.tattoo
  - Error on attempt 1: [Errno 8] nodename nor servname provided, or not known

[2026-06-17 05:15:19] PERMANENTLY FAILED: test.www.cbpkloqv.discord.tattoo
  - Attempts: 1/2
  - Final Error: [Errno 8] nodename nor servname provided, or not known

[2026-06-17 05:15:19] Processing joysgames.com
  - Error on attempt 1: Connection Timed Out

[2026-06-17 05:15:19] PERMANENTLY FAILED: joysgames.com
  - Attempts: 1/2
  - Final Error: Connection Timed Out

[2026-06-17 05:15:20] Processing members.thaifilms.com
  - Error on attempt 1: Connection Timed Out

[2026-06-17 05:15:20] PERMANENTLY FAILED: members.thaifilms.com
  - Attempts: 1/2
  - Final Error: Connection Timed Out

[2026-06-17 05:15:21] Processing admin.dev.www.m.previewlink.is
  - Error on attempt 1: Connection Timed Out

[2026-06-17 05:15:21] PERMANENTLY FAILED: admin.dev.www.m.previewlink.is
  - Attempts: 1/2
  - Final Error: Connection Timed Out

[2026-06-17 05:15:21] Processing grafprojekt.direct.quickconnect.to
  - Error on attempt 1: Connection Timed Out

[2026-06-17 05:15:21] PERMANENTLY FAILED: grafprojekt.direct.quickconnect.to
  - Attempts: 1/2
  - Final Error: Connection Timed Out

[2026-06-17 05:15:21] Processing haiou.qzz.io
  - Error on attempt 1: [Errno 8] nodename nor servname provided, or not known

[2026-06-17 05:15:21] PERMANENTLY FAILED: haiou.qzz.io
  - Attempts: 1/2
  - Final Error: [Errno 8] nodename nor servname provided, or not known

[2026-06-17 05:15:22] Processing americanfalconsecurity.com
  - Error on attempt 1: [Errno 61] Connection refused

[2026-06-17 05:15:22] PERMANENTLY FAILED: americanfalconsecurity.com
  - Attempts: 1/2
  - Final Error: [Errno 61] Connection refused

[2026-06-17 05:15:22] Processing odoo.internal.stage.pbk-lab.tech
  - Error on attempt 1: Connection Timed Out

[2026-06-17 05:15:22] PERMANENTLY FAILED: odoo.internal.stage.pbk-lab.tech
  - Attempts: 1/2
  - Final Error: Connection Timed Out

[2026-06-17 05:15:22] Processing q.hubta.com
  - Error on attempt 1: [SSL: TLSV1_UNRECOGNIZED_NAME] tlsv1 unrecognized name (_ssl.c:1006)

[2026-06-17 05:15:22] PERMANENTLY FAILED: q.hubta.com
  - Attempts: 1/2
  - Final Error: [SSL: TLSV1_UNRECOGNIZED_NAME] tlsv1 unrecognized name (_ssl.c:1006)

[2026-06-17 05:15:23] Processing northcountyrad.mydocbilll.com
  - Error on attempt 1: Connection Timed Out

[2026-06-17 05:15:23] PERMANENTLY FAILED: northcountyrad.mydocbilll.com
  - Attempts: 1/2
  - Final Error: Connection Timed Out

[2026-06-17 05:15:23] Processing vpn1.superahorros.com
  - Error on attempt 1: Connection Timed Out

[2026-06-17 05:15:23] PERMANENTLY FAILED: vpn1.superahorros.com
  - Attempts: 1/2
  - Final Error: Connection Timed Out

[2026-06-17 05:15:23] Processing paloalto.wildones.com
  - Error on attempt 1: Connection Timed Out

[2026-06-17 05:15:23] PERMANENTLY FAILED: paloalto.wildones.com
  - Attempts: 1/2
  - Final Error: Connection Timed Out

[2026-06-17 05:15:23] Processing app2.hubta.com
  - Error on attempt 1: [SSL: TLSV1_UNRECOGNIZED_NAME] tlsv1 unrecognized name (_ssl.c:1006)

[2026-06-17 05:15:23] PERMANENTLY FAILED: app2.hubta.com
  - Attempts: 1/2
  - Final Error: [SSL: TLSV1_UNRECOGNIZED_NAME] tlsv1 unrecognized name (_ssl.c:1006)

[2026-06-17 05:15:24] Processing winningtechs.cloud
  - Error on attempt 1: [Errno 54] Connection reset by peer

[2026-06-17 05:15:24] PERMANENTLY FAILED: winningtechs.cloud
  - Attempts: 1/2
  - Final Error: [Errno 54] Connection reset by peer

[2026-06-17 05:15:24] Processing www4.steinpflege-buhla.de
  - Error on attempt 1: [SSL: TLSV1_ALERT_INTERNAL_ERROR] tlsv1 alert internal error (_ssl.c:1006)

[2026-06-17 05:15:24] PERMANENTLY FAILED: www4.steinpflege-buhla.de
  - Attempts: 1/2
  - Final Error: [SSL: TLSV1_ALERT_INTERNAL_ERROR] tlsv1 alert internal error (_ssl.c:1006)

[2026-06-17 05:15:25] Processing notexistsww6.labest.org
  - Error on attempt 1: [Errno 61] Connection refused

[2026-06-17 05:15:25] PERMANENTLY FAILED: notexistsww6.labest.org
  - Attempts: 1/2
  - Final Error: [Errno 61] Connection refused

[2026-06-17 05:15:25] Processing hochthanner.direct.quickconnect.to
  - Error on attempt 1: [Errno 61] Connection refused

[2026-06-17 05:15:25] PERMANENTLY FAILED: hochthanner.direct.quickconnect.to
  - Attempts: 1/2
  - Final Error: [Errno 61] Connection refused

[2026-06-17 05:15:25] Processing wwwdev.www.crm.app.35-226-225-22.sslip.io
  - Error on attempt 1: Connection Timed Out

[2026-06-17 05:15:25] PERMANENTLY FAILED: wwwdev.www.crm.app.35-226-225-22.sslip.io
  - Attempts: 1/2
  - Final Error: Connection Timed Out

[2026-06-17 05:15:26] Processing texasholdemcenteral.com
  - Error on attempt 1: Connection Timed Out

[2026-06-17 05:15:26] PERMANENTLY FAILED: texasholdemcenteral.com
  - Attempts: 1/2
  - Final Error: Connection Timed Out

[2026-06-17 05:15:26] Processing pay.sbermegamarket.sberbank.youla.lord88.site
  - Error on attempt 1: [SSL: UNEXPECTED_EOF_WHILE_READING] EOF occurred in violation of protocol (_ssl.c:1006)

[2026-06-17 05:15:26] PERMANENTLY FAILED: pay.sbermegamarket.sberbank.youla.lord88.site
  - Attempts: 1/2
  - Final Error: [SSL: UNEXPECTED_EOF_WHILE_READING] EOF occurred in violation of protocol (_ssl.c:1006)

[2026-06-17 05:15:26] Processing cpcalendars.accbv.com
  - Error on attempt 1: [Errno 8] nodename nor servname provided, or not known

[2026-06-17 05:15:26] PERMANENTLY FAILED: cpcalendars.accbv.com
  - Attempts: 1/2
  - Final Error: [Errno 8] nodename nor servname provided, or not known

[2026-06-17 05:15:27] Processing cbd4adfe-0893-4fec-a1e9-cc9b1e2d577a.xn--hgb6ec13b.com
  - Error on attempt 1: Connection Timed Out

[2026-06-17 05:15:27] PERMANENTLY FAILED: cbd4adfe-0893-4fec-a1e9-cc9b1e2d577a.xn--hgb6ec13b.com
  - Attempts: 1/2
  - Final Error: Connection Timed Out

[2026-06-17 05:15:27] Processing cesia-api.digigebf21.de
  - Error on attempt 1: Connection Timed Out

[2026-06-17 05:15:27] PERMANENTLY FAILED: cesia-api.digigebf21.de
  - Attempts: 1/2
  - Final Error: Connection Timed Out

[2026-06-17 05:15:27] Processing btnas.ridgehead-shark.ts.net
  - Error on attempt 1: [Errno 8] nodename nor servname provided, or not known

[2026-06-17 05:15:27] PERMANENTLY FAILED: btnas.ridgehead-shark.ts.net
  - Attempts: 1/2
  - Final Error: [Errno 8] nodename nor servname provided, or not known

[2026-06-17 05:15:28] Processing pelataran.id
  - Error on attempt 1: [Errno 8] nodename nor servname provided, or not known

[2026-06-17 05:15:28] PERMANENTLY FAILED: pelataran.id
  - Attempts: 1/2
  - Final Error: [Errno 8] nodename nor servname provided, or not known

[2026-06-17 05:15:28] Processing pay.chalkshark.com
  - Error on attempt 1: [Errno 8] nodename nor servname provided, or not known

[2026-06-17 05:15:28] PERMANENTLY FAILED: pay.chalkshark.com
  - Attempts: 1/2
  - Final Error: [Errno 8] nodename nor servname provided, or not known

[2026-06-17 05:15:28] Processing ringify.store
  - Error on attempt 1: [Errno 8] nodename nor servname provided, or not known

[2026-06-17 05:15:28] PERMANENTLY FAILED: ringify.store
  - Attempts: 1/2
  - Final Error: [Errno 8] nodename nor servname provided, or not known

[2026-06-17 05:15:28] Processing freestyle-karate.co.uk
  - Error on attempt 1: [Errno 8] nodename nor servname provided, or not known

[2026-06-17 05:15:28] PERMANENTLY FAILED: freestyle-karate.co.uk
  - Attempts: 1/2
  - Final Error: [Errno 8] nodename nor servname provided, or not known

[2026-06-17 05:15:28] Processing itechnboutique.com
  - Error on attempt 1: [Errno 8] nodename nor servname provided, or not known

[2026-06-17 05:15:28] PERMANENTLY FAILED: itechnboutique.com
  - Attempts: 1/2
  - Final Error: [Errno 8] nodename nor servname provided, or not known

[2026-06-17 05:15:28] Processing cloudapp.webnew.de
  - Error on attempt 1: [Errno 8] nodename nor servname provided, or not known

[2026-06-17 05:15:28] PERMANENTLY FAILED: cloudapp.webnew.de
  - Attempts: 1/2
  - Final Error: [Errno 8] nodename nor servname provided, or not known

[2026-06-17 05:15:28] Processing domains-9c8.workers.dev
  - Error on attempt 1: [Errno 8] nodename nor servname provided, or not known

[2026-06-17 05:15:28] PERMANENTLY FAILED: domains-9c8.workers.dev
  - Attempts: 1/2
  - Final Error: [Errno 8] nodename nor servname provided, or not known

[2026-06-17 05:15:28] Processing ww38.warnermuseum.org
  - Error on attempt 1: Connection Timed Out

[2026-06-17 05:15:28] PERMANENTLY FAILED: ww38.warnermuseum.org
  - Attempts: 1/2
  - Final Error: Connection Timed Out

[2026-06-17 05:15:28] Processing 49617dd.com
  - Error on attempt 1: [Errno 8] nodename nor servname provided, or not known

[2026-06-17 05:15:28] PERMANENTLY FAILED: 49617dd.com
  - Attempts: 1/2
  - Final Error: [Errno 8] nodename nor servname provided, or not known

[2026-06-17 05:15:28] Processing 9db6dfd085a47b811ee69cb8.keenetic.io
  - Error on attempt 1: [Errno 8] nodename nor servname provided, or not known

[2026-06-17 05:15:28] PERMANENTLY FAILED: 9db6dfd085a47b811ee69cb8.keenetic.io
  - Attempts: 1/2
  - Final Error: [Errno 8] nodename nor servname provided, or not known

[2026-06-17 05:15:28] Processing external-warehouse.bags2school.com
  - Error on attempt 1: [Errno 61] Connection refused

[2026-06-17 05:15:28] PERMANENTLY FAILED: external-warehouse.bags2school.com
  - Attempts: 1/2
  - Final Error: [Errno 61] Connection refused

[2026-06-17 05:15:28] Processing 74acb93663ef04a8bc04dd8c2705eb07d03.id.ui.direct
  - Error on attempt 1: [Errno 8] nodename nor servname provided, or not known

[2026-06-17 05:15:28] PERMANENTLY FAILED: 74acb93663ef04a8bc04dd8c2705eb07d03.id.ui.direct
  - Attempts: 1/2
  - Final Error: [Errno 8] nodename nor servname provided, or not known

[2026-06-17 05:15:29] Processing analytics.ericmorgan.com
  - Error on attempt 1: Connection Timed Out

[2026-06-17 05:15:29] PERMANENTLY FAILED: analytics.ericmorgan.com
  - Attempts: 1/2
  - Final Error: Connection Timed Out

[2026-06-17 05:15:29] Processing aionai.app
  - Error on attempt 1: [Errno 8] nodename nor servname provided, or not known

[2026-06-17 05:15:29] PERMANENTLY FAILED: aionai.app
  - Attempts: 1/2
  - Final Error: [Errno 8] nodename nor servname provided, or not known

[2026-06-17 05:15:29] Processing doomdad.direct.quickconnect.cn
  - Error on attempt 1: [Errno 8] nodename nor servname provided, or not known

[2026-06-17 05:15:29] PERMANENTLY FAILED: doomdad.direct.quickconnect.cn
  - Attempts: 1/2
  - Final Error: [Errno 8] nodename nor servname provided, or not known

[2026-06-17 05:15:30] Processing janus14.dartcounter.net
  - Error on attempt 1: [Errno 61] Connection refused

[2026-06-17 05:15:30] PERMANENTLY FAILED: janus14.dartcounter.net
  - Attempts: 1/2
  - Final Error: [Errno 61] Connection refused

[2026-06-17 05:15:31] Processing test.analytics.microstrategy.triage.com
  - Error on attempt 1: [SSL: TLSV1_ALERT_INTERNAL_ERROR] tlsv1 alert internal error (_ssl.c:1006)

[2026-06-17 05:15:31] PERMANENTLY FAILED: test.analytics.microstrategy.triage.com
  - Attempts: 1/2
  - Final Error: [SSL: TLSV1_ALERT_INTERNAL_ERROR] tlsv1 alert internal error (_ssl.c:1006)

[2026-06-17 05:15:31] Processing ozavyher.us
  - Error on attempt 1: [Errno 61] Connection refused

[2026-06-17 05:15:31] PERMANENTLY FAILED: ozavyher.us
  - Attempts: 1/2
  - Final Error: [Errno 61] Connection refused

[2026-06-17 05:15:31] Processing client1.ydteam.es
  - Error on attempt 1: [Errno 8] nodename nor servname provided, or not known

[2026-06-17 05:15:31] PERMANENTLY FAILED: client1.ydteam.es
  - Attempts: 1/2
  - Final Error: [Errno 8] nodename nor servname provided, or not known

[2026-06-17 05:15:31] Processing staging-analytics.sc-kundl.at
  - Error on attempt 1: [Errno 8] nodename nor servname provided, or not known

[2026-06-17 05:15:31] PERMANENTLY FAILED: staging-analytics.sc-kundl.at
  - Attempts: 1/2
  - Final Error: [Errno 8] nodename nor servname provided, or not known

[2026-06-17 05:15:35] Processing bluefinvision.direct.quickconnect.to
  - Error on attempt 1: Connection Timed Out

[2026-06-17 05:15:35] PERMANENTLY FAILED: bluefinvision.direct.quickconnect.to
  - Attempts: 1/2
  - Final Error: Connection Timed Out

[2026-06-17 05:15:35] Processing cloud.adoptionsearchuk.com
  - Error on attempt 1: Connection Timed Out

[2026-06-17 05:15:35] PERMANENTLY FAILED: cloud.adoptionsearchuk.com
  - Attempts: 1/2
  - Final Error: Connection Timed Out

[2026-06-17 05:15:35] Processing notexistsobanews.orgwp.com
  - Error on attempt 1: Connection Timed Out

[2026-06-17 05:15:35] PERMANENTLY FAILED: notexistsobanews.orgwp.com
  - Attempts: 1/2
  - Final Error: Connection Timed Out

[2026-06-17 05:15:36] Processing forums.calcuator.com
  - Error on attempt 1: Connection Timed Out

[2026-06-17 05:15:36] PERMANENTLY FAILED: forums.calcuator.com
  - Attempts: 1/2
  - Final Error: Connection Timed Out

[2026-06-17 05:15:38] Processing stg.wolf-forum.ch
  - Error on attempt 1: Connection Timed Out

[2026-06-17 05:15:38] PERMANENTLY FAILED: stg.wolf-forum.ch
  - Attempts: 1/2
  - Final Error: Connection Timed Out

[2026-06-17 05:15:38] Processing fr.cenacondelitto.it
  - Error on attempt 1: Connection Timed Out

[2026-06-17 05:15:38] PERMANENTLY FAILED: fr.cenacondelitto.it
  - Attempts: 1/2
  - Final Error: Connection Timed Out

[2026-06-17 05:15:38] Processing rdp.reclames.be
  - Error on attempt 1: Connection Timed Out

[2026-06-17 05:15:38] PERMANENTLY FAILED: rdp.reclames.be
  - Attempts: 1/2
  - Final Error: Connection Timed Out

[2026-06-17 05:15:38] Processing opvqiremoto.victorypacking.com
  - Error on attempt 1: Connection Timed Out

[2026-06-17 05:15:38] PERMANENTLY FAILED: opvqiremoto.victorypacking.com
  - Attempts: 1/2
  - Final Error: Connection Timed Out

[2026-06-17 05:15:38] Processing iki.jaenen.com
  - Error on attempt 1: Connection Timed Out

[2026-06-17 05:15:38] PERMANENTLY FAILED: iki.jaenen.com
  - Attempts: 1/2
  - Final Error: Connection Timed Out

[2026-06-17 05:15:39] Processing kcbambach.synology.me
  - Error on attempt 1: Connection Timed Out

[2026-06-17 05:15:39] PERMANENTLY FAILED: kcbambach.synology.me
  - Attempts: 1/2
  - Final Error: Connection Timed Out

[2026-06-17 05:15:39] Processing otj.phj.com
  - Error on attempt 1: Connection Timed Out

[2026-06-17 05:15:39] PERMANENTLY FAILED: otj.phj.com
  - Attempts: 1/2
  - Final Error: Connection Timed Out

[2026-06-17 05:15:39] Processing old.orgwp.com
  - Error on attempt 1: Connection Timed Out

[2026-06-17 05:15:39] PERMANENTLY FAILED: old.orgwp.com
  - Attempts: 1/2
  - Final Error: Connection Timed Out

[2026-06-17 05:15:40] Processing kbjjbtv.qwgmzt.com
  - Error on attempt 1: Connection Timed Out

[2026-06-17 05:15:40] PERMANENTLY FAILED: kbjjbtv.qwgmzt.com
  - Attempts: 1/2
  - Final Error: Connection Timed Out

[2026-06-17 05:15:40] Processing new.orgwp.com
  - Error on attempt 1: Connection Timed Out

[2026-06-17 05:15:40] PERMANENTLY FAILED: new.orgwp.com
  - Attempts: 1/2
  - Final Error: Connection Timed Out

[2026-06-17 05:15:41] Processing homeleins2020.direct.quickconnect.to
  - Error on attempt 1: Connection Timed Out

[2026-06-17 05:15:41] PERMANENTLY FAILED: homeleins2020.direct.quickconnect.to
  - Attempts: 1/2
  - Final Error: Connection Timed Out

[2026-06-17 05:15:41] Processing login.aarpcreditcards.com
  - Error on attempt 1: Connection Timed Out

[2026-06-17 05:15:41] PERMANENTLY FAILED: login.aarpcreditcards.com
  - Attempts: 1/2
  - Final Error: Connection Timed Out

[2026-06-17 05:15:41] Processing old.psychicconnection.com
  - Error on attempt 1: Connection Timed Out

[2026-06-17 05:15:41] PERMANENTLY FAILED: old.psychicconnection.com
  - Attempts: 1/2
  - Final Error: Connection Timed Out

[2026-06-17 05:15:43] Processing mailgate.playalaw.com
  - Error on attempt 1: Connection Timed Out

[2026-06-17 05:15:43] PERMANENTLY FAILED: mailgate.playalaw.com
  - Attempts: 1/2
  - Final Error: Connection Timed Out

[2026-06-17 05:15:50] Processing zarbiana.ma
  - Error on attempt 1: Connection Timed Out

[2026-06-17 05:15:50] PERMANENTLY FAILED: zarbiana.ma
  - Attempts: 1/2
  - Final Error: Connection Timed Out

[2026-06-17 05:16:06] Processing new.playalaw.com
  - Error on attempt 1: Connection Timed Out

[2026-06-17 05:16:06] PERMANENTLY FAILED: new.playalaw.com
  - Attempts: 1/2
  - Final Error: Connection Timed Out

