[2026-06-17 06:06:26] Processing jtghosh.fun
  - Error on attempt 1: [Errno 8] nodename nor servname provided, or not known

[2026-06-17 06:06:26] PERMANENTLY FAILED: jtghosh.fun
  - Attempts: 1/2
  - Final Error: [Errno 8] nodename nor servname provided, or not known

[2026-06-17 06:06:26] Processing 123psc.com
  - Error on attempt 1: [Errno 8] nodename nor servname provided, or not known

[2026-06-17 06:06:26] PERMANENTLY FAILED: 123psc.com
  - Attempts: 1/2
  - Final Error: [Errno 8] nodename nor servname provided, or not known

[2026-06-17 06:06:26] Processing createdop.com
  - Error on attempt 1: [Errno 8] nodename nor servname provided, or not known

[2026-06-17 06:06:26] PERMANENTLY FAILED: createdop.com
  - Attempts: 1/2
  - Final Error: [Errno 8] nodename nor servname provided, or not known

[2026-06-17 06:06:26] Processing wertreasdx.workers.dev
  - Error on attempt 1: [Errno 8] nodename nor servname provided, or not known

[2026-06-17 06:06:26] PERMANENTLY FAILED: wertreasdx.workers.dev
  - Attempts: 1/2
  - Final Error: [Errno 8] nodename nor servname provided, or not known

[2026-06-17 06:06:26] Processing cl-ev-erbe-njam-in.workers.dev
  - Error on attempt 1: [Errno 8] nodename nor servname provided, or not known

[2026-06-17 06:06:26] PERMANENTLY FAILED: cl-ev-erbe-njam-in.workers.dev
  - Attempts: 1/2
  - Final Error: [Errno 8] nodename nor servname provided, or not known

[2026-06-17 06:06:27] Processing sazvezda.rs.talismani.rs
  - Error on attempt 1: [Errno 8] nodename nor servname provided, or not known

[2026-06-17 06:06:27] PERMANENTLY FAILED: sazvezda.rs.talismani.rs
  - Attempts: 1/2
  - Final Error: [Errno 8] nodename nor servname provided, or not known

[2026-06-17 06:06:27] Processing b3acbdd7c14a4360a6e2810b804e928e.id.ui.direct
  - Error on attempt 1: [Errno 8] nodename nor servname provided, or not known

[2026-06-17 06:06:27] PERMANENTLY FAILED: b3acbdd7c14a4360a6e2810b804e928e.id.ui.direct
  - Attempts: 1/2
  - Final Error: [Errno 8] nodename nor servname provided, or not known

[2026-06-17 06:06:27] Processing jengile.com
  - Error on attempt 1: [Errno 8] nodename nor servname provided, or not known

[2026-06-17 06:06:27] PERMANENTLY FAILED: jengile.com
  - Attempts: 1/2
  - Final Error: [Errno 8] nodename nor servname provided, or not known

[2026-06-17 06:06:27] Processing cascadevoidworks.com
  - Error on attempt 1: [Errno 8] nodename nor servname provided, or not known

[2026-06-17 06:06:27] PERMANENTLY FAILED: cascadevoidworks.com
  - Attempts: 1/2
  - Final Error: [Errno 8] nodename nor servname provided, or not known

[2026-06-17 06:06:27] Processing aglpbfwy.almased.uk
  - Error on attempt 1: [Errno 8] nodename nor servname provided, or not known

[2026-06-17 06:06:27] PERMANENTLY FAILED: aglpbfwy.almased.uk
  - Attempts: 1/2
  - Final Error: [Errno 8] nodename nor servname provided, or not known

[2026-06-17 06:06:27] Processing api.shimahifuka.almased.uk
  - Error on attempt 1: [Errno 8] nodename nor servname provided, or not known

[2026-06-17 06:06:27] PERMANENTLY FAILED: api.shimahifuka.almased.uk
  - Attempts: 1/2
  - Final Error: [Errno 8] nodename nor servname provided, or not known

[2026-06-17 06:06:27] Processing greardoleyva123.workers.dev
  - Error on attempt 1: [Errno 8] nodename nor servname provided, or not known

[2026-06-17 06:06:27] PERMANENTLY FAILED: greardoleyva123.workers.dev
  - Attempts: 1/2
  - Final Error: [Errno 8] nodename nor servname provided, or not known

[2026-06-17 06:06:27] Processing hoianmemorieswonders.info
  - Error on attempt 1: [Errno 8] nodename nor servname provided, or not known

[2026-06-17 06:06:27] PERMANENTLY FAILED: hoianmemorieswonders.info
  - Attempts: 1/2
  - Final Error: [Errno 8] nodename nor servname provided, or not known

[2026-06-17 06:06:27] Processing test.app.holiing.com
  - Error on attempt 1: [Errno 8] nodename nor servname provided, or not known

[2026-06-17 06:06:27] PERMANENTLY FAILED: test.app.holiing.com
  - Attempts: 1/2
  - Final Error: [Errno 8] nodename nor servname provided, or not known

[2026-06-17 06:06:27] Processing fvcbank.sucks
  - Error on attempt 1: [Errno 61] Connection refused

[2026-06-17 06:06:27] PERMANENTLY FAILED: fvcbank.sucks
  - Attempts: 1/2
  - Final Error: [Errno 61] Connection refused

[2026-06-17 06:06:27] Processing qikeojfzpz.workers.dev
  - Error on attempt 1: [Errno 8] nodename nor servname provided, or not known

[2026-06-17 06:06:27] PERMANENTLY FAILED: qikeojfzpz.workers.dev
  - Attempts: 1/2
  - Final Error: [Errno 8] nodename nor servname provided, or not known

[2026-06-17 06:06:27] Processing admin.app.wwwsfmpiwww.www.smtp2.h2775398.stratoserver.net
  - Error on attempt 1: [SSL: TLSV1_UNRECOGNIZED_NAME] tlsv1 unrecognized name (_ssl.c:1006)

[2026-06-17 06:06:27] PERMANENTLY FAILED: admin.app.wwwsfmpiwww.www.smtp2.h2775398.stratoserver.net
  - Attempts: 1/2
  - Final Error: [SSL: TLSV1_UNRECOGNIZED_NAME] tlsv1 unrecognized name (_ssl.c:1006)

[2026-06-17 06:06:27] Processing staging.austintexas.shop
  - Error on attempt 1: [Errno 8] nodename nor servname provided, or not known

[2026-06-17 06:06:27] PERMANENTLY FAILED: staging.austintexas.shop
  - Attempts: 1/2
  - Final Error: [Errno 8] nodename nor servname provided, or not known

[2026-06-17 06:06:27] Processing development.chameleonlegal.co.uk
  - Error on attempt 1: [Errno 8] nodename nor servname provided, or not known

[2026-06-17 06:06:27] PERMANENTLY FAILED: development.chameleonlegal.co.uk
  - Attempts: 1/2
  - Final Error: [Errno 8] nodename nor servname provided, or not known

[2026-06-17 06:06:27] Processing ahu.bradspeed.fr
  - Error on attempt 1: [Errno 8] nodename nor servname provided, or not known

[2026-06-17 06:06:27] PERMANENTLY FAILED: ahu.bradspeed.fr
  - Attempts: 1/2
  - Final Error: [Errno 8] nodename nor servname provided, or not known

[2026-06-17 06:06:27] Processing toddtinker.com
  - Error on attempt 1: [Errno 61] Connection refused

[2026-06-17 06:06:27] PERMANENTLY FAILED: toddtinker.com
  - Attempts: 1/2
  - Final Error: [Errno 61] Connection refused

[2026-06-17 06:06:28] Processing dev.wasmrcusmqpvr.innovationcast.net
  - Error on attempt 1: [Errno 8] nodename nor servname provided, or not known

[2026-06-17 06:06:28] PERMANENTLY FAILED: dev.wasmrcusmqpvr.innovationcast.net
  - Attempts: 1/2
  - Final Error: [Errno 8] nodename nor servname provided, or not known

[2026-06-17 06:06:28] Processing dev.uat.sitemap.missingforms.com
  - Error on attempt 1: [SSL: TLSV1_ALERT_INTERNAL_ERROR] tlsv1 alert internal error (_ssl.c:1006)

[2026-06-17 06:06:28] PERMANENTLY FAILED: dev.uat.sitemap.missingforms.com
  - Attempts: 1/2
  - Final Error: [SSL: TLSV1_ALERT_INTERNAL_ERROR] tlsv1 alert internal error (_ssl.c:1006)

[2026-06-17 06:06:28] Processing admin.kulisbet.inity.mail01.shishartech.com
  - Error on attempt 1: [Errno 8] nodename nor servname provided, or not known

[2026-06-17 06:06:28] PERMANENTLY FAILED: admin.kulisbet.inity.mail01.shishartech.com
  - Attempts: 1/2
  - Final Error: [Errno 8] nodename nor servname provided, or not known

[2026-06-17 06:06:28] Processing pntopt.direct.quickconnect.to
  - Error on attempt 1: [Errno 8] nodename nor servname provided, or not known

[2026-06-17 06:06:28] PERMANENTLY FAILED: pntopt.direct.quickconnect.to
  - Attempts: 1/2
  - Final Error: [Errno 8] nodename nor servname provided, or not known

[2026-06-17 06:06:28] Processing 9746999707f53cd6f6028e33.keenetic.io
  - Error on attempt 1: [Errno 8] nodename nor servname provided, or not known

[2026-06-17 06:06:28] PERMANENTLY FAILED: 9746999707f53cd6f6028e33.keenetic.io
  - Attempts: 1/2
  - Final Error: [Errno 8] nodename nor servname provided, or not known

[2026-06-17 06:06:28] Processing prylos.fun
  - Error on attempt 1: [Errno 8] nodename nor servname provided, or not known

[2026-06-17 06:06:28] PERMANENTLY FAILED: prylos.fun
  - Attempts: 1/2
  - Final Error: [Errno 8] nodename nor servname provided, or not known

[2026-06-17 06:06:28] Processing api.dev.yhes.almased.uk
  - Error on attempt 1: [Errno 8] nodename nor servname provided, or not known

[2026-06-17 06:06:28] PERMANENTLY FAILED: api.dev.yhes.almased.uk
  - Attempts: 1/2
  - Final Error: [Errno 8] nodename nor servname provided, or not known

[2026-06-17 06:06:29] Processing ich.wargamings.site
  - Error on attempt 1: [Errno 8] nodename nor servname provided, or not known

[2026-06-17 06:06:29] PERMANENTLY FAILED: ich.wargamings.site
  - Attempts: 1/2
  - Final Error: [Errno 8] nodename nor servname provided, or not known

[2026-06-17 06:06:29] Processing dev.austintexas.store
  - Error on attempt 1: [Errno 8] nodename nor servname provided, or not known

[2026-06-17 06:06:29] PERMANENTLY FAILED: dev.austintexas.store
  - Attempts: 1/2
  - Final Error: [Errno 8] nodename nor servname provided, or not known

[2026-06-17 06:06:29] Processing staging.app.www.wwwwwwwww.a.m1.h2775398.stratoserver.net
  - Error on attempt 1: [SSL: TLSV1_UNRECOGNIZED_NAME] tlsv1 unrecognized name (_ssl.c:1006)

[2026-06-17 06:06:29] PERMANENTLY FAILED: staging.app.www.wwwwwwwww.a.m1.h2775398.stratoserver.net
  - Attempts: 1/2
  - Final Error: [SSL: TLSV1_UNRECOGNIZED_NAME] tlsv1 unrecognized name (_ssl.c:1006)

[2026-06-17 06:06:29] Processing dev.app.hitechfa.org
  - Error on attempt 1: [Errno 8] nodename nor servname provided, or not known

[2026-06-17 06:06:29] PERMANENTLY FAILED: dev.app.hitechfa.org
  - Attempts: 1/2
  - Final Error: [Errno 8] nodename nor servname provided, or not known

[2026-06-17 06:06:29] Processing 72soldprogram.com
  - Error on attempt 1: [SSL: TLSV1_ALERT_INTERNAL_ERROR] tlsv1 alert internal error (_ssl.c:1006)

[2026-06-17 06:06:29] PERMANENTLY FAILED: 72soldprogram.com
  - Attempts: 1/2
  - Final Error: [SSL: TLSV1_ALERT_INTERNAL_ERROR] tlsv1 alert internal error (_ssl.c:1006)

[2026-06-17 06:06:30] Processing businessenablement.sbs
  - Error on attempt 1: [Errno 8] nodename nor servname provided, or not known

[2026-06-17 06:06:30] PERMANENTLY FAILED: businessenablement.sbs
  - Attempts: 1/2
  - Final Error: [Errno 8] nodename nor servname provided, or not known

[2026-06-17 06:06:30] Processing admin.dev.n12007d15279.almased.uk
  - Error on attempt 1: [Errno 8] nodename nor servname provided, or not known

[2026-06-17 06:06:30] PERMANENTLY FAILED: admin.dev.n12007d15279.almased.uk
  - Attempts: 1/2
  - Final Error: [Errno 8] nodename nor servname provided, or not known

[2026-06-17 06:06:30] Processing rusd.eu.org
  - Error on attempt 1: [Errno 8] nodename nor servname provided, or not known

[2026-06-17 06:06:30] PERMANENTLY FAILED: rusd.eu.org
  - Attempts: 1/2
  - Final Error: [Errno 8] nodename nor servname provided, or not known

[2026-06-17 06:06:30] Processing dev.app.hrecte.shop
  - Error on attempt 1: [Errno 8] nodename nor servname provided, or not known

[2026-06-17 06:06:30] PERMANENTLY FAILED: dev.app.hrecte.shop
  - Attempts: 1/2
  - Final Error: [Errno 8] nodename nor servname provided, or not known

[2026-06-17 06:06:30] Processing rxmoji.com
  - Error on attempt 1: [Errno 8] nodename nor servname provided, or not known

[2026-06-17 06:06:30] PERMANENTLY FAILED: rxmoji.com
  - Attempts: 1/2
  - Final Error: [Errno 8] nodename nor servname provided, or not known

[2026-06-17 06:06:30] Processing admin.app.holiing.com
  - Error on attempt 1: [Errno 8] nodename nor servname provided, or not known

[2026-06-17 06:06:30] PERMANENTLY FAILED: admin.app.holiing.com
  - Attempts: 1/2
  - Final Error: [Errno 8] nodename nor servname provided, or not known

[2026-06-17 06:06:30] Processing owa.ciclismototale.it
  - Error on attempt 1: [Errno 8] nodename nor servname provided, or not known

[2026-06-17 06:06:30] PERMANENTLY FAILED: owa.ciclismototale.it
  - Attempts: 1/2
  - Final Error: [Errno 8] nodename nor servname provided, or not known

[2026-06-17 06:06:30] Processing admin.dev.xoucmwwwairflow.dev.almased.uk
  - Error on attempt 1: [Errno 8] nodename nor servname provided, or not known

[2026-06-17 06:06:30] PERMANENTLY FAILED: admin.dev.xoucmwwwairflow.dev.almased.uk
  - Attempts: 1/2
  - Final Error: [Errno 8] nodename nor servname provided, or not known

[2026-06-17 06:06:30] Processing ww25.startz21.xyz
  - Error on attempt 1: [Errno 8] nodename nor servname provided, or not known

[2026-06-17 06:06:30] PERMANENTLY FAILED: ww25.startz21.xyz
  - Attempts: 1/2
  - Final Error: [Errno 8] nodename nor servname provided, or not known

[2026-06-17 06:06:30] Processing demo.addonis.com
  - Error on attempt 1: [SSL: TLSV1_UNRECOGNIZED_NAME] tlsv1 unrecognized name (_ssl.c:1006)

[2026-06-17 06:06:30] PERMANENTLY FAILED: demo.addonis.com
  - Attempts: 1/2
  - Final Error: [SSL: TLSV1_UNRECOGNIZED_NAME] tlsv1 unrecognized name (_ssl.c:1006)

[2026-06-17 06:06:31] Processing ww25.nullmx.hickland.com
  - Error on attempt 1: [Errno 8] nodename nor servname provided, or not known

[2026-06-17 06:06:31] PERMANENTLY FAILED: ww25.nullmx.hickland.com
  - Attempts: 1/2
  - Final Error: [Errno 8] nodename nor servname provided, or not known

[2026-06-17 06:06:31] Processing staging.wwwen.klryucfp.lightspeedsystems.help
  - Error on attempt 1: [Errno 8] nodename nor servname provided, or not known

[2026-06-17 06:06:31] PERMANENTLY FAILED: staging.wwwen.klryucfp.lightspeedsystems.help
  - Attempts: 1/2
  - Final Error: [Errno 8] nodename nor servname provided, or not known

[2026-06-17 06:06:31] Processing admin.www.en.321kuhaj.almased.uk
  - Error on attempt 1: [Errno 8] nodename nor servname provided, or not known

[2026-06-17 06:06:31] PERMANENTLY FAILED: admin.www.en.321kuhaj.almased.uk
  - Attempts: 1/2
  - Final Error: [Errno 8] nodename nor servname provided, or not known

[2026-06-17 06:06:31] Processing 91xse3.xyz
  - Error on attempt 1: [Errno 8] nodename nor servname provided, or not known

[2026-06-17 06:06:31] PERMANENTLY FAILED: 91xse3.xyz
  - Attempts: 1/2
  - Final Error: [Errno 8] nodename nor servname provided, or not known

[2026-06-17 06:06:31] Processing app.businessaudits.com
  - Error on attempt 1: [SSL: TLSV1_UNRECOGNIZED_NAME] tlsv1 unrecognized name (_ssl.c:1006)

[2026-06-17 06:06:31] PERMANENTLY FAILED: app.businessaudits.com
  - Attempts: 1/2
  - Final Error: [SSL: TLSV1_UNRECOGNIZED_NAME] tlsv1 unrecognized name (_ssl.c:1006)

[2026-06-17 06:06:31] Processing ou5ui.lilloufashion.pl
  - Error on attempt 1: [Errno 8] nodename nor servname provided, or not known

[2026-06-17 06:06:31] PERMANENTLY FAILED: ou5ui.lilloufashion.pl
  - Attempts: 1/2
  - Final Error: [Errno 8] nodename nor servname provided, or not known

[2026-06-17 06:06:31] Processing acdtsrd.barareafastrak.org
  - Error on attempt 1: [Errno 54] Connection reset by peer

[2026-06-17 06:06:31] PERMANENTLY FAILED: acdtsrd.barareafastrak.org
  - Attempts: 1/2
  - Final Error: [Errno 54] Connection reset by peer

[2026-06-17 06:06:31] Processing test.smtp.growwithsilk.com
  - Error on attempt 1: [Errno 8] nodename nor servname provided, or not known

[2026-06-17 06:06:31] PERMANENTLY FAILED: test.smtp.growwithsilk.com
  - Attempts: 1/2
  - Final Error: [Errno 8] nodename nor servname provided, or not known

[2026-06-17 06:06:31] Processing test.austintexas.top
  - Error on attempt 1: [Errno 8] nodename nor servname provided, or not known

[2026-06-17 06:06:31] PERMANENTLY FAILED: test.austintexas.top
  - Attempts: 1/2
  - Final Error: [Errno 8] nodename nor servname provided, or not known

[2026-06-17 06:06:31] Processing woodcrestvilla.net
  - Error on attempt 1: [Errno 61] Connection refused

[2026-06-17 06:06:31] PERMANENTLY FAILED: woodcrestvilla.net
  - Attempts: 1/2
  - Final Error: [Errno 61] Connection refused

[2026-06-17 06:06:31] Processing myfuturejobs.in
  - Error on attempt 1: [Errno 8] nodename nor servname provided, or not known

[2026-06-17 06:06:31] PERMANENTLY FAILED: myfuturejobs.in
  - Attempts: 1/2
  - Final Error: [Errno 8] nodename nor servname provided, or not known

[2026-06-17 06:06:32] Processing dev.app.hntcore.com
  - Error on attempt 1: [Errno 8] nodename nor servname provided, or not known

[2026-06-17 06:06:32] PERMANENTLY FAILED: dev.app.hntcore.com
  - Attempts: 1/2
  - Final Error: [Errno 8] nodename nor servname provided, or not known

[2026-06-17 06:06:32] Processing chicgeek.club
  - Error on attempt 1: [Errno 8] nodename nor servname provided, or not known

[2026-06-17 06:06:32] PERMANENTLY FAILED: chicgeek.club
  - Attempts: 1/2
  - Final Error: [Errno 8] nodename nor servname provided, or not known

[2026-06-17 06:06:32] Processing swedeprosafety.com
  - Error on attempt 1: [Errno 61] Connection refused

[2026-06-17 06:06:32] PERMANENTLY FAILED: swedeprosafety.com
  - Attempts: 1/2
  - Final Error: [Errno 61] Connection refused

[2026-06-17 06:06:32] Processing smiledakota.com
  - Error on attempt 1: [Errno 8] nodename nor servname provided, or not known

[2026-06-17 06:06:32] PERMANENTLY FAILED: smiledakota.com
  - Attempts: 1/2
  - Final Error: [Errno 8] nodename nor servname provided, or not known

[2026-06-17 06:06:32] Processing help.younglives.org
  - Error on attempt 1: [SSL: TLSV1_ALERT_INTERNAL_ERROR] tlsv1 alert internal error (_ssl.c:1006)

[2026-06-17 06:06:32] PERMANENTLY FAILED: help.younglives.org
  - Attempts: 1/2
  - Final Error: [SSL: TLSV1_ALERT_INTERNAL_ERROR] tlsv1 alert internal error (_ssl.c:1006)

[2026-06-17 06:06:32] Processing steinundgarten.direct.quickconnect.to
  - Error on attempt 1: [Errno 61] Connection refused

[2026-06-17 06:06:32] PERMANENTLY FAILED: steinundgarten.direct.quickconnect.to
  - Attempts: 1/2
  - Final Error: [Errno 61] Connection refused

[2026-06-17 06:06:33] Processing staging.ddos.xoilacmm.com
  - Error on attempt 1: [Errno 8] nodename nor servname provided, or not known

[2026-06-17 06:06:33] Processing ahliqq18.net
  - Error on attempt 1: [Errno 8] nodename nor servname provided, or not known

[2026-06-17 06:06:33] PERMANENTLY FAILED: staging.ddos.xoilacmm.com
  - Attempts: 1/2
  - Final Error: [Errno 8] nodename nor servname provided, or not known

[2026-06-17 06:06:33] PERMANENTLY FAILED: ahliqq18.net
  - Attempts: 1/2
  - Final Error: [Errno 8] nodename nor servname provided, or not known

[2026-06-17 06:06:33] Processing demo.beenveriffied.com
  - Error on attempt 1: [Errno 8] nodename nor servname provided, or not known

[2026-06-17 06:06:33] PERMANENTLY FAILED: demo.beenveriffied.com
  - Attempts: 1/2
  - Final Error: [Errno 8] nodename nor servname provided, or not known

[2026-06-17 06:06:33] Processing 00mohamed-benazzouz00.workers.dev
  - Error on attempt 1: [Errno 8] nodename nor servname provided, or not known

[2026-06-17 06:06:33] PERMANENTLY FAILED: 00mohamed-benazzouz00.workers.dev
  - Attempts: 1/2
  - Final Error: [Errno 8] nodename nor servname provided, or not known

[2026-06-17 06:06:33] Processing quail.itmakessense.com
  - Error on attempt 1: [Errno 8] nodename nor servname provided, or not known

[2026-06-17 06:06:33] PERMANENTLY FAILED: quail.itmakessense.com
  - Attempts: 1/2
  - Final Error: [Errno 8] nodename nor servname provided, or not known

[2026-06-17 06:06:33] Processing vinyl-flooringbirmingham.info
  - Error on attempt 1: [Errno 54] Connection reset by peer

[2026-06-17 06:06:33] PERMANENTLY FAILED: vinyl-flooringbirmingham.info
  - Attempts: 1/2
  - Final Error: [Errno 54] Connection reset by peer

[2026-06-17 06:06:34] Processing 250b8dfd.sni.cloudflaressl.com
  - Error on attempt 1: [SSL: SSLV3_ALERT_HANDSHAKE_FAILURE] ssl/tls alert handshake failure (_ssl.c:1006)

[2026-06-17 06:06:34] PERMANENTLY FAILED: 250b8dfd.sni.cloudflaressl.com
  - Attempts: 1/2
  - Final Error: [SSL: SSLV3_ALERT_HANDSHAKE_FAILURE] ssl/tls alert handshake failure (_ssl.c:1006)

[2026-06-17 06:06:34] Processing lmcontext.com
  - Error on attempt 1: [SSL: SSLV3_ALERT_HANDSHAKE_FAILURE] ssl/tls alert handshake failure (_ssl.c:1006)

[2026-06-17 06:06:34] PERMANENTLY FAILED: lmcontext.com
  - Attempts: 1/2
  - Final Error: [SSL: SSLV3_ALERT_HANDSHAKE_FAILURE] ssl/tls alert handshake failure (_ssl.c:1006)

[2026-06-17 06:06:34] Processing eb71e24d464cd5607d8eb964.keenetic.io
  - Error on attempt 1: [Errno 8] nodename nor servname provided, or not known

[2026-06-17 06:06:34] PERMANENTLY FAILED: eb71e24d464cd5607d8eb964.keenetic.io
  - Attempts: 1/2
  - Final Error: [Errno 8] nodename nor servname provided, or not known

[2026-06-17 06:06:34] Processing bkftrjv.mesh.mongodb.net
  - Error on attempt 1: [Errno 8] nodename nor servname provided, or not known

[2026-06-17 06:06:34] PERMANENTLY FAILED: bkftrjv.mesh.mongodb.net
  - Attempts: 1/2
  - Final Error: [Errno 8] nodename nor servname provided, or not known

[2026-06-17 06:06:35] Processing 1d5205b20a5eb4f110442347.m2t6p.mongodb.net
  - Error on attempt 1: [Errno 8] nodename nor servname provided, or not known

[2026-06-17 06:06:35] PERMANENTLY FAILED: 1d5205b20a5eb4f110442347.m2t6p.mongodb.net
  - Attempts: 1/2
  - Final Error: [Errno 8] nodename nor servname provided, or not known

[2026-06-17 06:06:35] Processing lica-server.synology.me
  - Error on attempt 1: [Errno 61] Connection refused

[2026-06-17 06:06:35] PERMANENTLY FAILED: lica-server.synology.me
  - Attempts: 1/2
  - Final Error: [Errno 61] Connection refused

[2026-06-17 06:06:35] Processing musclemode.store
  - Error on attempt 1: [Errno 8] nodename nor servname provided, or not known

[2026-06-17 06:06:35] PERMANENTLY FAILED: musclemode.store
  - Attempts: 1/2
  - Final Error: [Errno 8] nodename nor servname provided, or not known

[2026-06-17 06:06:36] Processing target-domain-1767886909514.ap1.prod.hubspot-at-test.com
  - Error on attempt 1: [SSL: SSLV3_ALERT_HANDSHAKE_FAILURE] ssl/tls alert handshake failure (_ssl.c:1006)

[2026-06-17 06:06:36] PERMANENTLY FAILED: target-domain-1767886909514.ap1.prod.hubspot-at-test.com
  - Attempts: 1/2
  - Final Error: [SSL: SSLV3_ALERT_HANDSHAKE_FAILURE] ssl/tls alert handshake failure (_ssl.c:1006)

[2026-06-17 06:06:36] Processing hf4yk.lilloufashion.pl
  - Error on attempt 1: [Errno 8] nodename nor servname provided, or not known

[2026-06-17 06:06:36] PERMANENTLY FAILED: hf4yk.lilloufashion.pl
  - Attempts: 1/2
  - Final Error: [Errno 8] nodename nor servname provided, or not known

[2026-06-17 06:06:36] Processing templumhn.com
  - Error on attempt 1: [Errno 8] nodename nor servname provided, or not known

[2026-06-17 06:06:36] PERMANENTLY FAILED: templumhn.com
  - Attempts: 1/2
  - Final Error: [Errno 8] nodename nor servname provided, or not known

[2026-06-17 06:06:36] Processing office.lancerdevops.me
  - Error on attempt 1: Connection Timed Out

[2026-06-17 06:06:36] PERMANENTLY FAILED: office.lancerdevops.me
  - Attempts: 1/2
  - Final Error: Connection Timed Out

[2026-06-17 06:06:37] Processing a4e309032dd21a50.com
  - Error on attempt 1: [Errno 8] nodename nor servname provided, or not known

[2026-06-17 06:06:37] PERMANENTLY FAILED: a4e309032dd21a50.com
  - Attempts: 1/2
  - Final Error: [Errno 8] nodename nor servname provided, or not known

[2026-06-17 06:06:37] Processing nehzprzdpjanyconnect.petitbo.se
  - Error on attempt 1: [Errno 8] nodename nor servname provided, or not known

[2026-06-17 06:06:37] PERMANENTLY FAILED: nehzprzdpjanyconnect.petitbo.se
  - Attempts: 1/2
  - Final Error: [Errno 8] nodename nor servname provided, or not known

[2026-06-17 06:06:37] Processing store.winpax.de
  - Error on attempt 1: [Errno 8] nodename nor servname provided, or not known

[2026-06-17 06:06:37] PERMANENTLY FAILED: store.winpax.de
  - Attempts: 1/2
  - Final Error: [Errno 8] nodename nor servname provided, or not known

[2026-06-17 06:06:37] Processing ku362.direct.quickconnect.to
  - Error on attempt 1: Connection Timed Out

[2026-06-17 06:06:37] PERMANENTLY FAILED: ku362.direct.quickconnect.to
  - Attempts: 1/2
  - Final Error: Connection Timed Out

[2026-06-17 06:06:37] Processing shared.api.107.lol
  - Error on attempt 1: [Errno 8] nodename nor servname provided, or not known

[2026-06-17 06:06:37] PERMANENTLY FAILED: shared.api.107.lol
  - Attempts: 1/2
  - Final Error: [Errno 8] nodename nor servname provided, or not known

[2026-06-17 06:06:37] Processing dk5bu.lilloufashion.pl
  - Error on attempt 1: [Errno 8] nodename nor servname provided, or not known

[2026-06-17 06:06:37] PERMANENTLY FAILED: dk5bu.lilloufashion.pl
  - Attempts: 1/2
  - Final Error: [Errno 8] nodename nor servname provided, or not known

[2026-06-17 06:06:37] Processing sunlighttime.direct.quickconnect.to
  - Error on attempt 1: [Errno 8] nodename nor servname provided, or not known

[2026-06-17 06:06:37] PERMANENTLY FAILED: sunlighttime.direct.quickconnect.to
  - Attempts: 1/2
  - Final Error: [Errno 8] nodename nor servname provided, or not known

[2026-06-17 06:06:37] Processing homeoffice.guin.net
  - Error on attempt 1: [SSL: TLSV1_UNRECOGNIZED_NAME] tlsv1 unrecognized name (_ssl.c:1006)

[2026-06-17 06:06:37] PERMANENTLY FAILED: homeoffice.guin.net
  - Attempts: 1/2
  - Final Error: [SSL: TLSV1_UNRECOGNIZED_NAME] tlsv1 unrecognized name (_ssl.c:1006)

[2026-06-17 06:06:38] Processing api.all.ybmzhotel.com
  - Error on attempt 1: Connection Timed Out

[2026-06-17 06:06:38] PERMANENTLY FAILED: api.all.ybmzhotel.com
  - Attempts: 1/2
  - Final Error: Connection Timed Out

[2026-06-17 06:06:38] Processing api.app.hentaiz.news
  - Error on attempt 1: [Errno 8] nodename nor servname provided, or not known

[2026-06-17 06:06:38] PERMANENTLY FAILED: api.app.hentaiz.news
  - Attempts: 1/2
  - Final Error: [Errno 8] nodename nor servname provided, or not known

[2026-06-17 06:06:38] Processing mailsrv.gmenu.com
  - Error on attempt 1: [Errno 8] nodename nor servname provided, or not known

[2026-06-17 06:06:38] PERMANENTLY FAILED: mailsrv.gmenu.com
  - Attempts: 1/2
  - Final Error: [Errno 8] nodename nor servname provided, or not known

[2026-06-17 06:06:38] Processing reyr.me
  - Error on attempt 1: [Errno 54] Connection reset by peer

[2026-06-17 06:06:38] PERMANENTLY FAILED: reyr.me
  - Attempts: 1/2
  - Final Error: [Errno 54] Connection reset by peer

[2026-06-17 06:06:38] Processing staging.app.gmrrcomputer.net
  - Error on attempt 1: Connection Timed Out

[2026-06-17 06:06:38] PERMANENTLY FAILED: staging.app.gmrrcomputer.net
  - Attempts: 1/2
  - Final Error: Connection Timed Out

[2026-06-17 06:06:39] Processing profit.crazedns.ru
  - Error on attempt 1: Connection Timed Out

[2026-06-17 06:06:39] PERMANENTLY FAILED: profit.crazedns.ru
  - Attempts: 1/2
  - Final Error: Connection Timed Out

[2026-06-17 06:06:39] Processing uclgbnew.fortworthapartments.com
  - Error on attempt 1: Connection Timed Out

[2026-06-17 06:06:39] PERMANENTLY FAILED: uclgbnew.fortworthapartments.com
  - Attempts: 1/2
  - Final Error: Connection Timed Out

[2026-06-17 06:06:39] Processing carelabel.org
  - Error on attempt 1: [Errno 8] nodename nor servname provided, or not known

[2026-06-17 06:06:39] PERMANENTLY FAILED: carelabel.org
  - Attempts: 1/2
  - Final Error: [Errno 8] nodename nor servname provided, or not known

[2026-06-17 06:06:39] Processing members.fortworthapartments.com
  - Error on attempt 1: Connection Timed Out

[2026-06-17 06:06:39] PERMANENTLY FAILED: members.fortworthapartments.com
  - Attempts: 1/2
  - Final Error: Connection Timed Out

[2026-06-17 06:06:39] Processing labkids.fun
  - Error on attempt 1: [Errno 8] nodename nor servname provided, or not known

[2026-06-17 06:06:39] PERMANENTLY FAILED: labkids.fun
  - Attempts: 1/2
  - Final Error: [Errno 8] nodename nor servname provided, or not known

[2026-06-17 06:06:39] Processing cloud.agreen.com
  - Error on attempt 1: [SSL: TLSV1_UNRECOGNIZED_NAME] tlsv1 unrecognized name (_ssl.c:1006)

[2026-06-17 06:06:39] PERMANENTLY FAILED: cloud.agreen.com
  - Attempts: 1/2
  - Final Error: [SSL: TLSV1_UNRECOGNIZED_NAME] tlsv1 unrecognized name (_ssl.c:1006)

[2026-06-17 06:06:39] Processing test.cryptotradeix.cfd
  - Error on attempt 1: Connection Timed Out

[2026-06-17 06:06:39] PERMANENTLY FAILED: test.cryptotradeix.cfd
  - Attempts: 1/2
  - Final Error: Connection Timed Out

[2026-06-17 06:06:40] Processing ww25.wildcard.nny.au
  - Error on attempt 1: [Errno 8] nodename nor servname provided, or not known

[2026-06-17 06:06:40] PERMANENTLY FAILED: ww25.wildcard.nny.au
  - Attempts: 1/2
  - Final Error: [Errno 8] nodename nor servname provided, or not known

[2026-06-17 06:06:40] Processing api.sitemaps.addoninsurance.com
  - Error on attempt 1: [SSL: TLSV1_ALERT_INTERNAL_ERROR] tlsv1 alert internal error (_ssl.c:1006)

[2026-06-17 06:06:40] PERMANENTLY FAILED: api.sitemaps.addoninsurance.com
  - Attempts: 1/2
  - Final Error: [SSL: TLSV1_ALERT_INTERNAL_ERROR] tlsv1 alert internal error (_ssl.c:1006)

[2026-06-17 06:06:40] Processing bf63ca00-70a0-407c-843b-76d162ab03d5.mugshotswebsite.com
  - Error on attempt 1: Connection Timed Out

[2026-06-17 06:06:40] PERMANENTLY FAILED: bf63ca00-70a0-407c-843b-76d162ab03d5.mugshotswebsite.com
  - Attempts: 1/2
  - Final Error: Connection Timed Out

[2026-06-17 06:06:40] Processing dev.cqfhrlmy.uuuauaaayyayayayyayay.webredirect.org
  - Error on attempt 1: Connection Timed Out

[2026-06-17 06:06:40] PERMANENTLY FAILED: dev.cqfhrlmy.uuuauaaayyayayayyayay.webredirect.org
  - Attempts: 1/2
  - Final Error: Connection Timed Out

[2026-06-17 06:06:40] Processing mm-kaiyun.cc
  - Error on attempt 1: Connection Timed Out

[2026-06-17 06:06:40] PERMANENTLY FAILED: mm-kaiyun.cc
  - Attempts: 1/2
  - Final Error: Connection Timed Out

[2026-06-17 06:06:40] Processing zodii.co
  - Error on attempt 1: [Errno 8] nodename nor servname provided, or not known

[2026-06-17 06:06:40] PERMANENTLY FAILED: zodii.co
  - Attempts: 1/2
  - Final Error: [Errno 8] nodename nor servname provided, or not known

[2026-06-17 06:06:40] Processing deskbooking.enreach.com
  - Error on attempt 1: [Errno 8] nodename nor servname provided, or not known

[2026-06-17 06:06:40] PERMANENTLY FAILED: deskbooking.enreach.com
  - Attempts: 1/2
  - Final Error: [Errno 8] nodename nor servname provided, or not known

[2026-06-17 06:06:41] Processing spiritbox.shop
  - Error on attempt 1: [Errno 8] nodename nor servname provided, or not known

[2026-06-17 06:06:41] PERMANENTLY FAILED: spiritbox.shop
  - Attempts: 1/2
  - Final Error: [Errno 8] nodename nor servname provided, or not known

[2026-06-17 06:06:41] Processing api.dev.rit.almased.uk
  - Error on attempt 1: [Errno 8] nodename nor servname provided, or not known

[2026-06-17 06:06:41] PERMANENTLY FAILED: api.dev.rit.almased.uk
  - Attempts: 1/2
  - Final Error: [Errno 8] nodename nor servname provided, or not known

[2026-06-17 06:06:42] Processing monkeywukong.com
  - Error on attempt 1: [Errno 8] nodename nor servname provided, or not known

[2026-06-17 06:06:42] PERMANENTLY FAILED: monkeywukong.com
  - Attempts: 1/2
  - Final Error: [Errno 8] nodename nor servname provided, or not known

[2026-06-17 06:06:42] Processing dev.www.discountformula.com
  - Error on attempt 1: [SSL: TLSV1_ALERT_INTERNAL_ERROR] tlsv1 alert internal error (_ssl.c:1006)

[2026-06-17 06:06:42] PERMANENTLY FAILED: dev.www.discountformula.com
  - Attempts: 1/2
  - Final Error: [SSL: TLSV1_ALERT_INTERNAL_ERROR] tlsv1 alert internal error (_ssl.c:1006)

[2026-06-17 06:06:42] Processing test.varietystyle.com
  - Error on attempt 1: [Errno 8] nodename nor servname provided, or not known

[2026-06-17 06:06:42] PERMANENTLY FAILED: test.varietystyle.com
  - Attempts: 1/2
  - Final Error: [Errno 8] nodename nor servname provided, or not known

[2026-06-17 06:06:42] Processing 1c6e2fde7258baa5308851a0.keenetic.io
  - Error on attempt 1: [Errno 8] nodename nor servname provided, or not known

[2026-06-17 06:06:42] PERMANENTLY FAILED: 1c6e2fde7258baa5308851a0.keenetic.io
  - Attempts: 1/2
  - Final Error: [Errno 8] nodename nor servname provided, or not known

[2026-06-17 06:06:42] Processing sensiblement.com
  - Error on attempt 1: Connection Timed Out

[2026-06-17 06:06:42] PERMANENTLY FAILED: sensiblement.com
  - Attempts: 1/2
  - Final Error: Connection Timed Out

[2026-06-17 06:06:42] Processing insight.dog-fight.de
  - Error on attempt 1: [Errno 8] nodename nor servname provided, or not known

[2026-06-17 06:06:42] PERMANENTLY FAILED: insight.dog-fight.de
  - Attempts: 1/2
  - Final Error: [Errno 8] nodename nor servname provided, or not known

[2026-06-17 06:06:42] Processing a7988ef4-4ea6-4ac0-891e-b1c93363a041.relaxaaifofa.com
  - Error on attempt 1: Connection Timed Out

[2026-06-17 06:06:42] PERMANENTLY FAILED: a7988ef4-4ea6-4ac0-891e-b1c93363a041.relaxaaifofa.com
  - Attempts: 1/2
  - Final Error: Connection Timed Out

[2026-06-17 06:06:42] Processing wildcard.ind.bmwofamerica.com
  - Error on attempt 1: [Errno 8] nodename nor servname provided, or not known

[2026-06-17 06:06:42] PERMANENTLY FAILED: wildcard.ind.bmwofamerica.com
  - Attempts: 1/2
  - Final Error: [Errno 8] nodename nor servname provided, or not known

[2026-06-17 06:06:43] Processing gimbrere013.direct.quickconnect.to
  - Error on attempt 1: Connection Timed Out

[2026-06-17 06:06:43] PERMANENTLY FAILED: gimbrere013.direct.quickconnect.to
  - Attempts: 1/2
  - Final Error: Connection Timed Out

[2026-06-17 06:06:43] Processing 9d46c1c5.sni.cloudflaressl.com
  - Error on attempt 1: [SSL: SSLV3_ALERT_HANDSHAKE_FAILURE] ssl/tls alert handshake failure (_ssl.c:1006)

[2026-06-17 06:06:43] PERMANENTLY FAILED: 9d46c1c5.sni.cloudflaressl.com
  - Attempts: 1/2
  - Final Error: [SSL: SSLV3_ALERT_HANDSHAKE_FAILURE] ssl/tls alert handshake failure (_ssl.c:1006)

[2026-06-17 06:06:44] Processing wap.casinolex.site
  - Error on attempt 1: Connection Timed Out

[2026-06-17 06:06:44] PERMANENTLY FAILED: wap.casinolex.site
  - Attempts: 1/2
  - Final Error: Connection Timed Out

[2026-06-17 06:06:44] Processing device-local-8bf2f711-3d7e-4cba-a964-ea71d5fed60a.remotewd.com
  - Error on attempt 1: [Errno 61] Connection refused

[2026-06-17 06:06:44] PERMANENTLY FAILED: device-local-8bf2f711-3d7e-4cba-a964-ea71d5fed60a.remotewd.com
  - Attempts: 1/2
  - Final Error: [Errno 61] Connection refused

[2026-06-17 06:06:44] Processing prayagminimall.link
  - Error on attempt 1: [Errno 8] nodename nor servname provided, or not known

[2026-06-17 06:06:44] PERMANENTLY FAILED: prayagminimall.link
  - Attempts: 1/2
  - Final Error: [Errno 8] nodename nor servname provided, or not known

[2026-06-17 06:06:44] Processing c3c6ff7c-02fb-4aeb-b52a-a09b6044473e.adultosmayores.com
  - Error on attempt 1: [SSL: TLSV1_UNRECOGNIZED_NAME] tlsv1 unrecognized name (_ssl.c:1006)

[2026-06-17 06:06:44] PERMANENTLY FAILED: c3c6ff7c-02fb-4aeb-b52a-a09b6044473e.adultosmayores.com
  - Attempts: 1/2
  - Final Error: [SSL: TLSV1_UNRECOGNIZED_NAME] tlsv1 unrecognized name (_ssl.c:1006)

[2026-06-17 06:06:45] Processing demo.herpestesting.com
  - Error on attempt 1: Connection Timed Out

[2026-06-17 06:06:45] PERMANENTLY FAILED: demo.herpestesting.com
  - Attempts: 1/2
  - Final Error: Connection Timed Out

[2026-06-17 06:06:45] Processing autodiscover.gmp.gmbh
  - Error on attempt 1: [Errno 61] Connection refused

[2026-06-17 06:06:45] PERMANENTLY FAILED: autodiscover.gmp.gmbh
  - Attempts: 1/2
  - Final Error: [Errno 61] Connection refused

[2026-06-17 06:06:45] Processing mountainvillageresorthomes.com
  - Error on attempt 1: [Errno 61] Connection refused

[2026-06-17 06:06:45] PERMANENTLY FAILED: mountainvillageresorthomes.com
  - Attempts: 1/2
  - Final Error: [Errno 61] Connection refused

[2026-06-17 06:06:45] Processing agent.xn--priv-epa.com
  - Error on attempt 1: Connection Timed Out

[2026-06-17 06:06:45] PERMANENTLY FAILED: agent.xn--priv-epa.com
  - Attempts: 1/2
  - Final Error: Connection Timed Out

[2026-06-17 06:06:45] Processing mailer.b-d-r.com
  - Error on attempt 1: Connection Timed Out

[2026-06-17 06:06:45] PERMANENTLY FAILED: mailer.b-d-r.com
  - Attempts: 1/2
  - Final Error: Connection Timed Out

[2026-06-17 06:06:45] Processing ww25.random.mm220.xyz
  - Error on attempt 1: [Errno 8] nodename nor servname provided, or not known

[2026-06-17 06:06:45] PERMANENTLY FAILED: ww25.random.mm220.xyz
  - Attempts: 1/2
  - Final Error: [Errno 8] nodename nor servname provided, or not known

[2026-06-17 06:06:45] Processing api.kubfzwov.uuuauaaayyayayayyayay.webredirect.org
  - Error on attempt 1: Connection Timed Out

[2026-06-17 06:06:45] PERMANENTLY FAILED: api.kubfzwov.uuuauaaayyayayayyayay.webredirect.org
  - Attempts: 1/2
  - Final Error: Connection Timed Out

[2026-06-17 06:06:45] Processing buttel.direct.quickconnect.to
  - Error on attempt 1: [Errno 61] Connection refused

[2026-06-17 06:06:45] PERMANENTLY FAILED: buttel.direct.quickconnect.to
  - Attempts: 1/2
  - Final Error: [Errno 61] Connection refused

[2026-06-17 06:06:46] Processing api.austinhandymanpros.com
  - Error on attempt 1: [SSL: TLSV1_UNRECOGNIZED_NAME] tlsv1 unrecognized name (_ssl.c:1006)

[2026-06-17 06:06:46] PERMANENTLY FAILED: api.austinhandymanpros.com
  - Attempts: 1/2
  - Final Error: [SSL: TLSV1_UNRECOGNIZED_NAME] tlsv1 unrecognized name (_ssl.c:1006)

[2026-06-17 06:06:46] Processing host3.mentalhealth.am
  - Error on attempt 1: Connection Timed Out

[2026-06-17 06:06:46] PERMANENTLY FAILED: host3.mentalhealth.am
  - Attempts: 1/2
  - Final Error: Connection Timed Out

[2026-06-17 06:06:46] Processing syzedevelopments.synology.me
  - Error on attempt 1: Connection Timed Out

[2026-06-17 06:06:46] PERMANENTLY FAILED: syzedevelopments.synology.me
  - Attempts: 1/2
  - Final Error: Connection Timed Out

[2026-06-17 06:06:46] Processing web.solklar.com
  - Error on attempt 1: [Errno 8] nodename nor servname provided, or not known

[2026-06-17 06:06:46] PERMANENTLY FAILED: web.solklar.com
  - Attempts: 1/2
  - Final Error: [Errno 8] nodename nor servname provided, or not known

[2026-06-17 06:06:46] Processing api.app.hubleadsedge.com
  - Error on attempt 1: [Errno 8] nodename nor servname provided, or not known

[2026-06-17 06:06:46] PERMANENTLY FAILED: api.app.hubleadsedge.com
  - Attempts: 1/2
  - Final Error: [Errno 8] nodename nor servname provided, or not known

[2026-06-17 06:06:46] Processing admin.app.hntcore.com
  - Error on attempt 1: [Errno 8] nodename nor servname provided, or not known

[2026-06-17 06:06:46] PERMANENTLY FAILED: admin.app.hntcore.com
  - Attempts: 1/2
  - Final Error: [Errno 8] nodename nor servname provided, or not known

[2026-06-17 06:06:46] Processing admin.www.eduroam.aisynthetize.com
  - Error on attempt 1: [SSL: TLSV1_UNRECOGNIZED_NAME] tlsv1 unrecognized name (_ssl.c:1006)

[2026-06-17 06:06:46] PERMANENTLY FAILED: admin.www.eduroam.aisynthetize.com
  - Attempts: 1/2
  - Final Error: [SSL: TLSV1_UNRECOGNIZED_NAME] tlsv1 unrecognized name (_ssl.c:1006)

[2026-06-17 06:06:47] Processing cbizmarcum.com
  - Error on attempt 1: [Errno 61] Connection refused

[2026-06-17 06:06:47] PERMANENTLY FAILED: cbizmarcum.com
  - Attempts: 1/2
  - Final Error: [Errno 61] Connection refused

[2026-06-17 06:06:47] Processing bbs.solklar.com
  - Error on attempt 1: [Errno 8] nodename nor servname provided, or not known

[2026-06-17 06:06:47] PERMANENTLY FAILED: bbs.solklar.com
  - Attempts: 1/2
  - Final Error: [Errno 8] nodename nor servname provided, or not known

[2026-06-17 06:06:47] Processing secondhalfofyourlife.com
  - Error on attempt 1: [Errno 8] nodename nor servname provided, or not known

[2026-06-17 06:06:47] PERMANENTLY FAILED: secondhalfofyourlife.com
  - Attempts: 1/2
  - Final Error: [Errno 8] nodename nor servname provided, or not known

[2026-06-17 06:06:47] Processing analytic.pashko.com
  - Error on attempt 1: [Errno 8] nodename nor servname provided, or not known

[2026-06-17 06:06:47] PERMANENTLY FAILED: analytic.pashko.com
  - Attempts: 1/2
  - Final Error: [Errno 8] nodename nor servname provided, or not known

[2026-06-17 06:06:47] Processing staging.app.hqcamptrackpro.com
  - Error on attempt 1: [Errno 8] nodename nor servname provided, or not known

[2026-06-17 06:06:47] PERMANENTLY FAILED: staging.app.hqcamptrackpro.com
  - Attempts: 1/2
  - Final Error: [Errno 8] nodename nor servname provided, or not known

[2026-06-17 06:06:47] Processing 7aa30424.sni.cloudflaressl.com
  - Error on attempt 1: [SSL: SSLV3_ALERT_HANDSHAKE_FAILURE] ssl/tls alert handshake failure (_ssl.c:1006)

[2026-06-17 06:06:47] PERMANENTLY FAILED: 7aa30424.sni.cloudflaressl.com
  - Attempts: 1/2
  - Final Error: [SSL: SSLV3_ALERT_HANDSHAKE_FAILURE] ssl/tls alert handshake failure (_ssl.c:1006)

[2026-06-17 06:06:48] Processing site.definedlines.com
  - Error on attempt 1: [SSL: TLSV1_UNRECOGNIZED_NAME] tlsv1 unrecognized name (_ssl.c:1006)

[2026-06-17 06:06:48] PERMANENTLY FAILED: site.definedlines.com
  - Attempts: 1/2
  - Final Error: [SSL: TLSV1_UNRECOGNIZED_NAME] tlsv1 unrecognized name (_ssl.c:1006)

[2026-06-17 06:06:48] Processing staging.www.ck44com.online
  - Error on attempt 1: [Errno 8] nodename nor servname provided, or not known

[2026-06-17 06:06:48] PERMANENTLY FAILED: staging.www.ck44com.online
  - Attempts: 1/2
  - Final Error: [Errno 8] nodename nor servname provided, or not known

[2026-06-17 06:06:48] Processing remote.findlayrentals.com
  - Error on attempt 1: [Errno 8] nodename nor servname provided, or not known

[2026-06-17 06:06:48] PERMANENTLY FAILED: remote.findlayrentals.com
  - Attempts: 1/2
  - Final Error: [Errno 8] nodename nor servname provided, or not known

[2026-06-17 06:06:48] Processing bullshitcoin.io
  - Error on attempt 1: [Errno 8] nodename nor servname provided, or not known

[2026-06-17 06:06:48] PERMANENTLY FAILED: bullshitcoin.io
  - Attempts: 1/2
  - Final Error: [Errno 8] nodename nor servname provided, or not known

[2026-06-17 06:06:48] Processing fagxvci-alpha.knowbeforeyougoks.com
  - Error on attempt 1: Connection Timed Out

[2026-06-17 06:06:48] PERMANENTLY FAILED: fagxvci-alpha.knowbeforeyougoks.com
  - Attempts: 1/2
  - Final Error: Connection Timed Out

[2026-06-17 06:06:48] Processing mail.gardensupplybayarea.com
  - Error on attempt 1: Connection Timed Out

[2026-06-17 06:06:48] PERMANENTLY FAILED: mail.gardensupplybayarea.com
  - Attempts: 1/2
  - Final Error: Connection Timed Out

[2026-06-17 06:06:49] Processing vpn.jausenstation.de-zqrpzkmwcv.dynamic-m.com
  - Error on attempt 1: [Errno 8] nodename nor servname provided, or not known

[2026-06-17 06:06:49] PERMANENTLY FAILED: vpn.jausenstation.de-zqrpzkmwcv.dynamic-m.com
  - Attempts: 1/2
  - Final Error: [Errno 8] nodename nor servname provided, or not known

[2026-06-17 06:06:49] Processing ww38.backup.efukit.com
  - Error on attempt 1: [Errno 61] Connection refused

[2026-06-17 06:06:49] PERMANENTLY FAILED: ww38.backup.efukit.com
  - Attempts: 1/2
  - Final Error: [Errno 61] Connection refused

[2026-06-17 06:06:49] Processing msfkeyhsmweuprod2.managedhsm.azure.net
  - Error on attempt 1: Connection Timed Out

[2026-06-17 06:06:49] PERMANENTLY FAILED: msfkeyhsmweuprod2.managedhsm.azure.net
  - Attempts: 1/2
  - Final Error: Connection Timed Out

[2026-06-17 06:06:49] Processing carolmartinmethod.com
  - Error on attempt 1: [Errno 61] Connection refused

[2026-06-17 06:06:49] PERMANENTLY FAILED: carolmartinmethod.com
  - Attempts: 1/2
  - Final Error: [Errno 61] Connection refused

[2026-06-17 06:06:49] Processing test.app.hntcore.com
  - Error on attempt 1: [Errno 8] nodename nor servname provided, or not known

[2026-06-17 06:06:49] PERMANENTLY FAILED: test.app.hntcore.com
  - Attempts: 1/2
  - Final Error: [Errno 8] nodename nor servname provided, or not known

[2026-06-17 06:06:50] Processing carforauction.net
  - Error on attempt 1: [Errno 61] Connection refused

[2026-06-17 06:06:50] PERMANENTLY FAILED: carforauction.net
  - Attempts: 1/2
  - Final Error: [Errno 61] Connection refused

[2026-06-17 06:06:50] Processing sauron.livearmeniantv.com
  - Error on attempt 1: Connection Timed Out

[2026-06-17 06:06:50] PERMANENTLY FAILED: sauron.livearmeniantv.com
  - Attempts: 1/2
  - Final Error: Connection Timed Out

[2026-06-17 06:06:50] Processing essenwoodmarket.adma1005.7artisan.net
  - Error on attempt 1: Connection Timed Out

[2026-06-17 06:06:50] PERMANENTLY FAILED: essenwoodmarket.adma1005.7artisan.net
  - Attempts: 1/2
  - Final Error: Connection Timed Out

[2026-06-17 06:06:50] Processing celtacontabil.com
  - Error on attempt 1: Connection Timed Out

[2026-06-17 06:06:50] PERMANENTLY FAILED: celtacontabil.com
  - Attempts: 1/2
  - Final Error: Connection Timed Out

[2026-06-17 06:06:51] Processing 602232754db906ad6af106fde195063136c94.id.ui.direct
  - Error on attempt 1: [Errno 8] nodename nor servname provided, or not known

[2026-06-17 06:06:51] PERMANENTLY FAILED: 602232754db906ad6af106fde195063136c94.id.ui.direct
  - Attempts: 1/2
  - Final Error: [Errno 8] nodename nor servname provided, or not known

[2026-06-17 06:06:51] Processing admin.sitemaps.365waterdamage.com
  - Error on attempt 1: [SSL: TLSV1_ALERT_INTERNAL_ERROR] tlsv1 alert internal error (_ssl.c:1006)

[2026-06-17 06:06:51] PERMANENTLY FAILED: admin.sitemaps.365waterdamage.com
  - Attempts: 1/2
  - Final Error: [SSL: TLSV1_ALERT_INTERNAL_ERROR] tlsv1 alert internal error (_ssl.c:1006)

[2026-06-17 06:06:51] Processing void369.com
  - Error on attempt 1: [Errno 8] nodename nor servname provided, or not known

[2026-06-17 06:06:51] PERMANENTLY FAILED: void369.com
  - Attempts: 1/2
  - Final Error: [Errno 8] nodename nor servname provided, or not known

[2026-06-17 06:06:51] Processing sixsix.buzz
  - Error on attempt 1: Connection Timed Out

[2026-06-17 06:06:51] PERMANENTLY FAILED: sixsix.buzz
  - Attempts: 1/2
  - Final Error: Connection Timed Out

[2026-06-17 06:06:51] Processing gigglebushgardens.com
  - Error on attempt 1: [Errno 54] Connection reset by peer

[2026-06-17 06:06:51] PERMANENTLY FAILED: gigglebushgardens.com
  - Attempts: 1/2
  - Final Error: [Errno 54] Connection reset by peer

[2026-06-17 06:06:51] Processing admin.lawsnioz.uuuauaaayyayayayyayay.webredirect.org
  - Error on attempt 1: Connection Timed Out

[2026-06-17 06:06:51] PERMANENTLY FAILED: admin.lawsnioz.uuuauaaayyayayayyayay.webredirect.org
  - Attempts: 1/2
  - Final Error: Connection Timed Out

[2026-06-17 06:06:51] Processing webdisk.turtadulce.ro
  - Error on attempt 1: Connection Timed Out

[2026-06-17 06:06:51] PERMANENTLY FAILED: webdisk.turtadulce.ro
  - Attempts: 1/2
  - Final Error: Connection Timed Out

[2026-06-17 06:06:51] Processing info-8c6.workers.dev
  - Error on attempt 1: [Errno 8] nodename nor servname provided, or not known

[2026-06-17 06:06:51] PERMANENTLY FAILED: info-8c6.workers.dev
  - Attempts: 1/2
  - Final Error: [Errno 8] nodename nor servname provided, or not known

[2026-06-17 06:06:51] Processing dev.kzpsblro.uuuauaaayyayayayyayay.webredirect.org
  - Error on attempt 1: Connection Timed Out

[2026-06-17 06:06:51] PERMANENTLY FAILED: dev.kzpsblro.uuuauaaayyayayayyayay.webredirect.org
  - Attempts: 1/2
  - Final Error: Connection Timed Out

[2026-06-17 06:06:52] Processing adfs02.iautotitleloan.com
  - Error on attempt 1: Connection Timed Out

[2026-06-17 06:06:52] PERMANENTLY FAILED: adfs02.iautotitleloan.com
  - Attempts: 1/2
  - Final Error: Connection Timed Out

[2026-06-17 06:06:52] Processing test.vardagsflow.com
  - Error on attempt 1: [Errno 8] nodename nor servname provided, or not known

[2026-06-17 06:06:52] PERMANENTLY FAILED: test.vardagsflow.com
  - Attempts: 1/2
  - Final Error: [Errno 8] nodename nor servname provided, or not known

[2026-06-17 06:06:53] Processing lewesboardshop.com
  - Error on attempt 1: [Errno 8] nodename nor servname provided, or not known

[2026-06-17 06:06:53] PERMANENTLY FAILED: lewesboardshop.com
  - Attempts: 1/2
  - Final Error: [Errno 8] nodename nor servname provided, or not known

[2026-06-17 06:06:53] Processing globalprotect.golden-china.com.tw
  - Error on attempt 1: Connection Timed Out

[2026-06-17 06:06:53] PERMANENTLY FAILED: globalprotect.golden-china.com.tw
  - Attempts: 1/2
  - Final Error: Connection Timed Out

[2026-06-17 06:06:53] Processing ww38.cbtf.news
  - Error on attempt 1: Connection Timed Out

[2026-06-17 06:06:53] PERMANENTLY FAILED: ww38.cbtf.news
  - Attempts: 1/2
  - Final Error: Connection Timed Out

[2026-06-17 06:06:53] Processing desktops2.hainanseafood.com
  - Error on attempt 1: Connection Timed Out

[2026-06-17 06:06:53] PERMANENTLY FAILED: desktops2.hainanseafood.com
  - Attempts: 1/2
  - Final Error: Connection Timed Out

[2026-06-17 06:06:53] Processing api.underlay.dmz.org
  - Error on attempt 1: [SSL: TLSV1_UNRECOGNIZED_NAME] tlsv1 unrecognized name (_ssl.c:1006)

[2026-06-17 06:06:53] PERMANENTLY FAILED: api.underlay.dmz.org
  - Attempts: 1/2
  - Final Error: [SSL: TLSV1_UNRECOGNIZED_NAME] tlsv1 unrecognized name (_ssl.c:1006)

[2026-06-17 06:06:53] Processing yye.branches-et-deco.fr
  - Error on attempt 1: [Errno 8] nodename nor servname provided, or not known

[2026-06-17 06:06:53] PERMANENTLY FAILED: yye.branches-et-deco.fr
  - Attempts: 1/2
  - Final Error: [Errno 8] nodename nor servname provided, or not known

[2026-06-17 06:06:53] Processing caretabs.biz
  - Error on attempt 1: [Errno 61] Connection refused

[2026-06-17 06:06:53] PERMANENTLY FAILED: caretabs.biz
  - Attempts: 1/2
  - Final Error: [Errno 61] Connection refused

[2026-06-17 06:06:53] Processing shop.enigmatec.com
  - Error on attempt 1: Connection Timed Out

[2026-06-17 06:06:53] PERMANENTLY FAILED: shop.enigmatec.com
  - Attempts: 1/2
  - Final Error: Connection Timed Out

[2026-06-17 06:06:53] Processing workspace2.riems.com
  - Error on attempt 1: Connection Timed Out

[2026-06-17 06:06:53] PERMANENTLY FAILED: workspace2.riems.com
  - Attempts: 1/2
  - Final Error: Connection Timed Out

[2026-06-17 06:06:54] Processing wiki.hostaro.de
  - Error on attempt 1: Connection Timed Out

[2026-06-17 06:06:54] PERMANENTLY FAILED: wiki.hostaro.de
  - Attempts: 1/2
  - Final Error: Connection Timed Out

[2026-06-17 06:06:54] Processing comune.pashko.com
  - Error on attempt 1: [Errno 8] nodename nor servname provided, or not known

[2026-06-17 06:06:54] PERMANENTLY FAILED: comune.pashko.com
  - Attempts: 1/2
  - Final Error: [Errno 8] nodename nor servname provided, or not known

[2026-06-17 06:06:54] Processing 24x01nkexyzh.au-syd.codeengine.appdomain.cloud
  - Error on attempt 1: [Errno 8] nodename nor servname provided, or not known

[2026-06-17 06:06:54] PERMANENTLY FAILED: 24x01nkexyzh.au-syd.codeengine.appdomain.cloud
  - Attempts: 1/2
  - Final Error: [Errno 8] nodename nor servname provided, or not known

[2026-06-17 06:06:54] Processing dashboard.thingaverce.com
  - Error on attempt 1: [Errno 8] nodename nor servname provided, or not known

[2026-06-17 06:06:54] PERMANENTLY FAILED: dashboard.thingaverce.com
  - Attempts: 1/2
  - Final Error: [Errno 8] nodename nor servname provided, or not known

[2026-06-17 06:06:54] Processing admin.akuzycnq.uuuauaaayyayayayyayay.webredirect.org
  - Error on attempt 1: Connection Timed Out

[2026-06-17 06:06:54] PERMANENTLY FAILED: admin.akuzycnq.uuuauaaayyayayayyayay.webredirect.org
  - Attempts: 1/2
  - Final Error: Connection Timed Out

[2026-06-17 06:06:55] Processing mohavecountynews.org
  - Error on attempt 1: Connection Timed Out

[2026-06-17 06:06:55] PERMANENTLY FAILED: mohavecountynews.org
  - Attempts: 1/2
  - Final Error: Connection Timed Out

[2026-06-17 06:06:55] Processing monitor1.heathernicole.com
  - Error on attempt 1: Connection Timed Out

[2026-06-17 06:06:55] PERMANENTLY FAILED: monitor1.heathernicole.com
  - Attempts: 1/2
  - Final Error: Connection Timed Out

[2026-06-17 06:06:56] Processing inkflip.store
  - Error on attempt 1: [Errno 8] nodename nor servname provided, or not known

[2026-06-17 06:06:56] PERMANENTLY FAILED: inkflip.store
  - Attempts: 1/2
  - Final Error: [Errno 8] nodename nor servname provided, or not known

[2026-06-17 06:06:56] Processing igsrbapi.gardensupplybayarea.com
  - Error on attempt 1: Connection Timed Out

[2026-06-17 06:06:56] PERMANENTLY FAILED: igsrbapi.gardensupplybayarea.com
  - Attempts: 1/2
  - Final Error: Connection Timed Out

[2026-06-17 06:06:56] Processing gateway.riems.com
  - Error on attempt 1: Connection Timed Out

[2026-06-17 06:06:56] PERMANENTLY FAILED: gateway.riems.com
  - Attempts: 1/2
  - Final Error: Connection Timed Out

[2026-06-17 06:06:56] Processing altinolukemlak.com
  - Error on attempt 1: [Errno 8] nodename nor servname provided, or not known

[2026-06-17 06:06:56] PERMANENTLY FAILED: altinolukemlak.com
  - Attempts: 1/2
  - Final Error: [Errno 8] nodename nor servname provided, or not known

[2026-06-17 06:06:56] Processing nginxns21.1988.at
  - Error on attempt 1: Connection Timed Out

[2026-06-17 06:06:56] PERMANENTLY FAILED: nginxns21.1988.at
  - Attempts: 1/2
  - Final Error: Connection Timed Out

[2026-06-17 06:06:56] Processing cuatrocopasbartapas.mimenurest.com
  - Error on attempt 1: [Errno 8] nodename nor servname provided, or not known

[2026-06-17 06:06:56] PERMANENTLY FAILED: cuatrocopasbartapas.mimenurest.com
  - Attempts: 1/2
  - Final Error: [Errno 8] nodename nor servname provided, or not known

[2026-06-17 06:06:56] Processing admin.api.axissystemspartners.sbs
  - Error on attempt 1: Connection Timed Out

[2026-06-17 06:06:56] PERMANENTLY FAILED: admin.api.axissystemspartners.sbs
  - Attempts: 1/2
  - Final Error: Connection Timed Out

[2026-06-17 06:06:57] Processing bulba.fun
  - Error on attempt 1: [Errno 8] nodename nor servname provided, or not known

[2026-06-17 06:06:57] PERMANENTLY FAILED: bulba.fun
  - Attempts: 1/2
  - Final Error: [Errno 8] nodename nor servname provided, or not known

[2026-06-17 06:06:57] Processing portal.mlbjersey.com
  - Error on attempt 1: Connection Timed Out

[2026-06-17 06:06:57] PERMANENTLY FAILED: portal.mlbjersey.com
  - Attempts: 1/2
  - Final Error: Connection Timed Out

[2026-06-17 06:06:57] Processing bc6cf0fb.sni.cloudflaressl.com
  - Error on attempt 1: [SSL: SSLV3_ALERT_HANDSHAKE_FAILURE] ssl/tls alert handshake failure (_ssl.c:1006)

[2026-06-17 06:06:57] PERMANENTLY FAILED: bc6cf0fb.sni.cloudflaressl.com
  - Attempts: 1/2
  - Final Error: [SSL: SSLV3_ALERT_HANDSHAKE_FAILURE] ssl/tls alert handshake failure (_ssl.c:1006)

[2026-06-17 06:06:57] Processing app.programm-app.de
  - Error on attempt 1: Connection Timed Out

[2026-06-17 06:06:57] PERMANENTLY FAILED: app.programm-app.de
  - Attempts: 1/2
  - Final Error: Connection Timed Out

[2026-06-17 06:06:57] Processing nikkahnamaoffical.com
  - Error on attempt 1: [SSL: SSLV3_ALERT_HANDSHAKE_FAILURE] ssl/tls alert handshake failure (_ssl.c:1006)

[2026-06-17 06:06:57] PERMANENTLY FAILED: nikkahnamaoffical.com
  - Attempts: 1/2
  - Final Error: [SSL: SSLV3_ALERT_HANDSHAKE_FAILURE] ssl/tls alert handshake failure (_ssl.c:1006)

[2026-06-17 06:06:57] Processing test.www.harengs.com
  - Error on attempt 1: Connection Timed Out

[2026-06-17 06:06:57] PERMANENTLY FAILED: test.www.harengs.com
  - Attempts: 1/2
  - Final Error: Connection Timed Out

[2026-06-17 06:06:58] Processing twsc.riems.com
  - Error on attempt 1: Connection Timed Out

[2026-06-17 06:06:58] PERMANENTLY FAILED: twsc.riems.com
  - Attempts: 1/2
  - Final Error: Connection Timed Out

[2026-06-17 06:06:58] Processing langlangypanel.top
  - Error on attempt 1: [Errno 8] nodename nor servname provided, or not known

[2026-06-17 06:06:58] PERMANENTLY FAILED: langlangypanel.top
  - Attempts: 1/2
  - Final Error: [Errno 8] nodename nor servname provided, or not known

[2026-06-17 06:06:58] Processing destiny2.direct.quickconnect.to
  - Error on attempt 1: Connection Timed Out

[2026-06-17 06:06:58] PERMANENTLY FAILED: destiny2.direct.quickconnect.to
  - Attempts: 1/2
  - Final Error: Connection Timed Out

[2026-06-17 06:06:58] Processing dxp4800-2c04.direct.ug.link
  - Error on attempt 1: [Errno 8] nodename nor servname provided, or not known

[2026-06-17 06:06:58] PERMANENTLY FAILED: dxp4800-2c04.direct.ug.link
  - Attempts: 1/2
  - Final Error: [Errno 8] nodename nor servname provided, or not known

[2026-06-17 06:06:58] Processing ajms.scholarlypublishing.org
  - Error on attempt 1: Connection Timed Out

[2026-06-17 06:06:58] PERMANENTLY FAILED: ajms.scholarlypublishing.org
  - Attempts: 1/2
  - Final Error: Connection Timed Out

[2026-06-17 06:06:58] Processing test.app.hntnode.com
  - Error on attempt 1: [Errno 8] nodename nor servname provided, or not known

[2026-06-17 06:06:58] PERMANENTLY FAILED: test.app.hntnode.com
  - Attempts: 1/2
  - Final Error: [Errno 8] nodename nor servname provided, or not known

[2026-06-17 06:06:58] Processing ogbuyandsellogbuyandsell.com
  - Error on attempt 1: [Errno 8] nodename nor servname provided, or not known

[2026-06-17 06:06:58] PERMANENTLY FAILED: ogbuyandsellogbuyandsell.com
  - Attempts: 1/2
  - Final Error: [Errno 8] nodename nor servname provided, or not known

[2026-06-17 06:06:58] Processing webmail.nudeinfrance.de
  - Error on attempt 1: [SSL: TLSV1_UNRECOGNIZED_NAME] tlsv1 unrecognized name (_ssl.c:1006)

[2026-06-17 06:06:58] PERMANENTLY FAILED: webmail.nudeinfrance.de
  - Attempts: 1/2
  - Final Error: [SSL: TLSV1_UNRECOGNIZED_NAME] tlsv1 unrecognized name (_ssl.c:1006)

[2026-06-17 06:06:58] Processing wildcard.nlinesbi.com
  - Error on attempt 1: Connection Timed Out

[2026-06-17 06:06:58] PERMANENTLY FAILED: wildcard.nlinesbi.com
  - Attempts: 1/2
  - Final Error: Connection Timed Out

[2026-06-17 06:06:59] Processing ww25.adpool.co
  - Error on attempt 1: [Errno 8] nodename nor servname provided, or not known

[2026-06-17 06:06:59] PERMANENTLY FAILED: ww25.adpool.co
  - Attempts: 1/2
  - Final Error: [Errno 8] nodename nor servname provided, or not known

[2026-06-17 06:06:59] Processing 9tv10.com
  - Error on attempt 1: [Errno 8] nodename nor servname provided, or not known

[2026-06-17 06:06:59] PERMANENTLY FAILED: 9tv10.com
  - Attempts: 1/2
  - Final Error: [Errno 8] nodename nor servname provided, or not known

[2026-06-17 06:06:59] Processing ryfwkoua.thetechbusiness.com
  - Error on attempt 1: [SSL: TLSV1_UNRECOGNIZED_NAME] tlsv1 unrecognized name (_ssl.c:1006)

[2026-06-17 06:06:59] PERMANENTLY FAILED: ryfwkoua.thetechbusiness.com
  - Attempts: 1/2
  - Final Error: [SSL: TLSV1_UNRECOGNIZED_NAME] tlsv1 unrecognized name (_ssl.c:1006)

[2026-06-17 06:06:59] Processing account.mymaluminios.com
  - Error on attempt 1: [Errno 8] nodename nor servname provided, or not known

[2026-06-17 06:06:59] PERMANENTLY FAILED: account.mymaluminios.com
  - Attempts: 1/2
  - Final Error: [Errno 8] nodename nor servname provided, or not known

[2026-06-17 06:07:00] Processing smtp.ruddiman.co.uk
  - Error on attempt 1: Connection Timed Out

[2026-06-17 06:07:00] PERMANENTLY FAILED: smtp.ruddiman.co.uk
  - Attempts: 1/2
  - Final Error: Connection Timed Out

[2026-06-17 06:07:00] Processing 0661f4c0-2732-4083-8b1b-80c4718ad7fa.dreaminterpreation.com
  - Error on attempt 1: Connection Timed Out

[2026-06-17 06:07:00] PERMANENTLY FAILED: 0661f4c0-2732-4083-8b1b-80c4718ad7fa.dreaminterpreation.com
  - Attempts: 1/2
  - Final Error: Connection Timed Out

[2026-06-17 06:07:00] Processing pe.riems.com
  - Error on attempt 1: Connection Timed Out

[2026-06-17 06:07:00] PERMANENTLY FAILED: pe.riems.com
  - Attempts: 1/2
  - Final Error: Connection Timed Out

[2026-06-17 06:07:00] Processing vistamorix.com
  - Error on attempt 1: [Errno 8] nodename nor servname provided, or not known

[2026-06-17 06:07:00] PERMANENTLY FAILED: vistamorix.com
  - Attempts: 1/2
  - Final Error: [Errno 8] nodename nor servname provided, or not known

[2026-06-17 06:07:01] Processing test.mail.staging.dashboard.mail12.shishartech.com
  - Error on attempt 1: [Errno 8] nodename nor servname provided, or not known

[2026-06-17 06:07:01] PERMANENTLY FAILED: test.mail.staging.dashboard.mail12.shishartech.com
  - Attempts: 1/2
  - Final Error: [Errno 8] nodename nor servname provided, or not known

[2026-06-17 06:07:01] Processing cloud.japanoptics.com
  - Error on attempt 1: Connection Timed Out

[2026-06-17 06:07:01] PERMANENTLY FAILED: cloud.japanoptics.com
  - Attempts: 1/2
  - Final Error: Connection Timed Out

[2026-06-17 06:07:01] Processing ww25.mail.ideal123.xyz
  - Error on attempt 1: [Errno 8] nodename nor servname provided, or not known

[2026-06-17 06:07:01] PERMANENTLY FAILED: ww25.mail.ideal123.xyz
  - Attempts: 1/2
  - Final Error: [Errno 8] nodename nor servname provided, or not known

[2026-06-17 06:07:01] Processing lichthypnose.com
  - Error on attempt 1: [Errno 8] nodename nor servname provided, or not known

[2026-06-17 06:07:01] PERMANENTLY FAILED: lichthypnose.com
  - Attempts: 1/2
  - Final Error: [Errno 8] nodename nor servname provided, or not known

[2026-06-17 06:07:01] Processing p3auto.ca
  - Error on attempt 1: [SSL: SSLV3_ALERT_HANDSHAKE_FAILURE] ssl/tls alert handshake failure (_ssl.c:1006)

[2026-06-17 06:07:01] PERMANENTLY FAILED: p3auto.ca
  - Attempts: 1/2
  - Final Error: [SSL: SSLV3_ALERT_HANDSHAKE_FAILURE] ssl/tls alert handshake failure (_ssl.c:1006)

[2026-06-17 06:07:01] Processing cloud.agricolalamezcalera.com
  - Error on attempt 1: [Errno 8] nodename nor servname provided, or not known

[2026-06-17 06:07:01] PERMANENTLY FAILED: cloud.agricolalamezcalera.com
  - Attempts: 1/2
  - Final Error: [Errno 8] nodename nor servname provided, or not known

[2026-06-17 06:07:02] Processing v2.autre-salon.ch
  - Error on attempt 1: Connection Timed Out

[2026-06-17 06:07:02] PERMANENTLY FAILED: v2.autre-salon.ch
  - Attempts: 1/2
  - Final Error: Connection Timed Out

[2026-06-17 06:07:02] Processing access.ruddiman.co.uk
  - Error on attempt 1: Connection Timed Out

[2026-06-17 06:07:02] PERMANENTLY FAILED: access.ruddiman.co.uk
  - Attempts: 1/2
  - Final Error: Connection Timed Out

[2026-06-17 06:07:02] Processing repotal.us.confimit.com
  - Error on attempt 1: [Errno 8] nodename nor servname provided, or not known

[2026-06-17 06:07:02] PERMANENTLY FAILED: repotal.us.confimit.com
  - Attempts: 1/2
  - Final Error: [Errno 8] nodename nor servname provided, or not known

[2026-06-17 06:07:02] Processing gp.lovebuy24.com
  - Error on attempt 1: Connection Timed Out

[2026-06-17 06:07:02] PERMANENTLY FAILED: gp.lovebuy24.com
  - Attempts: 1/2
  - Final Error: Connection Timed Out

[2026-06-17 06:07:02] Processing c1721d78565.4dcellfate.eu
  - Error on attempt 1: Connection Timed Out

[2026-06-17 06:07:02] PERMANENTLY FAILED: c1721d78565.4dcellfate.eu
  - Attempts: 1/2
  - Final Error: Connection Timed Out

[2026-06-17 06:07:02] Processing kdnjowv.online
  - Error on attempt 1: [Errno 8] nodename nor servname provided, or not known

[2026-06-17 06:07:02] PERMANENTLY FAILED: kdnjowv.online
  - Attempts: 1/2
  - Final Error: [Errno 8] nodename nor servname provided, or not known

[2026-06-17 06:07:03] Processing marketingodborne.online
  - Error on attempt 1: [Errno 8] nodename nor servname provided, or not known

[2026-06-17 06:07:03] PERMANENTLY FAILED: marketingodborne.online
  - Attempts: 1/2
  - Final Error: [Errno 8] nodename nor servname provided, or not known

[2026-06-17 06:07:03] Processing test.wiener-pferdefest.at
  - Error on attempt 1: [Errno 8] nodename nor servname provided, or not known

[2026-06-17 06:07:03] PERMANENTLY FAILED: test.wiener-pferdefest.at
  - Attempts: 1/2
  - Final Error: [Errno 8] nodename nor servname provided, or not known

[2026-06-17 06:07:03] Processing prelogon.turtadulce.ro
  - Error on attempt 1: Connection Timed Out

[2026-06-17 06:07:03] PERMANENTLY FAILED: prelogon.turtadulce.ro
  - Attempts: 1/2
  - Final Error: Connection Timed Out

[2026-06-17 06:07:04] Processing rxskciqf.casenetmo.org
  - Error on attempt 1: [Errno 61] Connection refused

[2026-06-17 06:07:04] PERMANENTLY FAILED: rxskciqf.casenetmo.org
  - Attempts: 1/2
  - Final Error: [Errno 61] Connection refused

[2026-06-17 06:07:04] Processing ehbvsvip.com
  - Error on attempt 1: [Errno 61] Connection refused

[2026-06-17 06:07:04] PERMANENTLY FAILED: ehbvsvip.com
  - Attempts: 1/2
  - Final Error: [Errno 61] Connection refused

[2026-06-17 06:07:04] Processing ww25.packingjobsmexico122402.icu
  - Error on attempt 1: [Errno 8] nodename nor servname provided, or not known

[2026-06-17 06:07:04] PERMANENTLY FAILED: ww25.packingjobsmexico122402.icu
  - Attempts: 1/2
  - Final Error: [Errno 8] nodename nor servname provided, or not known

[2026-06-17 06:07:04] Processing api.www.harengs.com
  - Error on attempt 1: Connection Timed Out

[2026-06-17 06:07:04] PERMANENTLY FAILED: api.www.harengs.com
  - Attempts: 1/2
  - Final Error: Connection Timed Out

[2026-06-17 06:07:04] Processing mysqleditor-coloradohornetyouth.kinsta.cloud
  - Error on attempt 1: [Errno 8] nodename nor servname provided, or not known

[2026-06-17 06:07:04] PERMANENTLY FAILED: mysqleditor-coloradohornetyouth.kinsta.cloud
  - Attempts: 1/2
  - Final Error: [Errno 8] nodename nor servname provided, or not known

[2026-06-17 06:07:04] Processing ihx.riems.com
  - Error on attempt 1: Connection Timed Out

[2026-06-17 06:07:04] PERMANENTLY FAILED: ihx.riems.com
  - Attempts: 1/2
  - Final Error: Connection Timed Out

[2026-06-17 06:07:04] Processing new.cbdoase.de
  - Error on attempt 1: Connection Timed Out

[2026-06-17 06:07:04] PERMANENTLY FAILED: new.cbdoase.de
  - Attempts: 1/2
  - Final Error: Connection Timed Out

[2026-06-17 06:07:04] Processing members.unternehmensberater24.ch
  - Error on attempt 1: Connection Timed Out

[2026-06-17 06:07:04] PERMANENTLY FAILED: members.unternehmensberater24.ch
  - Attempts: 1/2
  - Final Error: Connection Timed Out

[2026-06-17 06:07:04] Processing remote.myhousingforall.org
  - Error on attempt 1: Connection Timed Out

[2026-06-17 06:07:04] PERMANENTLY FAILED: remote.myhousingforall.org
  - Attempts: 1/2
  - Final Error: Connection Timed Out

[2026-06-17 06:07:04] Processing staging.app.hss93top4.com
  - Error on attempt 1: [Errno 8] nodename nor servname provided, or not known

[2026-06-17 06:07:04] PERMANENTLY FAILED: staging.app.hss93top4.com
  - Attempts: 1/2
  - Final Error: [Errno 8] nodename nor servname provided, or not known

[2026-06-17 06:07:05] Processing dev.koujxzhc.uuuauaaayyayayayyayay.webredirect.org
  - Error on attempt 1: Connection Timed Out

[2026-06-17 06:07:05] PERMANENTLY FAILED: dev.koujxzhc.uuuauaaayyayayayyayay.webredirect.org
  - Attempts: 1/2
  - Final Error: Connection Timed Out

[2026-06-17 06:07:05] Processing 10kin10.com
  - Error on attempt 1: [Errno 8] nodename nor servname provided, or not known

[2026-06-17 06:07:05] PERMANENTLY FAILED: 10kin10.com
  - Attempts: 1/2
  - Final Error: [Errno 8] nodename nor servname provided, or not known

[2026-06-17 06:07:05] Processing quietnights.site
  - Error on attempt 1: [Errno 8] nodename nor servname provided, or not known

[2026-06-17 06:07:05] PERMANENTLY FAILED: quietnights.site
  - Attempts: 1/2
  - Final Error: [Errno 8] nodename nor servname provided, or not known

[2026-06-17 06:07:05] Processing ripple.animalfactguid.com
  - Error on attempt 1: Connection Timed Out

[2026-06-17 06:07:05] PERMANENTLY FAILED: ripple.animalfactguid.com
  - Attempts: 1/2
  - Final Error: Connection Timed Out

[2026-06-17 06:07:05] Processing staging.leonferrari.com
  - Error on attempt 1: Connection Timed Out

[2026-06-17 06:07:05] PERMANENTLY FAILED: staging.leonferrari.com
  - Attempts: 1/2
  - Final Error: Connection Timed Out

[2026-06-17 06:07:05] Processing static.dog-fight.de
  - Error on attempt 1: [Errno 8] nodename nor servname provided, or not known

[2026-06-17 06:07:05] PERMANENTLY FAILED: static.dog-fight.de
  - Attempts: 1/2
  - Final Error: [Errno 8] nodename nor servname provided, or not known

[2026-06-17 06:07:06] Processing old.efukit.com
  - Error on attempt 1: [Errno 54] Connection reset by peer

[2026-06-17 06:07:06] PERMANENTLY FAILED: old.efukit.com
  - Attempts: 1/2
  - Final Error: [Errno 54] Connection reset by peer

[2026-06-17 06:07:06] Processing okpckoutlook.pashko.com
  - Error on attempt 1: [Errno 8] nodename nor servname provided, or not known

[2026-06-17 06:07:06] PERMANENTLY FAILED: okpckoutlook.pashko.com
  - Attempts: 1/2
  - Final Error: [Errno 8] nodename nor servname provided, or not known

[2026-06-17 06:07:06] Processing genotypediet.net
  - Error on attempt 1: [Errno 61] Connection refused

[2026-06-17 06:07:06] PERMANENTLY FAILED: genotypediet.net
  - Attempts: 1/2
  - Final Error: [Errno 61] Connection refused

[2026-06-17 06:07:06] Processing moxie.am
  - Error on attempt 1: [Errno 8] nodename nor servname provided, or not known

[2026-06-17 06:07:06] PERMANENTLY FAILED: moxie.am
  - Attempts: 1/2
  - Final Error: [Errno 8] nodename nor servname provided, or not known

[2026-06-17 06:07:06] Processing abogai.com
  - Error on attempt 1: [Errno 8] nodename nor servname provided, or not known

[2026-06-17 06:07:06] PERMANENTLY FAILED: abogai.com
  - Attempts: 1/2
  - Final Error: [Errno 8] nodename nor servname provided, or not known

[2026-06-17 06:07:07] Processing gh208223822781tunnel.westeurope.azurecontainer.io
  - Error on attempt 1: [Errno 8] nodename nor servname provided, or not known

[2026-06-17 06:07:07] PERMANENTLY FAILED: gh208223822781tunnel.westeurope.azurecontainer.io
  - Attempts: 1/2
  - Final Error: [Errno 8] nodename nor servname provided, or not known

[2026-06-17 06:07:07] Processing baga10255.workers.dev
  - Error on attempt 1: [Errno 8] nodename nor servname provided, or not known

[2026-06-17 06:07:07] PERMANENTLY FAILED: baga10255.workers.dev
  - Attempts: 1/2
  - Final Error: [Errno 8] nodename nor servname provided, or not known

[2026-06-17 06:07:07] Processing fjwie3ovdnj0itdz.workers.dev
  - Error on attempt 1: [Errno 8] nodename nor servname provided, or not known

[2026-06-17 06:07:07] PERMANENTLY FAILED: fjwie3ovdnj0itdz.workers.dev
  - Attempts: 1/2
  - Final Error: [Errno 8] nodename nor servname provided, or not known

[2026-06-17 06:07:07] Processing test.deletdisor.com
  - Error on attempt 1: [Errno 8] nodename nor servname provided, or not known

[2026-06-17 06:07:07] PERMANENTLY FAILED: test.deletdisor.com
  - Attempts: 1/2
  - Final Error: [Errno 8] nodename nor servname provided, or not known

[2026-06-17 06:07:08] Processing test.app.guttercleaningbondurantia.com
  - Error on attempt 1: [Errno 8] nodename nor servname provided, or not known

[2026-06-17 06:07:08] PERMANENTLY FAILED: test.app.guttercleaningbondurantia.com
  - Attempts: 1/2
  - Final Error: [Errno 8] nodename nor servname provided, or not known

[2026-06-17 06:07:08] Processing members.gardensupplybayarea.com
  - Error on attempt 1: Connection Timed Out

[2026-06-17 06:07:08] PERMANENTLY FAILED: members.gardensupplybayarea.com
  - Attempts: 1/2
  - Final Error: Connection Timed Out

[2026-06-17 06:07:08] Processing ildcard.lecinquevele.it
  - Error on attempt 1: Connection Timed Out

[2026-06-17 06:07:08] PERMANENTLY FAILED: ildcard.lecinquevele.it
  - Attempts: 1/2
  - Final Error: Connection Timed Out

[2026-06-17 06:07:08] Processing mx.dskd.de
  - Error on attempt 1: [Errno 8] nodename nor servname provided, or not known

[2026-06-17 06:07:08] PERMANENTLY FAILED: mx.dskd.de
  - Attempts: 1/2
  - Final Error: [Errno 8] nodename nor servname provided, or not known

[2026-06-17 06:07:09] Processing 4120ea48-a5e0-498d-9542-c59748364c71.www317332b5-df31-4074-879d-61e94e96afa6.workers.devvdpkcwes.uuuauaaayyayayayyayay.webredirect.org
  - Error on attempt 1: Connection Timed Out

[2026-06-17 06:07:09] PERMANENTLY FAILED: 4120ea48-a5e0-498d-9542-c59748364c71.www317332b5-df31-4074-879d-61e94e96afa6.workers.devvdpkcwes.uuuauaaayyayayayyayay.webredirect.org
  - Attempts: 1/2
  - Final Error: Connection Timed Out

[2026-06-17 06:07:09] Processing vpn.nex2.com
  - Error on attempt 1: [SSL: TLSV1_UNRECOGNIZED_NAME] tlsv1 unrecognized name (_ssl.c:1006)

[2026-06-17 06:07:09] PERMANENTLY FAILED: vpn.nex2.com
  - Attempts: 1/2
  - Final Error: [SSL: TLSV1_UNRECOGNIZED_NAME] tlsv1 unrecognized name (_ssl.c:1006)

[2026-06-17 06:07:09] Processing ioqqjzimbra.ruddiman.co.uk
  - Error on attempt 1: Connection Timed Out

[2026-06-17 06:07:09] PERMANENTLY FAILED: ioqqjzimbra.ruddiman.co.uk
  - Attempts: 1/2
  - Final Error: Connection Timed Out

[2026-06-17 06:07:09] Processing rdweb.acrodynamics.org
  - Error on attempt 1: Connection Timed Out

[2026-06-17 06:07:09] PERMANENTLY FAILED: rdweb.acrodynamics.org
  - Attempts: 1/2
  - Final Error: Connection Timed Out

[2026-06-17 06:07:09] Processing a129b1994.4dcellfate.eu
  - Error on attempt 1: Connection Timed Out

[2026-06-17 06:07:09] PERMANENTLY FAILED: a129b1994.4dcellfate.eu
  - Attempts: 1/2
  - Final Error: Connection Timed Out

[2026-06-17 06:07:09] Processing admin.sitemap.cablecutting.ca
  - Error on attempt 1: [SSL: UNEXPECTED_EOF_WHILE_READING] EOF occurred in violation of protocol (_ssl.c:1006)

[2026-06-17 06:07:09] PERMANENTLY FAILED: admin.sitemap.cablecutting.ca
  - Attempts: 1/2
  - Final Error: [SSL: UNEXPECTED_EOF_WHILE_READING] EOF occurred in violation of protocol (_ssl.c:1006)

[2026-06-17 06:07:09] Processing dev.api.missingforms.com
  - Error on attempt 1: [SSL: TLSV1_ALERT_INTERNAL_ERROR] tlsv1 alert internal error (_ssl.c:1006)

[2026-06-17 06:07:09] PERMANENTLY FAILED: dev.api.missingforms.com
  - Attempts: 1/2
  - Final Error: [SSL: TLSV1_ALERT_INTERNAL_ERROR] tlsv1 alert internal error (_ssl.c:1006)

[2026-06-17 06:07:09] Processing test.hpjkzdyu.garnix.me
  - Error on attempt 1: [SSL: TLSV1_ALERT_INTERNAL_ERROR] tlsv1 alert internal error (_ssl.c:1006)

[2026-06-17 06:07:09] PERMANENTLY FAILED: test.hpjkzdyu.garnix.me
  - Attempts: 1/2
  - Final Error: [SSL: TLSV1_ALERT_INTERNAL_ERROR] tlsv1 alert internal error (_ssl.c:1006)

[2026-06-17 06:07:09] Processing konradkakraba1234.workers.dev
  - Error on attempt 1: [Errno 8] nodename nor servname provided, or not known

[2026-06-17 06:07:09] PERMANENTLY FAILED: konradkakraba1234.workers.dev
  - Attempts: 1/2
  - Final Error: [Errno 8] nodename nor servname provided, or not known

[2026-06-17 06:07:10] Processing api.dev.visual.almased.uk
  - Error on attempt 1: [Errno 8] nodename nor servname provided, or not known

[2026-06-17 06:07:10] PERMANENTLY FAILED: api.dev.visual.almased.uk
  - Attempts: 1/2
  - Final Error: [Errno 8] nodename nor servname provided, or not known

[2026-06-17 06:07:10] Processing ww25.rdp.nerflex.com
  - Error on attempt 1: [Errno 61] Connection refused

[2026-06-17 06:07:10] PERMANENTLY FAILED: ww25.rdp.nerflex.com
  - Attempts: 1/2
  - Final Error: [Errno 61] Connection refused

[2026-06-17 06:07:10] Processing vpn2.riems.com
  - Error on attempt 1: Connection Timed Out

[2026-06-17 06:07:10] PERMANENTLY FAILED: vpn2.riems.com
  - Attempts: 1/2
  - Final Error: Connection Timed Out

[2026-06-17 06:07:10] Processing staging.ctnamjuan.jobi.one
  - Error on attempt 1: Connection Timed Out

[2026-06-17 06:07:10] PERMANENTLY FAILED: staging.ctnamjuan.jobi.one
  - Attempts: 1/2
  - Final Error: Connection Timed Out

[2026-06-17 06:07:10] Processing a0c8eee9-8ad5-4b0a-a285-ccf504214681.solklar.com
  - Error on attempt 1: [Errno 8] nodename nor servname provided, or not known

[2026-06-17 06:07:10] PERMANENTLY FAILED: a0c8eee9-8ad5-4b0a-a285-ccf504214681.solklar.com
  - Attempts: 1/2
  - Final Error: [Errno 8] nodename nor servname provided, or not known

[2026-06-17 06:07:10] Processing mme-manma.com
  - Error on attempt 1: [Errno 8] nodename nor servname provided, or not known

[2026-06-17 06:07:10] PERMANENTLY FAILED: mme-manma.com
  - Attempts: 1/2
  - Final Error: [Errno 8] nodename nor servname provided, or not known

[2026-06-17 06:07:10] Processing test.smtp.lemotorsh.ir
  - Error on attempt 1: [Errno 8] nodename nor servname provided, or not known

[2026-06-17 06:07:10] PERMANENTLY FAILED: test.smtp.lemotorsh.ir
  - Attempts: 1/2
  - Final Error: [Errno 8] nodename nor servname provided, or not known

[2026-06-17 06:07:11] Processing apps.sebezh.com
  - Error on attempt 1: [Errno 8] nodename nor servname provided, or not known

[2026-06-17 06:07:11] PERMANENTLY FAILED: apps.sebezh.com
  - Attempts: 1/2
  - Final Error: [Errno 8] nodename nor servname provided, or not known

[2026-06-17 06:07:11] Processing 0498993f-81ce-4f16-99d3-7fd8ff539e12.hotelsinprague.net
  - Error on attempt 1: Connection Timed Out

[2026-06-17 06:07:11] PERMANENTLY FAILED: 0498993f-81ce-4f16-99d3-7fd8ff539e12.hotelsinprague.net
  - Attempts: 1/2
  - Final Error: Connection Timed Out

[2026-06-17 06:07:11] Processing test.beta.srv214-249.slsnd.com
  - Error on attempt 1: [Errno 61] Connection refused

[2026-06-17 06:07:11] PERMANENTLY FAILED: test.beta.srv214-249.slsnd.com
  - Attempts: 1/2
  - Final Error: [Errno 61] Connection refused

[2026-06-17 06:07:11] Processing cvyvivpn.matecrawler.com
  - Error on attempt 1: Connection Timed Out

[2026-06-17 06:07:11] PERMANENTLY FAILED: cvyvivpn.matecrawler.com
  - Attempts: 1/2
  - Final Error: Connection Timed Out

[2026-06-17 06:07:11] Processing www.www.www.housekeepinguniform.in
  - Error on attempt 1: [Errno 8] nodename nor servname provided, or not known

[2026-06-17 06:07:11] PERMANENTLY FAILED: www.www.www.housekeepinguniform.in
  - Attempts: 1/2
  - Final Error: [Errno 8] nodename nor servname provided, or not known

[2026-06-17 06:07:12] Processing admin.www.harengs.com
  - Error on attempt 1: Connection Timed Out

[2026-06-17 06:07:12] PERMANENTLY FAILED: admin.www.harengs.com
  - Attempts: 1/2
  - Final Error: Connection Timed Out

[2026-06-17 06:07:12] Processing akinde.online
  - Error on attempt 1: [Errno 8] nodename nor servname provided, or not known

[2026-06-17 06:07:12] PERMANENTLY FAILED: akinde.online
  - Attempts: 1/2
  - Final Error: [Errno 8] nodename nor servname provided, or not known

[2026-06-17 06:07:12] Processing recruitment1.click
  - Error on attempt 1: [Errno 8] nodename nor servname provided, or not known

[2026-06-17 06:07:12] PERMANENTLY FAILED: recruitment1.click
  - Attempts: 1/2
  - Final Error: [Errno 8] nodename nor servname provided, or not known

[2026-06-17 06:07:12] Processing auth.rationen.de
  - Error on attempt 1: Connection Timed Out

[2026-06-17 06:07:12] PERMANENTLY FAILED: auth.rationen.de
  - Attempts: 1/2
  - Final Error: Connection Timed Out

[2026-06-17 06:07:12] Processing be04ea84-15ad-4ab4-b905-5c6164aa0cea.ballmusical.com
  - Error on attempt 1: Connection Timed Out

[2026-06-17 06:07:12] PERMANENTLY FAILED: be04ea84-15ad-4ab4-b905-5c6164aa0cea.ballmusical.com
  - Attempts: 1/2
  - Final Error: Connection Timed Out

[2026-06-17 06:07:13] Processing trip2scan.top
  - Error on attempt 1: [Errno 8] nodename nor servname provided, or not known

[2026-06-17 06:07:13] PERMANENTLY FAILED: trip2scan.top
  - Attempts: 1/2
  - Final Error: [Errno 8] nodename nor servname provided, or not known

[2026-06-17 06:07:13] Processing egedenkurumsal.com
  - Error on attempt 1: [Errno 8] nodename nor servname provided, or not known

[2026-06-17 06:07:13] PERMANENTLY FAILED: egedenkurumsal.com
  - Attempts: 1/2
  - Final Error: [Errno 8] nodename nor servname provided, or not known

[2026-06-17 06:07:13] Processing dev.robotfloorcleaners.com
  - Error on attempt 1: Connection Timed Out

[2026-06-17 06:07:13] PERMANENTLY FAILED: dev.robotfloorcleaners.com
  - Attempts: 1/2
  - Final Error: Connection Timed Out

[2026-06-17 06:07:13] Processing cpanel.dev.musicteachertech.com
  - Error on attempt 1: [Errno 61] Connection refused

[2026-06-17 06:07:13] PERMANENTLY FAILED: cpanel.dev.musicteachertech.com
  - Attempts: 1/2
  - Final Error: [Errno 61] Connection refused

[2026-06-17 06:07:13] Processing web.icleanboats.com
  - Error on attempt 1: [SSL: TLSV1_ALERT_INTERNAL_ERROR] tlsv1 alert internal error (_ssl.c:1006)

[2026-06-17 06:07:13] PERMANENTLY FAILED: web.icleanboats.com
  - Attempts: 1/2
  - Final Error: [SSL: TLSV1_ALERT_INTERNAL_ERROR] tlsv1 alert internal error (_ssl.c:1006)

[2026-06-17 06:07:14] Processing painter-jobs-3hnpguala354.today
  - Error on attempt 1: [Errno 8] nodename nor servname provided, or not known

[2026-06-17 06:07:14] PERMANENTLY FAILED: painter-jobs-3hnpguala354.today
  - Attempts: 1/2
  - Final Error: [Errno 8] nodename nor servname provided, or not known

[2026-06-17 06:07:14] Processing staging.app.flunkwizard.org
  - Error on attempt 1: [Errno 8] nodename nor servname provided, or not known

[2026-06-17 06:07:14] PERMANENTLY FAILED: staging.app.flunkwizard.org
  - Attempts: 1/2
  - Final Error: [Errno 8] nodename nor servname provided, or not known

[2026-06-17 06:07:14] Processing dev.www.comoe.decomomjfufgbglqg.beta.h2775398.stratoserver.net
  - Error on attempt 1: [SSL: TLSV1_UNRECOGNIZED_NAME] tlsv1 unrecognized name (_ssl.c:1006)

[2026-06-17 06:07:14] PERMANENTLY FAILED: dev.www.comoe.decomomjfufgbglqg.beta.h2775398.stratoserver.net
  - Attempts: 1/2
  - Final Error: [SSL: TLSV1_UNRECOGNIZED_NAME] tlsv1 unrecognized name (_ssl.c:1006)

[2026-06-17 06:07:14] Processing adm.bestorcasinos.com
  - Error on attempt 1: Connection Timed Out

[2026-06-17 06:07:14] PERMANENTLY FAILED: adm.bestorcasinos.com
  - Attempts: 1/2
  - Final Error: Connection Timed Out

[2026-06-17 06:07:14] Processing livzen.site
  - Error on attempt 1: [Errno 8] nodename nor servname provided, or not known

[2026-06-17 06:07:14] PERMANENTLY FAILED: livzen.site
  - Attempts: 1/2
  - Final Error: [Errno 8] nodename nor servname provided, or not known

[2026-06-17 06:07:15] Processing 602232a9ec5506c7fac60719d0fd063450f02.id.ui.direct
  - Error on attempt 1: [Errno 8] nodename nor servname provided, or not known

[2026-06-17 06:07:15] PERMANENTLY FAILED: 602232a9ec5506c7fac60719d0fd063450f02.id.ui.direct
  - Attempts: 1/2
  - Final Error: [Errno 8] nodename nor servname provided, or not known

[2026-06-17 06:07:15] Processing autodiscover.deustchland.de
  - Error on attempt 1: Connection Timed Out

[2026-06-17 06:07:15] PERMANENTLY FAILED: autodiscover.deustchland.de
  - Attempts: 1/2
  - Final Error: Connection Timed Out

[2026-06-17 06:07:15] Processing dev.luciestyle.starac2007.com
  - Error on attempt 1: [Errno 8] nodename nor servname provided, or not known

[2026-06-17 06:07:15] PERMANENTLY FAILED: dev.luciestyle.starac2007.com
  - Attempts: 1/2
  - Final Error: [Errno 8] nodename nor servname provided, or not known

[2026-06-17 06:07:15] Processing vmi2995681.contaboserver.net
  - Error on attempt 1: [Errno 8] nodename nor servname provided, or not known

[2026-06-17 06:07:15] PERMANENTLY FAILED: vmi2995681.contaboserver.net
  - Attempts: 1/2
  - Final Error: [Errno 8] nodename nor servname provided, or not known

[2026-06-17 06:07:15] Processing emjrzwco.mpm.ro
  - Error on attempt 1: Connection Timed Out

[2026-06-17 06:07:15] PERMANENTLY FAILED: emjrzwco.mpm.ro
  - Attempts: 1/2
  - Final Error: Connection Timed Out

[2026-06-17 06:07:15] Processing chikungunyavirusnet.com
  - Error on attempt 1: [Errno 54] Connection reset by peer

[2026-06-17 06:07:15] PERMANENTLY FAILED: chikungunyavirusnet.com
  - Attempts: 1/2
  - Final Error: [Errno 54] Connection reset by peer

[2026-06-17 06:07:15] Processing ww25.officialmemberssoftheilluminati.site
  - Error on attempt 1: [Errno 8] nodename nor servname provided, or not known

[2026-06-17 06:07:15] PERMANENTLY FAILED: ww25.officialmemberssoftheilluminati.site
  - Attempts: 1/2
  - Final Error: [Errno 8] nodename nor servname provided, or not known

[2026-06-17 06:07:16] Processing ww25.dxb-gr.hyperstack.tech
  - Error on attempt 1: [Errno 8] nodename nor servname provided, or not known

[2026-06-17 06:07:16] PERMANENTLY FAILED: ww25.dxb-gr.hyperstack.tech
  - Attempts: 1/2
  - Final Error: [Errno 8] nodename nor servname provided, or not known

[2026-06-17 06:07:16] Processing marinajoseluis.es
  - Error on attempt 1: Connection Timed Out

[2026-06-17 06:07:16] PERMANENTLY FAILED: marinajoseluis.es
  - Attempts: 1/2
  - Final Error: Connection Timed Out

[2026-06-17 06:07:16] Processing edgar.vilotti.com
  - Error on attempt 1: [Errno 8] nodename nor servname provided, or not known

[2026-06-17 06:07:16] PERMANENTLY FAILED: edgar.vilotti.com
  - Attempts: 1/2
  - Final Error: [Errno 8] nodename nor servname provided, or not known

[2026-06-17 06:07:16] Processing subbs.e2e-wildcard-yyhos.apps-ci-e2e.appplatform.dev
  - Error on attempt 1: [Errno 8] nodename nor servname provided, or not known

[2026-06-17 06:07:16] PERMANENTLY FAILED: subbs.e2e-wildcard-yyhos.apps-ci-e2e.appplatform.dev
  - Attempts: 1/2
  - Final Error: [Errno 8] nodename nor servname provided, or not known

[2026-06-17 06:07:16] Processing wqrsnkap.seminolesherrif.org
  - Error on attempt 1: [Errno 61] Connection refused

[2026-06-17 06:07:16] PERMANENTLY FAILED: wqrsnkap.seminolesherrif.org
  - Attempts: 1/2
  - Final Error: [Errno 61] Connection refused

[2026-06-17 06:07:16] Processing 126853df-7508-4d3a-bc0a-06b600466540.hotelsinprague.net
  - Error on attempt 1: Connection Timed Out

[2026-06-17 06:07:16] PERMANENTLY FAILED: 126853df-7508-4d3a-bc0a-06b600466540.hotelsinprague.net
  - Attempts: 1/2
  - Final Error: Connection Timed Out

[2026-06-17 06:07:16] Processing admin.ctnamjuan.jobi.one
  - Error on attempt 1: Connection Timed Out

[2026-06-17 06:07:16] PERMANENTLY FAILED: admin.ctnamjuan.jobi.one
  - Attempts: 1/2
  - Final Error: Connection Timed Out

[2026-06-17 06:07:16] Processing ericksonchev.com
  - Error on attempt 1: [Errno 8] nodename nor servname provided, or not known

[2026-06-17 06:07:16] PERMANENTLY FAILED: ericksonchev.com
  - Attempts: 1/2
  - Final Error: [Errno 8] nodename nor servname provided, or not known

[2026-06-17 06:07:17] Processing trush.1988.at
  - Error on attempt 1: Connection Timed Out

[2026-06-17 06:07:17] PERMANENTLY FAILED: trush.1988.at
  - Attempts: 1/2
  - Final Error: Connection Timed Out

[2026-06-17 06:07:17] Processing tf-test-my-instance63tb4nri10-653407317329-git.us-central1.sourcemanager.dev
  - Error on attempt 1: [Errno 8] nodename nor servname provided, or not known

[2026-06-17 06:07:17] PERMANENTLY FAILED: tf-test-my-instance63tb4nri10-653407317329-git.us-central1.sourcemanager.dev
  - Attempts: 1/2
  - Final Error: [Errno 8] nodename nor servname provided, or not known

[2026-06-17 06:07:17] Processing german.sex-contacto.com
  - Error on attempt 1: Connection Timed Out

[2026-06-17 06:07:17] PERMANENTLY FAILED: german.sex-contacto.com
  - Attempts: 1/2
  - Final Error: Connection Timed Out

[2026-06-17 06:07:18] Processing gqfldredirect.bestorcasinos.com
  - Error on attempt 1: Connection Timed Out

[2026-06-17 06:07:18] PERMANENTLY FAILED: gqfldredirect.bestorcasinos.com
  - Attempts: 1/2
  - Final Error: Connection Timed Out

[2026-06-17 06:07:18] Processing gp.relaxaaifofa.com
  - Error on attempt 1: Connection Timed Out

[2026-06-17 06:07:18] PERMANENTLY FAILED: gp.relaxaaifofa.com
  - Attempts: 1/2
  - Final Error: Connection Timed Out

[2026-06-17 06:07:18] Processing infinitiofwestchester.com
  - Error on attempt 1: Connection Timed Out

[2026-06-17 06:07:18] PERMANENTLY FAILED: infinitiofwestchester.com
  - Attempts: 1/2
  - Final Error: Connection Timed Out

[2026-06-17 06:07:18] Processing api.rationen.de
  - Error on attempt 1: Connection Timed Out

[2026-06-17 06:07:18] PERMANENTLY FAILED: api.rationen.de
  - Attempts: 1/2
  - Final Error: Connection Timed Out

[2026-06-17 06:07:21] Processing sslvpn.ruddiman.co.uk
  - Error on attempt 1: Connection Timed Out

[2026-06-17 06:07:21] PERMANENTLY FAILED: sslvpn.ruddiman.co.uk
  - Attempts: 1/2
  - Final Error: Connection Timed Out

[2026-06-17 06:07:21] Processing iwe079.direct.quickconnect.to
  - Error on attempt 1: Connection Timed Out

[2026-06-17 06:07:21] PERMANENTLY FAILED: iwe079.direct.quickconnect.to
  - Attempts: 1/2
  - Final Error: Connection Timed Out

[2026-06-17 06:07:21] Processing mailin.matecrawler.com
  - Error on attempt 1: Connection Timed Out

[2026-06-17 06:07:21] PERMANENTLY FAILED: mailin.matecrawler.com
  - Attempts: 1/2
  - Final Error: Connection Timed Out

[2026-06-17 06:07:21] Processing ildcard.riems.com
  - Error on attempt 1: Connection Timed Out

[2026-06-17 06:07:21] PERMANENTLY FAILED: ildcard.riems.com
  - Attempts: 1/2
  - Final Error: Connection Timed Out

[2026-06-17 06:07:23] Processing ww5.wwwccsnotice.com
  - Error on attempt 1: Connection Timed Out

[2026-06-17 06:07:23] PERMANENTLY FAILED: ww5.wwwccsnotice.com
  - Attempts: 1/2
  - Final Error: Connection Timed Out

[2026-06-17 06:07:23] Processing staging.splitdecisionmma.info
  - Error on attempt 1: Connection Timed Out

[2026-06-17 06:07:23] PERMANENTLY FAILED: staging.splitdecisionmma.info
  - Attempts: 1/2
  - Final Error: Connection Timed Out

[2026-06-17 06:07:23] Processing api.api.astrosmartanalytics.sbs
  - Error on attempt 1: Connection Timed Out

[2026-06-17 06:07:23] PERMANENTLY FAILED: api.api.astrosmartanalytics.sbs
  - Attempts: 1/2
  - Final Error: Connection Timed Out

[2026-06-17 06:07:24] Processing mta-sts.matecrawler.com
  - Error on attempt 1: Connection Timed Out

[2026-06-17 06:07:24] PERMANENTLY FAILED: mta-sts.matecrawler.com
  - Attempts: 1/2
  - Final Error: Connection Timed Out

[2026-06-17 06:07:24] Processing architecte.finance
  - Error on attempt 1: Connection Timed Out

[2026-06-17 06:07:24] PERMANENTLY FAILED: architecte.finance
  - Attempts: 1/2
  - Final Error: Connection Timed Out

[2026-06-17 06:07:25] Processing clemnas-rgsft.direct.quickconnect.to
  - Error on attempt 1: Connection Timed Out

[2026-06-17 06:07:25] PERMANENTLY FAILED: clemnas-rgsft.direct.quickconnect.to
  - Attempts: 1/2
  - Final Error: Connection Timed Out

[2026-06-17 06:07:25] Processing bilhikmah.com
  - Error on attempt 1: Connection Timed Out

[2026-06-17 06:07:25] PERMANENTLY FAILED: bilhikmah.com
  - Attempts: 1/2
  - Final Error: Connection Timed Out

[2026-06-17 06:07:25] Processing 4b120591.sni.cloudflaressl.com
  - Error on attempt 1: [SSL: SSLV3_ALERT_HANDSHAKE_FAILURE] ssl/tls alert handshake failure (_ssl.c:1006)

[2026-06-17 06:07:25] PERMANENTLY FAILED: 4b120591.sni.cloudflaressl.com
  - Attempts: 1/2
  - Final Error: [SSL: SSLV3_ALERT_HANDSHAKE_FAILURE] ssl/tls alert handshake failure (_ssl.c:1006)

[2026-06-17 06:07:25] Processing test.app.goldenfoodco.com
  - Error on attempt 1: [Errno 8] nodename nor servname provided, or not known

[2026-06-17 06:07:25] PERMANENTLY FAILED: test.app.goldenfoodco.com
  - Attempts: 1/2
  - Final Error: [Errno 8] nodename nor servname provided, or not known

[2026-06-17 06:07:26] Processing dev.api.banche.sbs
  - Error on attempt 1: Connection Timed Out

[2026-06-17 06:07:26] PERMANENTLY FAILED: dev.api.banche.sbs
  - Attempts: 1/2
  - Final Error: Connection Timed Out

[2026-06-17 06:07:26] Processing prestashop.bestorcasinos.com
  - Error on attempt 1: Connection Timed Out

[2026-06-17 06:07:26] PERMANENTLY FAILED: prestashop.bestorcasinos.com
  - Attempts: 1/2
  - Final Error: Connection Timed Out

[2026-06-17 06:07:26] Processing ssl.myhousingforall.org
  - Error on attempt 1: Connection Timed Out

[2026-06-17 06:07:26] PERMANENTLY FAILED: ssl.myhousingforall.org
  - Attempts: 1/2
  - Final Error: Connection Timed Out

[2026-06-17 06:07:26] Processing test.app.hselearning.com
  - Error on attempt 1: Connection Timed Out

[2026-06-17 06:07:26] PERMANENTLY FAILED: test.app.hselearning.com
  - Attempts: 1/2
  - Final Error: Connection Timed Out

[2026-06-17 06:07:26] Processing qblog.eu.org
  - Error on attempt 1: [Errno 8] nodename nor servname provided, or not known

[2026-06-17 06:07:26] PERMANENTLY FAILED: qblog.eu.org
  - Attempts: 1/2
  - Final Error: [Errno 8] nodename nor servname provided, or not known

[2026-06-17 06:07:27] Processing test.wwwcom.nip.iofufgbglqg.beta.h2775398.stratoserver.net
  - Error on attempt 1: Connection Timed Out

[2026-06-17 06:07:27] PERMANENTLY FAILED: test.wwwcom.nip.iofufgbglqg.beta.h2775398.stratoserver.net
  - Attempts: 1/2
  - Final Error: Connection Timed Out

[2026-06-17 06:07:27] Processing 4634dbc6-79d1-4e88-83c4-858577163862.heiztarif.de
  - Error on attempt 1: Connection Timed Out

[2026-06-17 06:07:27] PERMANENTLY FAILED: 4634dbc6-79d1-4e88-83c4-858577163862.heiztarif.de
  - Attempts: 1/2
  - Final Error: Connection Timed Out

[2026-06-17 06:07:27] Processing telemetry-proxy.intense-cliffs-7149.herokuspace.com
  - Error on attempt 1: [Errno 8] nodename nor servname provided, or not known

[2026-06-17 06:07:27] PERMANENTLY FAILED: telemetry-proxy.intense-cliffs-7149.herokuspace.com
  - Attempts: 1/2
  - Final Error: [Errno 8] nodename nor servname provided, or not known

[2026-06-17 06:07:27] Processing grafana-ops-ep-sg.overseasops.com
  - Error on attempt 1: [Errno 8] nodename nor servname provided, or not known

[2026-06-17 06:07:27] PERMANENTLY FAILED: grafana-ops-ep-sg.overseasops.com
  - Attempts: 1/2
  - Final Error: [Errno 8] nodename nor servname provided, or not known

[2026-06-17 06:07:27] Processing gardenforecast.us
  - Error on attempt 1: Connection Timed Out

[2026-06-17 06:07:27] PERMANENTLY FAILED: gardenforecast.us
  - Attempts: 1/2
  - Final Error: Connection Timed Out

[2026-06-17 06:07:27] Processing corporatestrategy.sbs
  - Error on attempt 1: [Errno 8] nodename nor servname provided, or not known

[2026-06-17 06:07:27] PERMANENTLY FAILED: corporatestrategy.sbs
  - Attempts: 1/2
  - Final Error: [Errno 8] nodename nor servname provided, or not known

[2026-06-17 06:07:27] Processing motornetics.com
  - Error on attempt 1: Connection Timed Out

[2026-06-17 06:07:27] PERMANENTLY FAILED: motornetics.com
  - Attempts: 1/2
  - Final Error: Connection Timed Out

[2026-06-17 06:07:28] Processing pfl1.aquariders.net
  - Error on attempt 1: [Errno 8] nodename nor servname provided, or not known

[2026-06-17 06:07:28] PERMANENTLY FAILED: pfl1.aquariders.net
  - Attempts: 1/2
  - Final Error: [Errno 8] nodename nor servname provided, or not known

[2026-06-17 06:07:28] Processing ww25.app.gmfinantial.com
  - Error on attempt 1: [Errno 8] nodename nor servname provided, or not known

[2026-06-17 06:07:28] PERMANENTLY FAILED: ww25.app.gmfinantial.com
  - Attempts: 1/2
  - Final Error: [Errno 8] nodename nor servname provided, or not known

[2026-06-17 06:07:29] Processing hoppowy.com
  - Error on attempt 1: [Errno 8] nodename nor servname provided, or not known

[2026-06-17 06:07:29] PERMANENTLY FAILED: hoppowy.com
  - Attempts: 1/2
  - Final Error: [Errno 8] nodename nor servname provided, or not known

[2026-06-17 06:07:35] Processing solarmicroinverters.com
  - Error on attempt 1: Connection Timed Out

[2026-06-17 06:07:35] PERMANENTLY FAILED: solarmicroinverters.com
  - Attempts: 1/2
  - Final Error: Connection Timed Out

[2026-06-17 06:07:35] Processing patient-splendor-8b6fed4e89.strapiapp.com
  - Error on attempt 1: [SSL: SSLV3_ALERT_HANDSHAKE_FAILURE] ssl/tls alert handshake failure (_ssl.c:1006)

[2026-06-17 06:07:35] PERMANENTLY FAILED: patient-splendor-8b6fed4e89.strapiapp.com
  - Attempts: 1/2
  - Final Error: [SSL: SSLV3_ALERT_HANDSHAKE_FAILURE] ssl/tls alert handshake failure (_ssl.c:1006)

[2026-06-17 06:07:35] Processing ww17.firstmarkservices.org
  - Error on attempt 1: Connection Timed Out

[2026-06-17 06:07:35] PERMANENTLY FAILED: ww17.firstmarkservices.org
  - Attempts: 1/2
  - Final Error: Connection Timed Out

[2026-06-17 06:07:35] Processing aducargo.es
  - Error on attempt 1: Connection Timed Out

[2026-06-17 06:07:35] PERMANENTLY FAILED: aducargo.es
  - Attempts: 1/2
  - Final Error: Connection Timed Out

[2026-06-17 06:07:36] Processing localhost.premiereagent.com
  - Error on attempt 1: Connection Timed Out

[2026-06-17 06:07:36] PERMANENTLY FAILED: localhost.premiereagent.com
  - Attempts: 1/2
  - Final Error: Connection Timed Out

[2026-06-17 06:07:36] Processing links.esengenharia.com
  - Error on attempt 1: Connection Timed Out

[2026-06-17 06:07:36] PERMANENTLY FAILED: links.esengenharia.com
  - Attempts: 1/2
  - Final Error: Connection Timed Out

[2026-06-17 06:07:36] Processing ww17.superset.jefferequine.com
  - Error on attempt 1: Connection Timed Out

[2026-06-17 06:07:36] PERMANENTLY FAILED: ww17.superset.jefferequine.com
  - Attempts: 1/2
  - Final Error: Connection Timed Out

[2026-06-17 06:07:36] Processing moso.cn.com
  - Error on attempt 1: Connection Timed Out

[2026-06-17 06:07:36] PERMANENTLY FAILED: moso.cn.com
  - Attempts: 1/2
  - Final Error: Connection Timed Out

[2026-06-17 06:07:36] Processing eposta.domainedirect.co.uk
  - Error on attempt 1: Connection Timed Out

[2026-06-17 06:07:36] PERMANENTLY FAILED: eposta.domainedirect.co.uk
  - Attempts: 1/2
  - Final Error: Connection Timed Out

[2026-06-17 06:07:36] Processing staging.wwwfhoyksberbank.lozhka.avito.gold90.weblly.com
  - Error on attempt 1: Connection Timed Out

[2026-06-17 06:07:36] PERMANENTLY FAILED: staging.wwwfhoyksberbank.lozhka.avito.gold90.weblly.com
  - Attempts: 1/2
  - Final Error: Connection Timed Out

[2026-06-17 06:07:36] Processing staging.cryptovanta.cfd
  - Error on attempt 1: Connection Timed Out

[2026-06-17 06:07:36] PERMANENTLY FAILED: staging.cryptovanta.cfd
  - Attempts: 1/2
  - Final Error: Connection Timed Out

[2026-06-17 06:07:37] Processing webdisk.premiereagent.com
  - Error on attempt 1: Connection Timed Out

[2026-06-17 06:07:37] PERMANENTLY FAILED: webdisk.premiereagent.com
  - Attempts: 1/2
  - Final Error: Connection Timed Out

[2026-06-17 06:07:37] Processing ladyfan.com
  - Error on attempt 1: Connection Timed Out

[2026-06-17 06:07:37] PERMANENTLY FAILED: ladyfan.com
  - Attempts: 1/2
  - Final Error: Connection Timed Out

[2026-06-17 06:07:37] Processing preprod-viz.dealsonammo.com
  - Error on attempt 1: Connection Timed Out

[2026-06-17 06:07:37] PERMANENTLY FAILED: preprod-viz.dealsonammo.com
  - Attempts: 1/2
  - Final Error: Connection Timed Out

[2026-06-17 06:07:37] Processing 8c42ae46-eb7d-484f-be9b-17ac648d2a5f.deustchland.de
  - Error on attempt 1: Connection Timed Out

[2026-06-17 06:07:37] PERMANENTLY FAILED: 8c42ae46-eb7d-484f-be9b-17ac648d2a5f.deustchland.de
  - Attempts: 1/2
  - Final Error: Connection Timed Out

[2026-06-17 06:07:38] Processing f70f03d0-9f95-4550-b6d1-3d8add8c4110.hup.es
  - Error on attempt 1: Connection Timed Out

[2026-06-17 06:07:38] PERMANENTLY FAILED: f70f03d0-9f95-4550-b6d1-3d8add8c4110.hup.es
  - Attempts: 1/2
  - Final Error: Connection Timed Out

[2026-06-17 06:07:38] Processing enovativemarketing.com
  - Error on attempt 1: Connection Timed Out

[2026-06-17 06:07:38] PERMANENTLY FAILED: enovativemarketing.com
  - Attempts: 1/2
  - Final Error: Connection Timed Out

[2026-06-17 06:07:38] Processing admin.app.hubcompanymap.com
  - Error on attempt 1: [Errno 8] nodename nor servname provided, or not known

[2026-06-17 06:07:38] PERMANENTLY FAILED: admin.app.hubcompanymap.com
  - Attempts: 1/2
  - Final Error: [Errno 8] nodename nor servname provided, or not known

[2026-06-17 06:07:38] Processing admin.www.buaud1.wls1.com
  - Error on attempt 1: Connection Timed Out

[2026-06-17 06:07:38] PERMANENTLY FAILED: admin.www.buaud1.wls1.com
  - Attempts: 1/2
  - Final Error: Connection Timed Out

[2026-06-17 06:07:38] Processing ns1.pklfotografia.com
  - Error on attempt 1: Connection Timed Out

[2026-06-17 06:07:38] PERMANENTLY FAILED: ns1.pklfotografia.com
  - Attempts: 1/2
  - Final Error: Connection Timed Out

[2026-06-17 06:07:38] Processing ethos42-prod-va7.ethos.adobe.net
  - Error on attempt 1: Connection Timed Out

[2026-06-17 06:07:38] PERMANENTLY FAILED: ethos42-prod-va7.ethos.adobe.net
  - Attempts: 1/2
  - Final Error: Connection Timed Out

[2026-06-17 06:07:38] Processing ww17.ww6.samaratanspurse.org
  - Error on attempt 1: Connection Timed Out

[2026-06-17 06:07:38] PERMANENTLY FAILED: ww17.ww6.samaratanspurse.org
  - Attempts: 1/2
  - Final Error: Connection Timed Out

[2026-06-17 06:07:39] Processing sso.tidlundfoundation.com
  - Error on attempt 1: Connection Timed Out

[2026-06-17 06:07:39] PERMANENTLY FAILED: sso.tidlundfoundation.com
  - Attempts: 1/2
  - Final Error: Connection Timed Out

[2026-06-17 06:07:39] Processing abcsteel.at
  - Error on attempt 1: Connection Timed Out

[2026-06-17 06:07:39] PERMANENTLY FAILED: abcsteel.at
  - Attempts: 1/2
  - Final Error: Connection Timed Out

[2026-06-17 06:07:39] Processing communitypropertymanagementcorporation.com
  - Error on attempt 1: Connection Timed Out

[2026-06-17 06:07:39] PERMANENTLY FAILED: communitypropertymanagementcorporation.com
  - Attempts: 1/2
  - Final Error: Connection Timed Out

[2026-06-17 06:07:40] Processing admin.app.hitechfa.org
  - Error on attempt 1: [Errno 8] nodename nor servname provided, or not known

[2026-06-17 06:07:40] PERMANENTLY FAILED: admin.app.hitechfa.org
  - Attempts: 1/2
  - Final Error: [Errno 8] nodename nor servname provided, or not known

[2026-06-17 06:07:40] Processing airductcleaningarvin.com
  - Error on attempt 1: Connection Timed Out

[2026-06-17 06:07:40] PERMANENTLY FAILED: airductcleaningarvin.com
  - Attempts: 1/2
  - Final Error: Connection Timed Out

[2026-06-17 06:07:40] Processing sonosc.com
  - Error on attempt 1: Connection Timed Out

[2026-06-17 06:07:40] PERMANENTLY FAILED: sonosc.com
  - Attempts: 1/2
  - Final Error: Connection Timed Out

[2026-06-17 06:07:40] Processing gnaddwww.ibatech.com.tr
  - Error on attempt 1: [Errno 8] nodename nor servname provided, or not known

[2026-06-17 06:07:40] PERMANENTLY FAILED: gnaddwww.ibatech.com.tr
  - Attempts: 1/2
  - Final Error: [Errno 8] nodename nor servname provided, or not known

[2026-06-17 06:07:41] Processing casemonster.bg
  - Error on attempt 1: Connection Timed Out

[2026-06-17 06:07:41] PERMANENTLY FAILED: casemonster.bg
  - Attempts: 1/2
  - Final Error: Connection Timed Out

[2026-06-17 06:07:42] Processing consumerunifiedagency.com
  - Error on attempt 1: Connection Timed Out

[2026-06-17 06:07:42] PERMANENTLY FAILED: consumerunifiedagency.com
  - Attempts: 1/2
  - Final Error: Connection Timed Out

[2026-06-17 06:07:46] Processing lemanai.fun
  - Error on attempt 1: [Errno 8] nodename nor servname provided, or not known

[2026-06-17 06:07:46] PERMANENTLY FAILED: lemanai.fun
  - Attempts: 1/2
  - Final Error: [Errno 8] nodename nor servname provided, or not known

[2026-06-17 06:07:46] Processing runeheroes.com
  - Error on attempt 1: Connection Timed Out

[2026-06-17 06:07:46] PERMANENTLY FAILED: runeheroes.com
  - Attempts: 1/2
  - Final Error: Connection Timed Out

[2026-06-17 06:07:47] Processing api.browniesenco.com
  - Error on attempt 1: [Errno 8] nodename nor servname provided, or not known

[2026-06-17 06:07:47] PERMANENTLY FAILED: api.browniesenco.com
  - Attempts: 1/2
  - Final Error: [Errno 8] nodename nor servname provided, or not known

[2026-06-17 06:07:48] Processing sitemap.hellseher-online.de
  - Error on attempt 1: Connection Timed Out

[2026-06-17 06:07:48] PERMANENTLY FAILED: sitemap.hellseher-online.de
  - Attempts: 1/2
  - Final Error: Connection Timed Out

[2026-06-17 06:07:48] Processing admin.www.hehehe.jobi.one
  - Error on attempt 1: Connection Timed Out

[2026-06-17 06:07:48] PERMANENTLY FAILED: admin.www.hehehe.jobi.one
  - Attempts: 1/2
  - Final Error: Connection Timed Out

[2026-06-17 06:07:48] Processing ogrekind.com
  - Error on attempt 1: Connection Timed Out

[2026-06-17 06:07:48] PERMANENTLY FAILED: ogrekind.com
  - Attempts: 1/2
  - Final Error: Connection Timed Out

[2026-06-17 06:07:48] Processing pipeline.gardensupplybayarea.com
  - Error on attempt 1: Connection Timed Out

[2026-06-17 06:07:48] PERMANENTLY FAILED: pipeline.gardensupplybayarea.com
  - Attempts: 1/2
  - Final Error: Connection Timed Out

[2026-06-17 06:07:49] Processing shibahonpo.jp
  - Error on attempt 1: Connection Timed Out

[2026-06-17 06:07:49] PERMANENTLY FAILED: shibahonpo.jp
  - Attempts: 1/2
  - Final Error: Connection Timed Out

[2026-06-17 06:07:49] Processing inspiredalternatives.com
  - Error on attempt 1: [Errno 8] nodename nor servname provided, or not known

[2026-06-17 06:07:49] PERMANENTLY FAILED: inspiredalternatives.com
  - Attempts: 1/2
  - Final Error: [Errno 8] nodename nor servname provided, or not known

[2026-06-17 06:07:49] Processing ctajqtfxltinside.hup.es
  - Error on attempt 1: Connection Timed Out

[2026-06-17 06:07:49] PERMANENTLY FAILED: ctajqtfxltinside.hup.es
  - Attempts: 1/2
  - Final Error: Connection Timed Out

[2026-06-17 06:07:49] Processing ldap.rachidi.de
  - Error on attempt 1: Connection Timed Out

[2026-06-17 06:07:49] PERMANENTLY FAILED: ldap.rachidi.de
  - Attempts: 1/2
  - Final Error: Connection Timed Out

[2026-06-17 06:07:49] Processing oceancountylibrary.com
  - Error on attempt 1: Connection Timed Out

[2026-06-17 06:07:49] PERMANENTLY FAILED: oceancountylibrary.com
  - Attempts: 1/2
  - Final Error: Connection Timed Out

[2026-06-17 06:07:49] Processing sci.hup.es
  - Error on attempt 1: Connection Timed Out

[2026-06-17 06:07:49] PERMANENTLY FAILED: sci.hup.es
  - Attempts: 1/2
  - Final Error: Connection Timed Out

[2026-06-17 06:07:50] Processing fortbendbuzz.com
  - Error on attempt 1: Connection Timed Out

[2026-06-17 06:07:50] PERMANENTLY FAILED: fortbendbuzz.com
  - Attempts: 1/2
  - Final Error: Connection Timed Out

[2026-06-17 06:07:50] Processing ws-climatecnica.cl.protecnus.com
  - Error on attempt 1: Connection Timed Out

[2026-06-17 06:07:50] PERMANENTLY FAILED: ws-climatecnica.cl.protecnus.com
  - Attempts: 1/2
  - Final Error: Connection Timed Out

[2026-06-17 06:07:50] Processing staging.lsqbuciw.uuuauaaayyayayayyayay.webredirect.org
  - Error on attempt 1: Connection Timed Out

[2026-06-17 06:07:50] PERMANENTLY FAILED: staging.lsqbuciw.uuuauaaayyayayayyayay.webredirect.org
  - Attempts: 1/2
  - Final Error: Connection Timed Out

[2026-06-17 06:07:51] Processing xcb.didacta.it
  - Error on attempt 1: Connection Timed Out

[2026-06-17 06:07:51] PERMANENTLY FAILED: xcb.didacta.it
  - Attempts: 1/2
  - Final Error: Connection Timed Out

[2026-06-17 06:07:51] Processing designerelectricfireplaces.com
  - Error on attempt 1: Connection Timed Out

[2026-06-17 06:07:51] PERMANENTLY FAILED: designerelectricfireplaces.com
  - Attempts: 1/2
  - Final Error: Connection Timed Out

[2026-06-17 06:07:52] Processing film-foundation.org
  - Error on attempt 1: Connection Timed Out

[2026-06-17 06:07:52] PERMANENTLY FAILED: film-foundation.org
  - Attempts: 1/2
  - Final Error: Connection Timed Out

[2026-06-17 06:07:53] Processing members.pizzeriaguiden.se
  - Error on attempt 1: Connection Timed Out

[2026-06-17 06:07:53] PERMANENTLY FAILED: members.pizzeriaguiden.se
  - Attempts: 1/2
  - Final Error: Connection Timed Out

[2026-06-17 06:07:55] Processing pimentaexpansao.com.br
  - Error on attempt 1: [Errno 8] nodename nor servname provided, or not known

[2026-06-17 06:07:55] PERMANENTLY FAILED: pimentaexpansao.com.br
  - Attempts: 1/2
  - Final Error: [Errno 8] nodename nor servname provided, or not known

[2026-06-17 06:07:56] Processing 4961eee50bc24273a7e12ecaee458ae4.int.ae.cc.arc.azure.net
  - Error on attempt 1: Connection Timed Out

[2026-06-17 06:07:56] PERMANENTLY FAILED: 4961eee50bc24273a7e12ecaee458ae4.int.ae.cc.arc.azure.net
  - Attempts: 1/2
  - Final Error: Connection Timed Out

[2026-06-17 06:07:56] Processing www168df056-b8ce-448a-9848-b9de8aa0a8a4.workers.devantonlinebanking.mysrtick.insightandsound.co.uk
  - Error on attempt 1: Connection Timed Out

[2026-06-17 06:07:56] PERMANENTLY FAILED: www168df056-b8ce-448a-9848-b9de8aa0a8a4.workers.devantonlinebanking.mysrtick.insightandsound.co.uk
  - Attempts: 1/2
  - Final Error: Connection Timed Out

[2026-06-17 06:07:57] Processing aa4a9e80.sni.cloudflaressl.com
  - Error on attempt 1: [SSL: SSLV3_ALERT_HANDSHAKE_FAILURE] ssl/tls alert handshake failure (_ssl.c:1006)

[2026-06-17 06:07:57] PERMANENTLY FAILED: aa4a9e80.sni.cloudflaressl.com
  - Attempts: 1/2
  - Final Error: [SSL: SSLV3_ALERT_HANDSHAKE_FAILURE] ssl/tls alert handshake failure (_ssl.c:1006)

[2026-06-17 06:07:57] Processing rideanddiscover.co.uk
  - Error on attempt 1: [Errno 8] nodename nor servname provided, or not known

[2026-06-17 06:07:57] PERMANENTLY FAILED: rideanddiscover.co.uk
  - Attempts: 1/2
  - Final Error: [Errno 8] nodename nor servname provided, or not known

[2026-06-17 06:07:57] Processing kuuailianss.com.cn
  - Error on attempt 1: Connection Timed Out

[2026-06-17 06:07:57] PERMANENTLY FAILED: kuuailianss.com.cn
  - Attempts: 1/2
  - Final Error: Connection Timed Out

[2026-06-17 06:07:57] Processing 5292bdeaff1a19f.intcloud.azurecertificateservice.azure-int.net
  - Error on attempt 1: [Errno 8] nodename nor servname provided, or not known

[2026-06-17 06:07:57] PERMANENTLY FAILED: 5292bdeaff1a19f.intcloud.azurecertificateservice.azure-int.net
  - Attempts: 1/2
  - Final Error: [Errno 8] nodename nor servname provided, or not known

[2026-06-17 06:07:58] Processing eb01.aroundthe505.com
  - Error on attempt 1: Connection Timed Out

[2026-06-17 06:07:58] PERMANENTLY FAILED: eb01.aroundthe505.com
  - Attempts: 1/2
  - Final Error: Connection Timed Out

[2026-06-17 06:07:58] Processing toreuyar.workers.dev
  - Error on attempt 1: [Errno 8] nodename nor servname provided, or not known

[2026-06-17 06:07:58] PERMANENTLY FAILED: toreuyar.workers.dev
  - Attempts: 1/2
  - Final Error: [Errno 8] nodename nor servname provided, or not known

[2026-06-17 06:07:58] Processing 6c63f8677951090f91c098bab8f0681b980e.id.ui.direct
  - Error on attempt 1: [Errno 8] nodename nor servname provided, or not known

[2026-06-17 06:07:58] PERMANENTLY FAILED: 6c63f8677951090f91c098bab8f0681b980e.id.ui.direct
  - Attempts: 1/2
  - Final Error: [Errno 8] nodename nor servname provided, or not known

[2026-06-17 06:07:59] Processing qomwjzkr.cfcnc.org
  - Error on attempt 1: [Errno 8] nodename nor servname provided, or not known

[2026-06-17 06:07:59] PERMANENTLY FAILED: qomwjzkr.cfcnc.org
  - Attempts: 1/2
  - Final Error: [Errno 8] nodename nor servname provided, or not known

[2026-06-17 06:07:59] Processing dev.www.en.angelaenjoylife.almased.uk
  - Error on attempt 1: [Errno 8] nodename nor servname provided, or not known

[2026-06-17 06:07:59] PERMANENTLY FAILED: dev.www.en.angelaenjoylife.almased.uk
  - Attempts: 1/2
  - Final Error: [Errno 8] nodename nor servname provided, or not known

[2026-06-17 06:07:59] Processing sushirollitz.com.br
  - Error on attempt 1: Connection Timed Out

[2026-06-17 06:07:59] PERMANENTLY FAILED: sushirollitz.com.br
  - Attempts: 1/2
  - Final Error: Connection Timed Out

[2026-06-17 06:07:59] Processing ww25.bbs.debitdiscover.com
  - Error on attempt 1: [Errno 8] nodename nor servname provided, or not known

[2026-06-17 06:07:59] PERMANENTLY FAILED: ww25.bbs.debitdiscover.com
  - Attempts: 1/2
  - Final Error: [Errno 8] nodename nor servname provided, or not known

[2026-06-17 06:08:00] Processing constructanalytics.co.uk
  - Error on attempt 1: [Errno 8] nodename nor servname provided, or not known

[2026-06-17 06:08:00] PERMANENTLY FAILED: constructanalytics.co.uk
  - Attempts: 1/2
  - Final Error: [Errno 8] nodename nor servname provided, or not known

[2026-06-17 06:08:00] Processing rvccministries.org
  - Error on attempt 1: Connection Timed Out

[2026-06-17 06:08:00] PERMANENTLY FAILED: rvccministries.org
  - Attempts: 1/2
  - Final Error: Connection Timed Out

[2026-06-17 06:08:01] Processing 7327.iivo.direct
  - Error on attempt 1: [Errno 8] nodename nor servname provided, or not known

[2026-06-17 06:08:01] PERMANENTLY FAILED: 7327.iivo.direct
  - Attempts: 1/2
  - Final Error: [Errno 8] nodename nor servname provided, or not known

[2026-06-17 06:08:02] Processing staging.www.en.allured.almased.uk
  - Error on attempt 1: [Errno 8] nodename nor servname provided, or not known

[2026-06-17 06:08:02] PERMANENTLY FAILED: staging.www.en.allured.almased.uk
  - Attempts: 1/2
  - Final Error: [Errno 8] nodename nor servname provided, or not known

[2026-06-17 06:08:05] Processing citizencom.foshiznik.com
  - Error on attempt 1: Connection Timed Out

[2026-06-17 06:08:05] PERMANENTLY FAILED: citizencom.foshiznik.com
  - Attempts: 1/2
  - Final Error: Connection Timed Out

[2026-06-17 06:08:05] Processing help.privathaftpflicht.at
  - Error on attempt 1: [Errno 8] nodename nor servname provided, or not known

[2026-06-17 06:08:05] PERMANENTLY FAILED: help.privathaftpflicht.at
  - Attempts: 1/2
  - Final Error: [Errno 8] nodename nor servname provided, or not known

[2026-06-17 06:08:06] Processing harvardextensionnetwork.com
  - Error on attempt 1: Connection Timed Out

[2026-06-17 06:08:06] PERMANENTLY FAILED: harvardextensionnetwork.com
  - Attempts: 1/2
  - Final Error: Connection Timed Out

[2026-06-17 06:08:06] Processing forticlient.nex2.com
  - Error on attempt 1: [Errno 8] nodename nor servname provided, or not known

[2026-06-17 06:08:06] PERMANENTLY FAILED: forticlient.nex2.com
  - Attempts: 1/2
  - Final Error: [Errno 8] nodename nor servname provided, or not known

[2026-06-17 06:08:07] Processing mshafiq3569.workers.dev
  - Error on attempt 1: [Errno 8] nodename nor servname provided, or not known

[2026-06-17 06:08:07] PERMANENTLY FAILED: mshafiq3569.workers.dev
  - Attempts: 1/2
  - Final Error: [Errno 8] nodename nor servname provided, or not known

[2026-06-17 06:08:07] Processing gtl-mena.com
  - Error on attempt 1: [Errno 8] nodename nor servname provided, or not known

[2026-06-17 06:08:07] PERMANENTLY FAILED: gtl-mena.com
  - Attempts: 1/2
  - Final Error: [Errno 8] nodename nor servname provided, or not known

[2026-06-17 06:08:07] Processing api.library2.noondaycollection.com
  - Error on attempt 1: [Errno 8] nodename nor servname provided, or not known

[2026-06-17 06:08:07] PERMANENTLY FAILED: api.library2.noondaycollection.com
  - Attempts: 1/2
  - Final Error: [Errno 8] nodename nor servname provided, or not known

[2026-06-17 06:08:07] Processing device-local-07caac69-7c20-4e03-8368-050dc1e6c3fc.remotewd.com
  - Error on attempt 1: Connection Timed Out

[2026-06-17 06:08:07] PERMANENTLY FAILED: device-local-07caac69-7c20-4e03-8368-050dc1e6c3fc.remotewd.com
  - Attempts: 1/2
  - Final Error: Connection Timed Out

[2026-06-17 06:08:08] Processing dev.www.aomenbaijialewangshangtouzhuzhan.22xploitercrew.com
  - Error on attempt 1: Connection Timed Out

[2026-06-17 06:08:08] PERMANENTLY FAILED: dev.www.aomenbaijialewangshangtouzhuzhan.22xploitercrew.com
  - Attempts: 1/2
  - Final Error: Connection Timed Out

[2026-06-17 06:08:08] Processing theparkhotelmeadowlands.com
  - Error on attempt 1: [Errno 8] nodename nor servname provided, or not known

[2026-06-17 06:08:08] PERMANENTLY FAILED: theparkhotelmeadowlands.com
  - Attempts: 1/2
  - Final Error: [Errno 8] nodename nor servname provided, or not known

[2026-06-17 06:08:08] Processing admin.okwjdgen.lightspeedsystems.help
  - Error on attempt 1: [Errno 8] nodename nor servname provided, or not known

[2026-06-17 06:08:08] PERMANENTLY FAILED: admin.okwjdgen.lightspeedsystems.help
  - Attempts: 1/2
  - Final Error: [Errno 8] nodename nor servname provided, or not known

[2026-06-17 06:08:08] Processing en.bayviewri.com
  - Error on attempt 1: Connection Timed Out

[2026-06-17 06:08:08] PERMANENTLY FAILED: en.bayviewri.com
  - Attempts: 1/2
  - Final Error: Connection Timed Out

[2026-06-17 06:08:08] Processing poktushop.com
  - Error on attempt 1: [Errno 8] nodename nor servname provided, or not known

[2026-06-17 06:08:08] PERMANENTLY FAILED: poktushop.com
  - Attempts: 1/2
  - Final Error: [Errno 8] nodename nor servname provided, or not known

[2026-06-17 06:08:08] Processing googlegift.shop
  - Error on attempt 1: [Errno 8] nodename nor servname provided, or not known

[2026-06-17 06:08:08] PERMANENTLY FAILED: googlegift.shop
  - Attempts: 1/2
  - Final Error: [Errno 8] nodename nor servname provided, or not known

[2026-06-17 06:08:09] Processing admin.splitdecisionmma.info
  - Error on attempt 1: Connection Timed Out

[2026-06-17 06:08:09] PERMANENTLY FAILED: admin.splitdecisionmma.info
  - Attempts: 1/2
  - Final Error: Connection Timed Out

[2026-06-17 06:08:09] Processing ai-ckd.com
  - Error on attempt 1: [Errno 8] nodename nor servname provided, or not known

[2026-06-17 06:08:09] PERMANENTLY FAILED: ai-ckd.com
  - Attempts: 1/2
  - Final Error: [Errno 8] nodename nor servname provided, or not known

[2026-06-17 06:08:09] Processing wavechanger.com
  - Error on attempt 1: Connection Timed Out

[2026-06-17 06:08:09] PERMANENTLY FAILED: wavechanger.com
  - Attempts: 1/2
  - Final Error: Connection Timed Out

[2026-06-17 06:08:09] Processing 18c97ba3-6d37-4f7e-a175-bb1219dd438e.mugshotswebsite.com
  - Error on attempt 1: Connection Timed Out

[2026-06-17 06:08:09] PERMANENTLY FAILED: 18c97ba3-6d37-4f7e-a175-bb1219dd438e.mugshotswebsite.com
  - Attempts: 1/2
  - Final Error: Connection Timed Out

[2026-06-17 06:08:09] Processing dfcbnjtx.almased.uk
  - Error on attempt 1: [Errno 8] nodename nor servname provided, or not known

[2026-06-17 06:08:09] PERMANENTLY FAILED: dfcbnjtx.almased.uk
  - Attempts: 1/2
  - Final Error: [Errno 8] nodename nor servname provided, or not known

[2026-06-17 06:08:09] Processing buygrayawaybar.com
  - Error on attempt 1: Connection Timed Out

[2026-06-17 06:08:09] PERMANENTLY FAILED: buygrayawaybar.com
  - Attempts: 1/2
  - Final Error: Connection Timed Out

[2026-06-17 06:08:09] Processing hanjahero.com
  - Error on attempt 1: Connection Timed Out

[2026-06-17 06:08:09] PERMANENTLY FAILED: hanjahero.com
  - Attempts: 1/2
  - Final Error: Connection Timed Out

[2026-06-17 06:08:10] Processing d82dd48d99038c1a881fd612.keenetic.io
  - Error on attempt 1: [Errno 8] nodename nor servname provided, or not known

[2026-06-17 06:08:10] PERMANENTLY FAILED: d82dd48d99038c1a881fd612.keenetic.io
  - Attempts: 1/2
  - Final Error: [Errno 8] nodename nor servname provided, or not known

[2026-06-17 06:08:10] Processing dashs.cric365.com
  - Error on attempt 1: Connection Timed Out

[2026-06-17 06:08:10] PERMANENTLY FAILED: dashs.cric365.com
  - Attempts: 1/2
  - Final Error: Connection Timed Out

[2026-06-17 06:08:10] Processing consul-ops-ep-sg.overseasops.com
  - Error on attempt 1: [Errno 8] nodename nor servname provided, or not known

[2026-06-17 06:08:10] PERMANENTLY FAILED: consul-ops-ep-sg.overseasops.com
  - Attempts: 1/2
  - Final Error: [Errno 8] nodename nor servname provided, or not known

[2026-06-17 06:08:10] Processing randallstephenhallsongs.com
  - Error on attempt 1: Connection Timed Out

[2026-06-17 06:08:10] PERMANENTLY FAILED: randallstephenhallsongs.com
  - Attempts: 1/2
  - Final Error: Connection Timed Out

[2026-06-17 06:08:10] Processing brainpopjr.com.mx
  - Error on attempt 1: Connection Timed Out

[2026-06-17 06:08:10] PERMANENTLY FAILED: brainpopjr.com.mx
  - Attempts: 1/2
  - Final Error: Connection Timed Out

[2026-06-17 06:08:10] Processing najlepsiebook.com
  - Error on attempt 1: Connection Timed Out

[2026-06-17 06:08:10] PERMANENTLY FAILED: najlepsiebook.com
  - Attempts: 1/2
  - Final Error: Connection Timed Out

[2026-06-17 06:08:11] Processing alex-lahandyman.com
  - Error on attempt 1: [Errno 8] nodename nor servname provided, or not known

[2026-06-17 06:08:11] PERMANENTLY FAILED: alex-lahandyman.com
  - Attempts: 1/2
  - Final Error: [Errno 8] nodename nor servname provided, or not known

[2026-06-17 06:08:11] Processing ogrmeds.com
  - Error on attempt 1: [Errno 8] nodename nor servname provided, or not known

[2026-06-17 06:08:11] PERMANENTLY FAILED: ogrmeds.com
  - Attempts: 1/2
  - Final Error: [Errno 8] nodename nor servname provided, or not known

[2026-06-17 06:08:11] Processing tubsd18bde441720a069ea8de30eac426723fe.zendesk.com
  - Error on attempt 1: [Errno 8] nodename nor servname provided, or not known

[2026-06-17 06:08:11] PERMANENTLY FAILED: tubsd18bde441720a069ea8de30eac426723fe.zendesk.com
  - Attempts: 1/2
  - Final Error: [Errno 8] nodename nor servname provided, or not known

[2026-06-17 06:08:12] Processing dev.hvzjtcgy.uuuauaaayyayayayyayay.webredirect.org
  - Error on attempt 1: Connection Timed Out

[2026-06-17 06:08:12] PERMANENTLY FAILED: dev.hvzjtcgy.uuuauaaayyayayayyayay.webredirect.org
  - Attempts: 1/2
  - Final Error: Connection Timed Out

[2026-06-17 06:08:16] Processing themuse.co.in
  - Error on attempt 1: [SSL: UNEXPECTED_EOF_WHILE_READING] EOF occurred in violation of protocol (_ssl.c:1006)

[2026-06-17 06:08:16] PERMANENTLY FAILED: themuse.co.in
  - Attempts: 1/2
  - Final Error: [SSL: UNEXPECTED_EOF_WHILE_READING] EOF occurred in violation of protocol (_ssl.c:1006)

[2026-06-17 06:08:16] Processing graysjewellers.ie
  - Error on attempt 1: Connection Timed Out

[2026-06-17 06:08:16] PERMANENTLY FAILED: graysjewellers.ie
  - Attempts: 1/2
  - Final Error: Connection Timed Out

[2026-06-17 06:08:16] Processing old.propertymangementlowell.com
  - Error on attempt 1: [Errno 8] nodename nor servname provided, or not known

[2026-06-17 06:08:16] PERMANENTLY FAILED: old.propertymangementlowell.com
  - Attempts: 1/2
  - Final Error: [Errno 8] nodename nor servname provided, or not known

[2026-06-17 06:08:16] Processing 2dxri.lol
  - Error on attempt 1: [Errno 8] nodename nor servname provided, or not known

[2026-06-17 06:08:16] PERMANENTLY FAILED: 2dxri.lol
  - Attempts: 1/2
  - Final Error: [Errno 8] nodename nor servname provided, or not known

[2026-06-17 06:08:17] Processing riverness.net
  - Error on attempt 1: [Errno 8] nodename nor servname provided, or not known

[2026-06-17 06:08:17] PERMANENTLY FAILED: riverness.net
  - Attempts: 1/2
  - Final Error: [Errno 8] nodename nor servname provided, or not known

[2026-06-17 06:08:18] Processing cfta.org
  - Error on attempt 1: Connection Timed Out

[2026-06-17 06:08:18] PERMANENTLY FAILED: cfta.org
  - Attempts: 1/2
  - Final Error: Connection Timed Out

[2026-06-17 06:08:18] Processing zt.mentz.dev
  - Error on attempt 1: [Errno 8] nodename nor servname provided, or not known

[2026-06-17 06:08:18] PERMANENTLY FAILED: zt.mentz.dev
  - Attempts: 1/2
  - Final Error: [Errno 8] nodename nor servname provided, or not known

[2026-06-17 06:08:19] Processing stefanosfinejewelrydesign.evideomarketing.biz
  - Error on attempt 1: Connection Timed Out

[2026-06-17 06:08:19] PERMANENTLY FAILED: stefanosfinejewelrydesign.evideomarketing.biz
  - Attempts: 1/2
  - Final Error: Connection Timed Out

[2026-06-17 06:08:19] Processing dev.app.hungrydepot.com
  - Error on attempt 1: [Errno 8] nodename nor servname provided, or not known

[2026-06-17 06:08:19] PERMANENTLY FAILED: dev.app.hungrydepot.com
  - Attempts: 1/2
  - Final Error: [Errno 8] nodename nor servname provided, or not known

[2026-06-17 06:08:19] Processing subbrandname1668086427.zendesk-staging.com
  - Error on attempt 1: Connection Timed Out

[2026-06-17 06:08:19] PERMANENTLY FAILED: subbrandname1668086427.zendesk-staging.com
  - Attempts: 1/2
  - Final Error: Connection Timed Out

[2026-06-17 06:08:20] Processing wwww.qemedia.com
  - Error on attempt 1: Connection Timed Out

[2026-06-17 06:08:20] PERMANENTLY FAILED: wwww.qemedia.com
  - Attempts: 1/2
  - Final Error: Connection Timed Out

[2026-06-17 06:08:20] Processing staging.api.beam.finance
  - Error on attempt 1: Connection Timed Out

[2026-06-17 06:08:20] PERMANENTLY FAILED: staging.api.beam.finance
  - Attempts: 1/2
  - Final Error: Connection Timed Out

[2026-06-17 06:08:20] Processing dev.cimo.it
  - Error on attempt 1: Connection Timed Out

[2026-06-17 06:08:20] PERMANENTLY FAILED: dev.cimo.it
  - Attempts: 1/2
  - Final Error: Connection Timed Out

[2026-06-17 06:08:20] Processing admin.amvtfcbq.uuuauaaayyayayayyayay.webredirect.org
  - Error on attempt 1: Connection Timed Out

[2026-06-17 06:08:20] PERMANENTLY FAILED: admin.amvtfcbq.uuuauaaayyayayayyayay.webredirect.org
  - Attempts: 1/2
  - Final Error: Connection Timed Out

[2026-06-17 06:08:20] Processing successcommunicationsinc.com
  - Error on attempt 1: Connection Timed Out

[2026-06-17 06:08:20] PERMANENTLY FAILED: successcommunicationsinc.com
  - Attempts: 1/2
  - Final Error: Connection Timed Out

[2026-06-17 06:08:20] Processing dash.bostonfoodshopsanddeli.com
  - Error on attempt 1: [Errno 8] nodename nor servname provided, or not known

[2026-06-17 06:08:20] Processing outline.incubateur.net
  - Error on attempt 1: Connection Timed Out

[2026-06-17 06:08:20] PERMANENTLY FAILED: dash.bostonfoodshopsanddeli.com
  - Attempts: 1/2
  - Final Error: [Errno 8] nodename nor servname provided, or not known

[2026-06-17 06:08:20] PERMANENTLY FAILED: outline.incubateur.net
  - Attempts: 1/2
  - Final Error: Connection Timed Out

[2026-06-17 06:08:21] Processing najka45.store
  - Error on attempt 1: [Errno 8] nodename nor servname provided, or not known

[2026-06-17 06:08:21] PERMANENTLY FAILED: najka45.store
  - Attempts: 1/2
  - Final Error: [Errno 8] nodename nor servname provided, or not known

[2026-06-17 06:08:21] Processing elite-dispatcher.com
  - Error on attempt 1: [Errno 8] nodename nor servname provided, or not known

[2026-06-17 06:08:21] PERMANENTLY FAILED: elite-dispatcher.com
  - Attempts: 1/2
  - Final Error: [Errno 8] nodename nor servname provided, or not known

[2026-06-17 06:08:21] Processing staging.izwblryx.lightspeedsystems.help
  - Error on attempt 1: [Errno 8] nodename nor servname provided, or not known

[2026-06-17 06:08:21] PERMANENTLY FAILED: staging.izwblryx.lightspeedsystems.help
  - Attempts: 1/2
  - Final Error: [Errno 8] nodename nor servname provided, or not known

[2026-06-17 06:08:21] Processing gigstraxs.com
  - Error on attempt 1: Connection Timed Out

[2026-06-17 06:08:21] PERMANENTLY FAILED: gigstraxs.com
  - Attempts: 1/2
  - Final Error: Connection Timed Out

[2026-06-17 06:08:21] Processing elenabogats0xuz.workers.dev
  - Error on attempt 1: [Errno 8] nodename nor servname provided, or not known

[2026-06-17 06:08:21] PERMANENTLY FAILED: elenabogats0xuz.workers.dev
  - Attempts: 1/2
  - Final Error: [Errno 8] nodename nor servname provided, or not known

[2026-06-17 06:08:21] Processing ww25.facebook.uci-travel.com
  - Error on attempt 1: [Errno 8] nodename nor servname provided, or not known

[2026-06-17 06:08:21] PERMANENTLY FAILED: ww25.facebook.uci-travel.com
  - Attempts: 1/2
  - Final Error: [Errno 8] nodename nor servname provided, or not known

[2026-06-17 06:08:21] Processing staging.wwworjfipzg.lightspeedsystems.help
  - Error on attempt 1: [Errno 8] nodename nor servname provided, or not known

[2026-06-17 06:08:21] PERMANENTLY FAILED: staging.wwworjfipzg.lightspeedsystems.help
  - Attempts: 1/2
  - Final Error: [Errno 8] nodename nor servname provided, or not known

[2026-06-17 06:08:21] Processing businesssuite.andreas-schmitt.com
  - Error on attempt 1: [SSL: SSLV3_ALERT_HANDSHAKE_FAILURE] ssl/tls alert handshake failure (_ssl.c:1006)

[2026-06-17 06:08:21] PERMANENTLY FAILED: businesssuite.andreas-schmitt.com
  - Attempts: 1/2
  - Final Error: [SSL: SSLV3_ALERT_HANDSHAKE_FAILURE] ssl/tls alert handshake failure (_ssl.c:1006)

[2026-06-17 06:08:22] Processing d47133c2-8a46-4650-9fb8-2e0ad0c4d6cf.jokoso.com
  - Error on attempt 1: [Errno 8] nodename nor servname provided, or not known

[2026-06-17 06:08:22] PERMANENTLY FAILED: d47133c2-8a46-4650-9fb8-2e0ad0c4d6cf.jokoso.com
  - Attempts: 1/2
  - Final Error: [Errno 8] nodename nor servname provided, or not known

[2026-06-17 06:08:22] Processing cryptowatch.news
  - Error on attempt 1: Connection Timed Out

[2026-06-17 06:08:22] PERMANENTLY FAILED: cryptowatch.news
  - Attempts: 1/2
  - Final Error: Connection Timed Out

[2026-06-17 06:08:22] Processing admin.app.hollielabs.xyz
  - Error on attempt 1: [SSL: TLSV1_UNRECOGNIZED_NAME] tlsv1 unrecognized name (_ssl.c:1006)

[2026-06-17 06:08:22] PERMANENTLY FAILED: admin.app.hollielabs.xyz
  - Attempts: 1/2
  - Final Error: [SSL: TLSV1_UNRECOGNIZED_NAME] tlsv1 unrecognized name (_ssl.c:1006)

[2026-06-17 06:08:25] Processing sdelectronics.krispycottage.com
  - Error on attempt 1: Connection Timed Out

[2026-06-17 06:08:25] PERMANENTLY FAILED: sdelectronics.krispycottage.com
  - Attempts: 1/2
  - Final Error: Connection Timed Out

[2026-06-17 06:08:25] Processing staging.assets.demo.cdn.mail1.shishartech.com
  - Error on attempt 1: [Errno 8] nodename nor servname provided, or not known

[2026-06-17 06:08:25] PERMANENTLY FAILED: staging.assets.demo.cdn.mail1.shishartech.com
  - Attempts: 1/2
  - Final Error: [Errno 8] nodename nor servname provided, or not known

[2026-06-17 06:08:25] Processing correo.cfoz.com
  - Error on attempt 1: [SSL: TLSV1_UNRECOGNIZED_NAME] tlsv1 unrecognized name (_ssl.c:1006)

[2026-06-17 06:08:25] PERMANENTLY FAILED: correo.cfoz.com
  - Attempts: 1/2
  - Final Error: [SSL: TLSV1_UNRECOGNIZED_NAME] tlsv1 unrecognized name (_ssl.c:1006)

[2026-06-17 06:08:25] Processing e-sapa.org
  - Error on attempt 1: [SSL: TLSV1_ALERT_INTERNAL_ERROR] tlsv1 alert internal error (_ssl.c:1006)

[2026-06-17 06:08:25] PERMANENTLY FAILED: e-sapa.org
  - Attempts: 1/2
  - Final Error: [SSL: TLSV1_ALERT_INTERNAL_ERROR] tlsv1 alert internal error (_ssl.c:1006)

[2026-06-17 06:08:26] Processing gqewxww25.secure.acueductopr.com
  - Error on attempt 1: [Errno 8] nodename nor servname provided, or not known

[2026-06-17 06:08:26] PERMANENTLY FAILED: gqewxww25.secure.acueductopr.com
  - Attempts: 1/2
  - Final Error: [Errno 8] nodename nor servname provided, or not known

[2026-06-17 06:08:27] Processing 1000million.net
  - Error on attempt 1: [Errno 8] nodename nor servname provided, or not known

[2026-06-17 06:08:27] PERMANENTLY FAILED: 1000million.net
  - Attempts: 1/2
  - Final Error: [Errno 8] nodename nor servname provided, or not known

[2026-06-17 06:08:27] Processing purrsanctuary.com
  - Error on attempt 1: Connection Timed Out

[2026-06-17 06:08:27] PERMANENTLY FAILED: purrsanctuary.com
  - Attempts: 1/2
  - Final Error: Connection Timed Out

[2026-06-17 06:08:28] Processing lwyrrmautic.dreaminterpreation.com
  - Error on attempt 1: [Errno 8] nodename nor servname provided, or not known

[2026-06-17 06:08:28] PERMANENTLY FAILED: lwyrrmautic.dreaminterpreation.com
  - Attempts: 1/2
  - Final Error: [Errno 8] nodename nor servname provided, or not known

[2026-06-17 06:08:28] Processing www4ww1.login.vpal.finansintes.insightandsound.co.uk
  - Error on attempt 1: Connection Timed Out

[2026-06-17 06:08:28] PERMANENTLY FAILED: www4ww1.login.vpal.finansintes.insightandsound.co.uk
  - Attempts: 1/2
  - Final Error: Connection Timed Out

[2026-06-17 06:08:28] Processing gforcelightninglamps.com
  - Error on attempt 1: [Errno 8] nodename nor servname provided, or not known

[2026-06-17 06:08:28] PERMANENTLY FAILED: gforcelightninglamps.com
  - Attempts: 1/2
  - Final Error: [Errno 8] nodename nor servname provided, or not known

[2026-06-17 06:08:28] Processing staging.www.dev.www.www.walletx.co.uk
  - Error on attempt 1: Connection Timed Out

[2026-06-17 06:08:28] PERMANENTLY FAILED: staging.www.dev.www.www.walletx.co.uk
  - Attempts: 1/2
  - Final Error: Connection Timed Out

[2026-06-17 06:08:29] Processing hdimooncake-sp33-v51-chinan3-01081612-int.azurehdinsight.cn
  - Error on attempt 1: [Errno 8] nodename nor servname provided, or not known

[2026-06-17 06:08:29] PERMANENTLY FAILED: hdimooncake-sp33-v51-chinan3-01081612-int.azurehdinsight.cn
  - Attempts: 1/2
  - Final Error: [Errno 8] nodename nor servname provided, or not known

[2026-06-17 06:08:30] Processing musicvillecares.org
  - Error on attempt 1: Connection Timed Out

[2026-06-17 06:08:30] PERMANENTLY FAILED: musicvillecares.org
  - Attempts: 1/2
  - Final Error: Connection Timed Out

[2026-06-17 06:08:30] Processing glowfox.lat
  - Error on attempt 1: Connection Timed Out

[2026-06-17 06:08:30] PERMANENTLY FAILED: glowfox.lat
  - Attempts: 1/2
  - Final Error: Connection Timed Out

[2026-06-17 06:08:30] Processing ptcmscloud.com
  - Error on attempt 1: [Errno 8] nodename nor servname provided, or not known

[2026-06-17 06:08:30] PERMANENTLY FAILED: ptcmscloud.com
  - Attempts: 1/2
  - Final Error: [Errno 8] nodename nor servname provided, or not known

[2026-06-17 06:08:30] Processing 38fpia-cq.store
  - Error on attempt 1: [Errno 8] nodename nor servname provided, or not known

[2026-06-17 06:08:30] PERMANENTLY FAILED: 38fpia-cq.store
  - Attempts: 1/2
  - Final Error: [Errno 8] nodename nor servname provided, or not known

[2026-06-17 06:08:30] Processing alexkuzmin47.workers.dev
  - Error on attempt 1: [Errno 8] nodename nor servname provided, or not known

[2026-06-17 06:08:30] PERMANENTLY FAILED: alexkuzmin47.workers.dev
  - Attempts: 1/2
  - Final Error: [Errno 8] nodename nor servname provided, or not known

[2026-06-17 06:08:30] Processing ww31.131145.thefutureis.digital
  - Error on attempt 1: [Errno 8] nodename nor servname provided, or not known

[2026-06-17 06:08:30] PERMANENTLY FAILED: ww31.131145.thefutureis.digital
  - Attempts: 1/2
  - Final Error: [Errno 8] nodename nor servname provided, or not known

[2026-06-17 06:08:30] Processing undersclub.com
  - Error on attempt 1: [Errno 8] nodename nor servname provided, or not known

[2026-06-17 06:08:30] PERMANENTLY FAILED: undersclub.com
  - Attempts: 1/2
  - Final Error: [Errno 8] nodename nor servname provided, or not known

[2026-06-17 06:08:30] Processing int.ozicare.com.au
  - Error on attempt 1: Connection Timed Out

[2026-06-17 06:08:30] PERMANENTLY FAILED: int.ozicare.com.au
  - Attempts: 1/2
  - Final Error: Connection Timed Out

[2026-06-17 06:08:31] Processing elitehombre.com
  - Error on attempt 1: Connection Timed Out

[2026-06-17 06:08:31] PERMANENTLY FAILED: elitehombre.com
  - Attempts: 1/2
  - Final Error: Connection Timed Out

[2026-06-17 06:08:31] Processing ra-vpn.crowdrelief.net
  - Error on attempt 1: [Errno 8] nodename nor servname provided, or not known

[2026-06-17 06:08:31] PERMANENTLY FAILED: ra-vpn.crowdrelief.net
  - Attempts: 1/2
  - Final Error: [Errno 8] nodename nor servname provided, or not known

[2026-06-17 06:08:32] Processing v2.trio-atanassov.com
  - Error on attempt 1: Connection Timed Out

[2026-06-17 06:08:32] PERMANENTLY FAILED: v2.trio-atanassov.com
  - Attempts: 1/2
  - Final Error: Connection Timed Out

[2026-06-17 06:08:32] Processing vermessen.berlin
  - Error on attempt 1: Connection Timed Out

[2026-06-17 06:08:32] PERMANENTLY FAILED: vermessen.berlin
  - Attempts: 1/2
  - Final Error: Connection Timed Out

[2026-06-17 06:08:32] Processing api.app.hqtoanthanh.com
  - Error on attempt 1: [Errno 8] nodename nor servname provided, or not known

[2026-06-17 06:08:32] PERMANENTLY FAILED: api.app.hqtoanthanh.com
  - Attempts: 1/2
  - Final Error: [Errno 8] nodename nor servname provided, or not known

[2026-06-17 06:08:32] Processing airconditioner-21f-8307220.world
  - Error on attempt 1: [Errno 8] nodename nor servname provided, or not known

[2026-06-17 06:08:32] PERMANENTLY FAILED: airconditioner-21f-8307220.world
  - Attempts: 1/2
  - Final Error: [Errno 8] nodename nor servname provided, or not known

[2026-06-17 06:08:32] Processing xtimeshares.com
  - Error on attempt 1: Connection Timed Out

[2026-06-17 06:08:32] PERMANENTLY FAILED: xtimeshares.com
  - Attempts: 1/2
  - Final Error: Connection Timed Out

[2026-06-17 06:08:33] Processing rayamkumar98.workers.dev
  - Error on attempt 1: [Errno 8] nodename nor servname provided, or not known

[2026-06-17 06:08:33] PERMANENTLY FAILED: rayamkumar98.workers.dev
  - Attempts: 1/2
  - Final Error: [Errno 8] nodename nor servname provided, or not known

[2026-06-17 06:08:33] Processing krystalhairandbeautyclinic.co.uk
  - Error on attempt 1: Connection Timed Out

[2026-06-17 06:08:33] PERMANENTLY FAILED: krystalhairandbeautyclinic.co.uk
  - Attempts: 1/2
  - Final Error: Connection Timed Out

[2026-06-17 06:08:33] Processing airductcleaningangleton.com
  - Error on attempt 1: Connection Timed Out

[2026-06-17 06:08:33] PERMANENTLY FAILED: airductcleaningangleton.com
  - Attempts: 1/2
  - Final Error: Connection Timed Out

[2026-06-17 06:08:33] Processing moshanqishi.dpdns.org
  - Error on attempt 1: [Errno 8] nodename nor servname provided, or not known

[2026-06-17 06:08:33] PERMANENTLY FAILED: moshanqishi.dpdns.org
  - Attempts: 1/2
  - Final Error: [Errno 8] nodename nor servname provided, or not known

[2026-06-17 06:08:33] Processing fashionelegance.store
  - Error on attempt 1: [SSL: SSLV3_ALERT_HANDSHAKE_FAILURE] ssl/tls alert handshake failure (_ssl.c:1006)

[2026-06-17 06:08:33] PERMANENTLY FAILED: fashionelegance.store
  - Attempts: 1/2
  - Final Error: [SSL: SSLV3_ALERT_HANDSHAKE_FAILURE] ssl/tls alert handshake failure (_ssl.c:1006)

[2026-06-17 06:08:34] Processing test.approve.ae
  - Error on attempt 1: [Errno 8] nodename nor servname provided, or not known

[2026-06-17 06:08:34] PERMANENTLY FAILED: test.approve.ae
  - Attempts: 1/2
  - Final Error: [Errno 8] nodename nor servname provided, or not known

[2026-06-17 06:08:34] Processing pec.insightandsound.co.uk
  - Error on attempt 1: Connection Timed Out

[2026-06-17 06:08:34] PERMANENTLY FAILED: pec.insightandsound.co.uk
  - Attempts: 1/2
  - Final Error: Connection Timed Out

[2026-06-17 06:08:35] Processing thinair.workers.dev
  - Error on attempt 1: [Errno 8] nodename nor servname provided, or not known

[2026-06-17 06:08:35] PERMANENTLY FAILED: thinair.workers.dev
  - Attempts: 1/2
  - Final Error: [Errno 8] nodename nor servname provided, or not known

[2026-06-17 06:08:35] Processing kenbreeden.com
  - Error on attempt 1: [Errno 8] nodename nor servname provided, or not known

[2026-06-17 06:08:35] PERMANENTLY FAILED: kenbreeden.com
  - Attempts: 1/2
  - Final Error: [Errno 8] nodename nor servname provided, or not known

[2026-06-17 06:08:35] Processing admiresupplies.com
  - Error on attempt 1: [Errno 8] nodename nor servname provided, or not known

[2026-06-17 06:08:35] PERMANENTLY FAILED: admiresupplies.com
  - Attempts: 1/2
  - Final Error: [Errno 8] nodename nor servname provided, or not known

[2026-06-17 06:08:35] Processing midomingosiete.co
  - Error on attempt 1: [Errno 8] nodename nor servname provided, or not known

[2026-06-17 06:08:35] PERMANENTLY FAILED: midomingosiete.co
  - Attempts: 1/2
  - Final Error: [Errno 8] nodename nor servname provided, or not known

[2026-06-17 06:08:35] Processing adutils-e2e-test-8459382.live
  - Error on attempt 1: [Errno 8] nodename nor servname provided, or not known

[2026-06-17 06:08:35] PERMANENTLY FAILED: adutils-e2e-test-8459382.live
  - Attempts: 1/2
  - Final Error: [Errno 8] nodename nor servname provided, or not known

[2026-06-17 06:08:35] Processing secure.intense-cliffs-7149.herokuspace.com
  - Error on attempt 1: [Errno 8] nodename nor servname provided, or not known

[2026-06-17 06:08:35] PERMANENTLY FAILED: secure.intense-cliffs-7149.herokuspace.com
  - Attempts: 1/2
  - Final Error: [Errno 8] nodename nor servname provided, or not known

[2026-06-17 06:08:35] Processing smartworldtyping.com
  - Error on attempt 1: [Errno 8] nodename nor servname provided, or not known

[2026-06-17 06:08:35] PERMANENTLY FAILED: smartworldtyping.com
  - Attempts: 1/2
  - Final Error: [Errno 8] nodename nor servname provided, or not known

[2026-06-17 06:08:37] Processing staging.assets.kosivmr.if.ua
  - Error on attempt 1: [Errno 8] nodename nor servname provided, or not known

[2026-06-17 06:08:37] PERMANENTLY FAILED: staging.assets.kosivmr.if.ua
  - Attempts: 1/2
  - Final Error: [Errno 8] nodename nor servname provided, or not known

[2026-06-17 06:08:37] Processing sv.klugscheisser.de
  - Error on attempt 1: Connection Timed Out

[2026-06-17 06:08:37] PERMANENTLY FAILED: sv.klugscheisser.de
  - Attempts: 1/2
  - Final Error: Connection Timed Out

[2026-06-17 06:08:37] Processing test.www.asdasdas.dana.konimbo.co.il
  - Error on attempt 1: Connection Timed Out

[2026-06-17 06:08:37] PERMANENTLY FAILED: test.www.asdasdas.dana.konimbo.co.il
  - Attempts: 1/2
  - Final Error: Connection Timed Out

[2026-06-17 06:08:37] Processing ww17.parcelpla.net
  - Error on attempt 1: [Errno 8] nodename nor servname provided, or not known

[2026-06-17 06:08:37] PERMANENTLY FAILED: ww17.parcelpla.net
  - Attempts: 1/2
  - Final Error: [Errno 8] nodename nor servname provided, or not known

[2026-06-17 06:08:38] Processing api.dev.prodeman.exomindset.co
  - Error on attempt 1: [Errno 8] nodename nor servname provided, or not known

[2026-06-17 06:08:38] PERMANENTLY FAILED: api.dev.prodeman.exomindset.co
  - Attempts: 1/2
  - Final Error: [Errno 8] nodename nor servname provided, or not known

[2026-06-17 06:08:38] Processing test.mail.login.4f23c1a16824e4d992f467ea.shishartech.com
  - Error on attempt 1: [Errno 8] nodename nor servname provided, or not known

[2026-06-17 06:08:38] PERMANENTLY FAILED: test.mail.login.4f23c1a16824e4d992f467ea.shishartech.com
  - Attempts: 1/2
  - Final Error: [Errno 8] nodename nor servname provided, or not known

[2026-06-17 06:08:38] Processing solnet.mejoresguantesdeboxeo.com
  - Error on attempt 1: [Errno 8] nodename nor servname provided, or not known

[2026-06-17 06:08:38] PERMANENTLY FAILED: solnet.mejoresguantesdeboxeo.com
  - Attempts: 1/2
  - Final Error: [Errno 8] nodename nor servname provided, or not known

[2026-06-17 06:08:39] Processing admin.sitemap.canadianjewishfederation.com
  - Error on attempt 1: [SSL: UNEXPECTED_EOF_WHILE_READING] EOF occurred in violation of protocol (_ssl.c:1006)

[2026-06-17 06:08:39] PERMANENTLY FAILED: admin.sitemap.canadianjewishfederation.com
  - Attempts: 1/2
  - Final Error: [SSL: UNEXPECTED_EOF_WHILE_READING] EOF occurred in violation of protocol (_ssl.c:1006)

[2026-06-17 06:08:39] Processing device-ffdc188f-78d4-43b6-9eb0-2634864b604b.remotewd.com
  - Error on attempt 1: Connection Timed Out

[2026-06-17 06:08:39] PERMANENTLY FAILED: device-ffdc188f-78d4-43b6-9eb0-2634864b604b.remotewd.com
  - Attempts: 1/2
  - Final Error: Connection Timed Out

[2026-06-17 06:08:39] Processing intra.lecinquevele.it
  - Error on attempt 1: Connection Timed Out

[2026-06-17 06:08:39] PERMANENTLY FAILED: intra.lecinquevele.it
  - Attempts: 1/2
  - Final Error: Connection Timed Out

[2026-06-17 06:08:40] Processing ti-d38.workers.dev
  - Error on attempt 1: [Errno 8] nodename nor servname provided, or not known

[2026-06-17 06:08:40] PERMANENTLY FAILED: ti-d38.workers.dev
  - Attempts: 1/2
  - Final Error: [Errno 8] nodename nor servname provided, or not known

[2026-06-17 06:08:40] Processing seanusher.mortgage
  - Error on attempt 1: [Errno 8] nodename nor servname provided, or not known

[2026-06-17 06:08:40] PERMANENTLY FAILED: seanusher.mortgage
  - Attempts: 1/2
  - Final Error: [Errno 8] nodename nor servname provided, or not known

[2026-06-17 06:08:40] Processing dev.jobsalary.com
  - Error on attempt 1: Connection Timed Out

[2026-06-17 06:08:40] PERMANENTLY FAILED: dev.jobsalary.com
  - Attempts: 1/2
  - Final Error: Connection Timed Out

[2026-06-17 06:08:41] Processing dejosh.direct.quickconnect.to
  - Error on attempt 1: [Errno 61] Connection refused

[2026-06-17 06:08:41] PERMANENTLY FAILED: dejosh.direct.quickconnect.to
  - Attempts: 1/2
  - Final Error: [Errno 61] Connection refused

[2026-06-17 06:08:41] Processing client.riems.com
  - Error on attempt 1: Connection Timed Out

[2026-06-17 06:08:41] PERMANENTLY FAILED: client.riems.com
  - Attempts: 1/2
  - Final Error: Connection Timed Out

[2026-06-17 06:08:41] Processing remote.namijoplin.org
  - Error on attempt 1: Connection Timed Out

[2026-06-17 06:08:41] PERMANENTLY FAILED: remote.namijoplin.org
  - Attempts: 1/2
  - Final Error: Connection Timed Out

[2026-06-17 06:08:41] Processing democraft.services
  - Error on attempt 1: Connection Timed Out

[2026-06-17 06:08:41] PERMANENTLY FAILED: democraft.services
  - Attempts: 1/2
  - Final Error: Connection Timed Out

[2026-06-17 06:08:41] Processing temp.gardensupplybayarea.com
  - Error on attempt 1: Connection Timed Out

[2026-06-17 06:08:41] PERMANENTLY FAILED: temp.gardensupplybayarea.com
  - Attempts: 1/2
  - Final Error: Connection Timed Out

[2026-06-17 06:08:42] Processing ww1.thesurgerynewtonway.co.uk
  - Error on attempt 1: Connection Timed Out

[2026-06-17 06:08:42] PERMANENTLY FAILED: ww1.thesurgerynewtonway.co.uk
  - Attempts: 1/2
  - Final Error: Connection Timed Out

[2026-06-17 06:08:42] Processing api.dev.myaccount3.almased.uk
  - Error on attempt 1: [Errno 8] nodename nor servname provided, or not known

[2026-06-17 06:08:42] PERMANENTLY FAILED: api.dev.myaccount3.almased.uk
  - Attempts: 1/2
  - Final Error: [Errno 8] nodename nor servname provided, or not known

[2026-06-17 06:08:42] Processing huntzz.workers.dev
  - Error on attempt 1: [Errno 8] nodename nor servname provided, or not known

[2026-06-17 06:08:42] PERMANENTLY FAILED: huntzz.workers.dev
  - Attempts: 1/2
  - Final Error: [Errno 8] nodename nor servname provided, or not known

[2026-06-17 06:08:42] Processing admin.www.comns.cazh.comdevomfufgbglqg.beta.h2775398.stratoserver.net
  - Error on attempt 1: [SSL: TLSV1_UNRECOGNIZED_NAME] tlsv1 unrecognized name (_ssl.c:1006)

[2026-06-17 06:08:42] PERMANENTLY FAILED: admin.www.comns.cazh.comdevomfufgbglqg.beta.h2775398.stratoserver.net
  - Attempts: 1/2
  - Final Error: [SSL: TLSV1_UNRECOGNIZED_NAME] tlsv1 unrecognized name (_ssl.c:1006)

[2026-06-17 06:08:42] Processing api.app.hornservices.com
  - Error on attempt 1: [Errno 8] nodename nor servname provided, or not known

[2026-06-17 06:08:42] PERMANENTLY FAILED: api.app.hornservices.com
  - Attempts: 1/2
  - Final Error: [Errno 8] nodename nor servname provided, or not known

[2026-06-17 06:08:42] Processing legostones.net
  - Error on attempt 1: Connection Timed Out

[2026-06-17 06:08:42] PERMANENTLY FAILED: legostones.net
  - Attempts: 1/2
  - Final Error: Connection Timed Out

[2026-06-17 06:08:43] Processing panglobal.idealfinancial.com
  - Error on attempt 1: Connection Timed Out

[2026-06-17 06:08:43] PERMANENTLY FAILED: panglobal.idealfinancial.com
  - Attempts: 1/2
  - Final Error: Connection Timed Out

[2026-06-17 06:08:43] Processing cf.buurtfolder.nl
  - Error on attempt 1: [Errno 8] nodename nor servname provided, or not known

[2026-06-17 06:08:43] PERMANENTLY FAILED: cf.buurtfolder.nl
  - Attempts: 1/2
  - Final Error: [Errno 8] nodename nor servname provided, or not known

[2026-06-17 06:08:43] Processing qdtzfmail.barareafastrak.org
  - Error on attempt 1: [Errno 8] nodename nor servname provided, or not known

[2026-06-17 06:08:43] PERMANENTLY FAILED: qdtzfmail.barareafastrak.org
  - Attempts: 1/2
  - Final Error: [Errno 8] nodename nor servname provided, or not known

[2026-06-17 06:08:43] Processing staging.wwwcms.jobi.one
  - Error on attempt 1: Connection Timed Out

[2026-06-17 06:08:43] PERMANENTLY FAILED: staging.wwwcms.jobi.one
  - Attempts: 1/2
  - Final Error: Connection Timed Out

[2026-06-17 06:08:44] Processing chiptrans.com
  - Error on attempt 1: [Errno 8] nodename nor servname provided, or not known

[2026-06-17 06:08:44] PERMANENTLY FAILED: chiptrans.com
  - Attempts: 1/2
  - Final Error: [Errno 8] nodename nor servname provided, or not known

[2026-06-17 06:08:44] Processing admin.acwubyge.uuuauaaayyayayayyayay.webredirect.org
  - Error on attempt 1: Connection Timed Out

[2026-06-17 06:08:44] PERMANENTLY FAILED: admin.acwubyge.uuuauaaayyayayayyayay.webredirect.org
  - Attempts: 1/2
  - Final Error: Connection Timed Out

[2026-06-17 06:08:44] Processing jyskvikar.dk
  - Error on attempt 1: Connection Timed Out

[2026-06-17 06:08:44] PERMANENTLY FAILED: jyskvikar.dk
  - Attempts: 1/2
  - Final Error: Connection Timed Out

[2026-06-17 06:08:44] Processing staging.ctszhajp.caddy-one-ibe-redirect-proxy.eu-central-1.elasticbeanstalk.com
  - Error on attempt 1: Connection Timed Out

[2026-06-17 06:08:44] PERMANENTLY FAILED: staging.ctszhajp.caddy-one-ibe-redirect-proxy.eu-central-1.elasticbeanstalk.com
  - Attempts: 1/2
  - Final Error: Connection Timed Out

[2026-06-17 06:08:44] Processing reporting.sumacare.com
  - Error on attempt 1: Connection Timed Out

[2026-06-17 06:08:44] PERMANENTLY FAILED: reporting.sumacare.com
  - Attempts: 1/2
  - Final Error: Connection Timed Out

[2026-06-17 06:08:44] Processing jet.pianet-group.jp
  - Error on attempt 1: Connection Timed Out

[2026-06-17 06:08:44] PERMANENTLY FAILED: jet.pianet-group.jp
  - Attempts: 1/2
  - Final Error: Connection Timed Out

[2026-06-17 06:08:44] Processing dailymusclesale.com
  - Error on attempt 1: Connection Timed Out

[2026-06-17 06:08:44] PERMANENTLY FAILED: dailymusclesale.com
  - Attempts: 1/2
  - Final Error: Connection Timed Out

[2026-06-17 06:08:45] Processing ibbsneil.dpdns.org
  - Error on attempt 1: [Errno 8] nodename nor servname provided, or not known

[2026-06-17 06:08:45] PERMANENTLY FAILED: ibbsneil.dpdns.org
  - Attempts: 1/2
  - Final Error: [Errno 8] nodename nor servname provided, or not known

[2026-06-17 06:08:45] Processing 1447124645d23948d70dac07.0oyb7.mongodb.net
  - Error on attempt 1: [Errno 8] nodename nor servname provided, or not known

[2026-06-17 06:08:45] PERMANENTLY FAILED: 1447124645d23948d70dac07.0oyb7.mongodb.net
  - Attempts: 1/2
  - Final Error: [Errno 8] nodename nor servname provided, or not known

[2026-06-17 06:08:45] Processing nw-portal.com
  - Error on attempt 1: [Errno 8] nodename nor servname provided, or not known

[2026-06-17 06:08:45] PERMANENTLY FAILED: nw-portal.com
  - Attempts: 1/2
  - Final Error: [Errno 8] nodename nor servname provided, or not known

[2026-06-17 06:08:45] Processing tizuqapp.relaxaaifofa.com
  - Error on attempt 1: Connection Timed Out

[2026-06-17 06:08:45] PERMANENTLY FAILED: tizuqapp.relaxaaifofa.com
  - Attempts: 1/2
  - Final Error: Connection Timed Out

[2026-06-17 06:08:46] Processing pay.cruinsights.com
  - Error on attempt 1: [Errno 8] nodename nor servname provided, or not known

[2026-06-17 06:08:46] PERMANENTLY FAILED: pay.cruinsights.com
  - Attempts: 1/2
  - Final Error: [Errno 8] nodename nor servname provided, or not known

[2026-06-17 06:08:46] Processing izanth.xyz
  - Error on attempt 1: [Errno 8] nodename nor servname provided, or not known

[2026-06-17 06:08:46] PERMANENTLY FAILED: izanth.xyz
  - Attempts: 1/2
  - Final Error: [Errno 8] nodename nor servname provided, or not known

[2026-06-17 06:08:46] Processing clusterfleet-crds.ingress.wus2.microsoft-falcon.net
  - Error on attempt 1: [Errno 8] nodename nor servname provided, or not known

[2026-06-17 06:08:46] PERMANENTLY FAILED: clusterfleet-crds.ingress.wus2.microsoft-falcon.net
  - Attempts: 1/2
  - Final Error: [Errno 8] nodename nor servname provided, or not known

[2026-06-17 06:08:47] Processing staging.www.en.amozeshenamaz13.almased.uk
  - Error on attempt 1: [Errno 8] nodename nor servname provided, or not known

[2026-06-17 06:08:47] PERMANENTLY FAILED: staging.www.en.amozeshenamaz13.almased.uk
  - Attempts: 1/2
  - Final Error: [Errno 8] nodename nor servname provided, or not known

[2026-06-17 06:08:47] Processing access.itmakessense.com
  - Error on attempt 1: [Errno 8] nodename nor servname provided, or not known

[2026-06-17 06:08:47] PERMANENTLY FAILED: access.itmakessense.com
  - Attempts: 1/2
  - Final Error: [Errno 8] nodename nor servname provided, or not known

[2026-06-17 06:08:47] Processing sama.arztverzeichnis.de
  - Error on attempt 1: Connection Timed Out

[2026-06-17 06:08:47] PERMANENTLY FAILED: sama.arztverzeichnis.de
  - Attempts: 1/2
  - Final Error: Connection Timed Out

[2026-06-17 06:08:48] Processing nd-mod.online
  - Error on attempt 1: [Errno 8] nodename nor servname provided, or not known

[2026-06-17 06:08:48] PERMANENTLY FAILED: nd-mod.online
  - Attempts: 1/2
  - Final Error: [Errno 8] nodename nor servname provided, or not known

[2026-06-17 06:08:48] Processing smtp.premiereagent.com
  - Error on attempt 1: Connection Timed Out

[2026-06-17 06:08:48] PERMANENTLY FAILED: smtp.premiereagent.com
  - Attempts: 1/2
  - Final Error: Connection Timed Out

[2026-06-17 06:08:48] Processing dev.www.abupykr.lightspeedsystems.help
  - Error on attempt 1: [Errno 8] nodename nor servname provided, or not known

[2026-06-17 06:08:48] PERMANENTLY FAILED: dev.www.abupykr.lightspeedsystems.help
  - Attempts: 1/2
  - Final Error: [Errno 8] nodename nor servname provided, or not known

[2026-06-17 06:08:48] Processing ns2.landerscash.com
  - Error on attempt 1: [Errno 61] Connection refused

[2026-06-17 06:08:48] PERMANENTLY FAILED: ns2.landerscash.com
  - Attempts: 1/2
  - Final Error: [Errno 61] Connection refused

[2026-06-17 06:08:48] Processing d0u.d08.myftpupload.com
  - Error on attempt 1: Connection Timed Out

[2026-06-17 06:08:48] PERMANENTLY FAILED: d0u.d08.myftpupload.com
  - Attempts: 1/2
  - Final Error: Connection Timed Out

[2026-06-17 06:08:49] Processing mypotato.ddns.net
  - Error on attempt 1: Connection Timed Out

[2026-06-17 06:08:49] PERMANENTLY FAILED: mypotato.ddns.net
  - Attempts: 1/2
  - Final Error: Connection Timed Out

[2026-06-17 06:08:49] Processing stickerfactory.vn
  - Error on attempt 1: Connection Timed Out

[2026-06-17 06:08:49] PERMANENTLY FAILED: stickerfactory.vn
  - Attempts: 1/2
  - Final Error: Connection Timed Out

[2026-06-17 06:08:49] Processing ww12.minifiguresworld.com
  - Error on attempt 1: Connection Timed Out

[2026-06-17 06:08:49] PERMANENTLY FAILED: ww12.minifiguresworld.com
  - Attempts: 1/2
  - Final Error: Connection Timed Out

[2026-06-17 06:08:49] Processing vivent.la
  - Error on attempt 1: [Errno 8] nodename nor servname provided, or not known

[2026-06-17 06:08:49] PERMANENTLY FAILED: vivent.la
  - Attempts: 1/2
  - Final Error: [Errno 8] nodename nor servname provided, or not known

[2026-06-17 06:08:50] Processing test.www.comarman.com7jfufgbglqg.beta.h2775398.stratoserver.net
  - Error on attempt 1: Connection Timed Out

[2026-06-17 06:08:50] PERMANENTLY FAILED: test.www.comarman.com7jfufgbglqg.beta.h2775398.stratoserver.net
  - Attempts: 1/2
  - Final Error: Connection Timed Out

[2026-06-17 06:08:50] Processing audit.alten-eichen.net
  - Error on attempt 1: Connection Timed Out

[2026-06-17 06:08:50] PERMANENTLY FAILED: audit.alten-eichen.net
  - Attempts: 1/2
  - Final Error: Connection Timed Out

[2026-06-17 06:08:50] Processing sensor018.e7ech.org
  - Error on attempt 1: [Errno 8] nodename nor servname provided, or not known

[2026-06-17 06:08:50] PERMANENTLY FAILED: sensor018.e7ech.org
  - Attempts: 1/2
  - Final Error: [Errno 8] nodename nor servname provided, or not known

[2026-06-17 06:08:50] Processing therizbiz.vip
  - Error on attempt 1: Connection Timed Out

[2026-06-17 06:08:50] PERMANENTLY FAILED: therizbiz.vip
  - Attempts: 1/2
  - Final Error: Connection Timed Out

[2026-06-17 06:08:51] Processing hire-ken.com
  - Error on attempt 1: [Errno 61] Connection refused

[2026-06-17 06:08:51] PERMANENTLY FAILED: hire-ken.com
  - Attempts: 1/2
  - Final Error: [Errno 61] Connection refused

[2026-06-17 06:08:51] Processing dev.app.hollielabs.xyz
  - Error on attempt 1: [SSL: TLSV1_UNRECOGNIZED_NAME] tlsv1 unrecognized name (_ssl.c:1006)

[2026-06-17 06:08:51] PERMANENTLY FAILED: dev.app.hollielabs.xyz
  - Attempts: 1/2
  - Final Error: [SSL: TLSV1_UNRECOGNIZED_NAME] tlsv1 unrecognized name (_ssl.c:1006)

[2026-06-17 06:08:52] Processing businessprocessconsultant.com
  - Error on attempt 1: Connection Timed Out

[2026-06-17 06:08:52] PERMANENTLY FAILED: businessprocessconsultant.com
  - Attempts: 1/2
  - Final Error: Connection Timed Out

[2026-06-17 06:08:52] Processing xxgfizmail.webuildafrica.com
  - Error on attempt 1: [SSL: TLSV1_UNRECOGNIZED_NAME] tlsv1 unrecognized name (_ssl.c:1006)

[2026-06-17 06:08:52] PERMANENTLY FAILED: xxgfizmail.webuildafrica.com
  - Attempts: 1/2
  - Final Error: [SSL: TLSV1_UNRECOGNIZED_NAME] tlsv1 unrecognized name (_ssl.c:1006)

[2026-06-17 06:08:52] Processing staging.afxrvnzh.uuuauaaayyayayayyayay.webredirect.org
  - Error on attempt 1: Connection Timed Out

[2026-06-17 06:08:52] PERMANENTLY FAILED: staging.afxrvnzh.uuuauaaayyayayayyayay.webredirect.org
  - Attempts: 1/2
  - Final Error: Connection Timed Out

[2026-06-17 06:08:52] Processing edia.sfvn.pipajsk.webdisk2.insightandsound.co.uk
  - Error on attempt 1: Connection Timed Out

[2026-06-17 06:08:52] PERMANENTLY FAILED: edia.sfvn.pipajsk.webdisk2.insightandsound.co.uk
  - Attempts: 1/2
  - Final Error: Connection Timed Out

[2026-06-17 06:08:52] Processing pay.kerrna.com
  - Error on attempt 1: Connection Timed Out

[2026-06-17 06:08:52] PERMANENTLY FAILED: pay.kerrna.com
  - Attempts: 1/2
  - Final Error: Connection Timed Out

[2026-06-17 06:08:52] Processing maadpc.com
  - Error on attempt 1: [Errno 8] nodename nor servname provided, or not known

[2026-06-17 06:08:52] PERMANENTLY FAILED: maadpc.com
  - Attempts: 1/2
  - Final Error: [Errno 8] nodename nor servname provided, or not known

[2026-06-17 06:08:53] Processing app.zjek.com
  - Error on attempt 1: Connection Timed Out

[2026-06-17 06:08:53] PERMANENTLY FAILED: app.zjek.com
  - Attempts: 1/2
  - Final Error: Connection Timed Out

[2026-06-17 06:08:53] Processing 65253ea0.sni.cloudflaressl.com
  - Error on attempt 1: [SSL: SSLV3_ALERT_HANDSHAKE_FAILURE] ssl/tls alert handshake failure (_ssl.c:1006)

[2026-06-17 06:08:53] PERMANENTLY FAILED: 65253ea0.sni.cloudflaressl.com
  - Attempts: 1/2
  - Final Error: [SSL: SSLV3_ALERT_HANDSHAKE_FAILURE] ssl/tls alert handshake failure (_ssl.c:1006)

[2026-06-17 06:08:54] Processing test.www.commercialproperty.network
  - Error on attempt 1: Connection Timed Out

[2026-06-17 06:08:54] PERMANENTLY FAILED: test.www.commercialproperty.network
  - Attempts: 1/2
  - Final Error: Connection Timed Out

[2026-06-17 06:08:54] Processing dashboard.convertitall.com
  - Error on attempt 1: Connection Timed Out

[2026-06-17 06:08:54] PERMANENTLY FAILED: dashboard.convertitall.com
  - Attempts: 1/2
  - Final Error: Connection Timed Out

[2026-06-17 06:08:54] Processing demo.1907house.com
  - Error on attempt 1: [Errno 8] nodename nor servname provided, or not known

[2026-06-17 06:08:54] PERMANENTLY FAILED: demo.1907house.com
  - Attempts: 1/2
  - Final Error: [Errno 8] nodename nor servname provided, or not known

[2026-06-17 06:08:54] Processing cloud.bricklanestudios.com
  - Error on attempt 1: Connection Timed Out

[2026-06-17 06:08:54] PERMANENTLY FAILED: cloud.bricklanestudios.com
  - Attempts: 1/2
  - Final Error: Connection Timed Out

[2026-06-17 06:08:54] Processing it-ssl.arztverzeichnis.de
  - Error on attempt 1: Connection Timed Out

[2026-06-17 06:08:54] PERMANENTLY FAILED: it-ssl.arztverzeichnis.de
  - Attempts: 1/2
  - Final Error: Connection Timed Out

[2026-06-17 06:08:55] Processing c63d9076.sni.cloudflaressl.com
  - Error on attempt 1: [SSL: SSLV3_ALERT_HANDSHAKE_FAILURE] ssl/tls alert handshake failure (_ssl.c:1006)

[2026-06-17 06:08:55] PERMANENTLY FAILED: c63d9076.sni.cloudflaressl.com
  - Attempts: 1/2
  - Final Error: [SSL: SSLV3_ALERT_HANDSHAKE_FAILURE] ssl/tls alert handshake failure (_ssl.c:1006)

[2026-06-17 06:08:55] Processing admin.app.homeinspectionscalifornia.com
  - Error on attempt 1: [SSL: TLSV1_UNRECOGNIZED_NAME] tlsv1 unrecognized name (_ssl.c:1006)

[2026-06-17 06:08:55] PERMANENTLY FAILED: admin.app.homeinspectionscalifornia.com
  - Attempts: 1/2
  - Final Error: [SSL: TLSV1_UNRECOGNIZED_NAME] tlsv1 unrecognized name (_ssl.c:1006)

[2026-06-17 06:08:55] Processing gpt.klugscheisser.de
  - Error on attempt 1: Connection Timed Out

[2026-06-17 06:08:55] PERMANENTLY FAILED: gpt.klugscheisser.de
  - Attempts: 1/2
  - Final Error: Connection Timed Out

[2026-06-17 06:08:55] Processing br.hotmal.co.uk
  - Error on attempt 1: Connection Timed Out

[2026-06-17 06:08:55] PERMANENTLY FAILED: br.hotmal.co.uk
  - Attempts: 1/2
  - Final Error: Connection Timed Out

[2026-06-17 06:08:55] Processing api.app.huajialvyou.com
  - Error on attempt 1: Connection Timed Out

[2026-06-17 06:08:55] PERMANENTLY FAILED: api.app.huajialvyou.com
  - Attempts: 1/2
  - Final Error: Connection Timed Out

[2026-06-17 06:08:57] Processing marutiengineeringcompany.in
  - Error on attempt 1: Connection Timed Out

[2026-06-17 06:08:57] PERMANENTLY FAILED: marutiengineeringcompany.in
  - Attempts: 1/2
  - Final Error: Connection Timed Out

[2026-06-17 06:08:57] Processing ead7e948db8b4c8a814b89a7817577e5.int.ce.cc.arc.azure.net
  - Error on attempt 1: Connection Timed Out

[2026-06-17 06:08:57] PERMANENTLY FAILED: ead7e948db8b4c8a814b89a7817577e5.int.ce.cc.arc.azure.net
  - Attempts: 1/2
  - Final Error: Connection Timed Out

[2026-06-17 06:08:57] Processing s-yingchao.com
  - Error on attempt 1: [Errno 8] nodename nor servname provided, or not known

[2026-06-17 06:08:57] PERMANENTLY FAILED: s-yingchao.com
  - Attempts: 1/2
  - Final Error: [Errno 8] nodename nor servname provided, or not known

[2026-06-17 06:08:57] Processing internal.delightfulrock-525d5a07.westeurope.azurecontainerapps.io
  - Error on attempt 1: [SSL: UNEXPECTED_EOF_WHILE_READING] EOF occurred in violation of protocol (_ssl.c:1006)

[2026-06-17 06:08:57] PERMANENTLY FAILED: internal.delightfulrock-525d5a07.westeurope.azurecontainerapps.io
  - Attempts: 1/2
  - Final Error: [SSL: UNEXPECTED_EOF_WHILE_READING] EOF occurred in violation of protocol (_ssl.c:1006)

[2026-06-17 06:08:57] Processing radiator.one
  - Error on attempt 1: [Errno 8] nodename nor servname provided, or not known

[2026-06-17 06:08:57] PERMANENTLY FAILED: radiator.one
  - Attempts: 1/2
  - Final Error: [Errno 8] nodename nor servname provided, or not known

[2026-06-17 06:08:57] Processing g.riems.com
  - Error on attempt 1: Connection Timed Out

[2026-06-17 06:08:57] PERMANENTLY FAILED: g.riems.com
  - Attempts: 1/2
  - Final Error: Connection Timed Out

[2026-06-17 06:08:58] Processing b-babakan69.workers.dev
  - Error on attempt 1: [Errno 8] nodename nor servname provided, or not known

[2026-06-17 06:08:58] PERMANENTLY FAILED: b-babakan69.workers.dev
  - Attempts: 1/2
  - Final Error: [Errno 8] nodename nor servname provided, or not known

[2026-06-17 06:08:58] Processing 8970a4b3-b337-4f77-a377-2215c522b9e2.esalg.no
  - Error on attempt 1: Connection Timed Out

[2026-06-17 06:08:58] PERMANENTLY FAILED: 8970a4b3-b337-4f77-a377-2215c522b9e2.esalg.no
  - Attempts: 1/2
  - Final Error: Connection Timed Out

[2026-06-17 06:08:58] Processing api.cubeitlap334-24.cube.org
  - Error on attempt 1: [SSL: TLSV1_UNRECOGNIZED_NAME] tlsv1 unrecognized name (_ssl.c:1006)

[2026-06-17 06:08:58] PERMANENTLY FAILED: api.cubeitlap334-24.cube.org
  - Attempts: 1/2
  - Final Error: [SSL: TLSV1_UNRECOGNIZED_NAME] tlsv1 unrecognized name (_ssl.c:1006)

[2026-06-17 06:08:58] Processing api.shcs.almased.uk
  - Error on attempt 1: [Errno 8] nodename nor servname provided, or not known

[2026-06-17 06:08:58] PERMANENTLY FAILED: api.shcs.almased.uk
  - Attempts: 1/2
  - Final Error: [Errno 8] nodename nor servname provided, or not known

[2026-06-17 06:08:58] Processing deletdisor.com
  - Error on attempt 1: [Errno 8] nodename nor servname provided, or not known

[2026-06-17 06:08:58] PERMANENTLY FAILED: deletdisor.com
  - Attempts: 1/2
  - Final Error: [Errno 8] nodename nor servname provided, or not known

[2026-06-17 06:08:58] Processing ugtfnrpj.lightspeedsystems.help
  - Error on attempt 1: [Errno 8] nodename nor servname provided, or not known

[2026-06-17 06:08:58] PERMANENTLY FAILED: ugtfnrpj.lightspeedsystems.help
  - Attempts: 1/2
  - Final Error: [Errno 8] nodename nor servname provided, or not known

[2026-06-17 06:08:58] Processing appliance.pashko.com
  - Error on attempt 1: [Errno 8] nodename nor servname provided, or not known

[2026-06-17 06:08:58] PERMANENTLY FAILED: appliance.pashko.com
  - Attempts: 1/2
  - Final Error: [Errno 8] nodename nor servname provided, or not known

[2026-06-17 06:08:58] Processing staging.1907house.com
  - Error on attempt 1: [Errno 8] nodename nor servname provided, or not known

[2026-06-17 06:08:58] PERMANENTLY FAILED: staging.1907house.com
  - Attempts: 1/2
  - Final Error: [Errno 8] nodename nor servname provided, or not known

[2026-06-17 06:08:58] Processing yefeng0909.direct.quickconnect.cn
  - Error on attempt 1: [Errno 8] nodename nor servname provided, or not known

[2026-06-17 06:08:58] PERMANENTLY FAILED: yefeng0909.direct.quickconnect.cn
  - Attempts: 1/2
  - Final Error: [Errno 8] nodename nor servname provided, or not known

[2026-06-17 06:08:59] Processing pay.socialcircle.me
  - Error on attempt 1: [Errno 8] nodename nor servname provided, or not known

[2026-06-17 06:08:59] PERMANENTLY FAILED: pay.socialcircle.me
  - Attempts: 1/2
  - Final Error: [Errno 8] nodename nor servname provided, or not known

[2026-06-17 06:08:59] Processing expertient.com
  - Error on attempt 1: [Errno 61] Connection refused

[2026-06-17 06:08:59] PERMANENTLY FAILED: expertient.com
  - Attempts: 1/2
  - Final Error: [Errno 61] Connection refused

[2026-06-17 06:08:59] Processing prepvidya.in
  - Error on attempt 1: Connection Timed Out

[2026-06-17 06:08:59] PERMANENTLY FAILED: prepvidya.in
  - Attempts: 1/2
  - Final Error: Connection Timed Out

[2026-06-17 06:08:59] Processing ee909d299352.database.usgovcloudapi.net
  - Error on attempt 1: [Errno 8] nodename nor servname provided, or not known

[2026-06-17 06:08:59] PERMANENTLY FAILED: ee909d299352.database.usgovcloudapi.net
  - Attempts: 1/2
  - Final Error: [Errno 8] nodename nor servname provided, or not known

[2026-06-17 06:08:59] Processing staging.dev.motivasidp.almased.uk
  - Error on attempt 1: [Errno 8] nodename nor servname provided, or not known

[2026-06-17 06:08:59] PERMANENTLY FAILED: staging.dev.motivasidp.almased.uk
  - Attempts: 1/2
  - Final Error: [Errno 8] nodename nor servname provided, or not known

[2026-06-17 06:08:59] Processing gpptmapi.comgirls16.com
  - Error on attempt 1: [Errno 8] nodename nor servname provided, or not known

[2026-06-17 06:08:59] PERMANENTLY FAILED: gpptmapi.comgirls16.com
  - Attempts: 1/2
  - Final Error: [Errno 8] nodename nor servname provided, or not known

[2026-06-17 06:08:59] Processing mpsjunior.workers.dev
  - Error on attempt 1: [Errno 8] nodename nor servname provided, or not known

[2026-06-17 06:08:59] PERMANENTLY FAILED: mpsjunior.workers.dev
  - Attempts: 1/2
  - Final Error: [Errno 8] nodename nor servname provided, or not known

[2026-06-17 06:08:59] Processing c4132c1c4c970240883960f7.keenetic.io
  - Error on attempt 1: [Errno 8] nodename nor servname provided, or not known

[2026-06-17 06:08:59] PERMANENTLY FAILED: c4132c1c4c970240883960f7.keenetic.io
  - Attempts: 1/2
  - Final Error: [Errno 8] nodename nor servname provided, or not known

[2026-06-17 06:08:59] Processing dev.library2.noondaycollection.com
  - Error on attempt 1: [Errno 61] Connection refused

[2026-06-17 06:08:59] PERMANENTLY FAILED: dev.library2.noondaycollection.com
  - Attempts: 1/2
  - Final Error: [Errno 61] Connection refused

[2026-06-17 06:09:00] Processing relay.cpks.de
  - Error on attempt 1: [Errno 8] nodename nor servname provided, or not known

[2026-06-17 06:09:00] PERMANENTLY FAILED: relay.cpks.de
  - Attempts: 1/2
  - Final Error: [Errno 8] nodename nor servname provided, or not known

[2026-06-17 06:09:00] Processing vpn-gate-1-pri.rtlab.com
  - Error on attempt 1: [SSL: TLSV1_UNRECOGNIZED_NAME] tlsv1 unrecognized name (_ssl.c:1006)

[2026-06-17 06:09:00] PERMANENTLY FAILED: vpn-gate-1-pri.rtlab.com
  - Attempts: 1/2
  - Final Error: [SSL: TLSV1_UNRECOGNIZED_NAME] tlsv1 unrecognized name (_ssl.c:1006)

[2026-06-17 06:09:00] Processing test.wwwbkwogwww.abcjogos.weblly.com
  - Error on attempt 1: Connection Timed Out

[2026-06-17 06:09:00] PERMANENTLY FAILED: test.wwwbkwogwww.abcjogos.weblly.com
  - Attempts: 1/2
  - Final Error: Connection Timed Out

[2026-06-17 06:09:00] Processing consultgear.com
  - Error on attempt 1: [Errno 8] nodename nor servname provided, or not known

[2026-06-17 06:09:00] PERMANENTLY FAILED: consultgear.com
  - Attempts: 1/2
  - Final Error: [Errno 8] nodename nor servname provided, or not known

[2026-06-17 06:09:00] Processing kundenportal.cpks.de
  - Error on attempt 1: [Errno 8] nodename nor servname provided, or not known

[2026-06-17 06:09:00] Processing staging.stateastasiamanagedcerttest.cappstestdoswebblumebod3.ecopoil6.shishartech.com
  - Error on attempt 1: [Errno 8] nodename nor servname provided, or not known

[2026-06-17 06:09:00] PERMANENTLY FAILED: kundenportal.cpks.de
  - Attempts: 1/2
  - Final Error: [Errno 8] nodename nor servname provided, or not known

[2026-06-17 06:09:00] PERMANENTLY FAILED: staging.stateastasiamanagedcerttest.cappstestdoswebblumebod3.ecopoil6.shishartech.com
  - Attempts: 1/2
  - Final Error: [Errno 8] nodename nor servname provided, or not known

[2026-06-17 06:09:00] Processing dev.lasalle.studyhall.com
  - Error on attempt 1: [SSL: TLSV1_UNRECOGNIZED_NAME] tlsv1 unrecognized name (_ssl.c:1006)

[2026-06-17 06:09:00] PERMANENTLY FAILED: dev.lasalle.studyhall.com
  - Attempts: 1/2
  - Final Error: [SSL: TLSV1_UNRECOGNIZED_NAME] tlsv1 unrecognized name (_ssl.c:1006)

[2026-06-17 06:09:01] Processing dev.www.comng.euom.comlab.news.h2775398.stratoserver.net
  - Error on attempt 1: [SSL: TLSV1_UNRECOGNIZED_NAME] tlsv1 unrecognized name (_ssl.c:1006)

[2026-06-17 06:09:01] PERMANENTLY FAILED: dev.www.comng.euom.comlab.news.h2775398.stratoserver.net
  - Attempts: 1/2
  - Final Error: [SSL: TLSV1_UNRECOGNIZED_NAME] tlsv1 unrecognized name (_ssl.c:1006)

[2026-06-17 06:09:01] Processing staging.app.humanoidcore.com
  - Error on attempt 1: [SSL: TLSV1_UNRECOGNIZED_NAME] tlsv1 unrecognized name (_ssl.c:1006)

[2026-06-17 06:09:01] PERMANENTLY FAILED: staging.app.humanoidcore.com
  - Attempts: 1/2
  - Final Error: [SSL: TLSV1_UNRECOGNIZED_NAME] tlsv1 unrecognized name (_ssl.c:1006)

[2026-06-17 06:09:01] Processing dev.app.hubsaasbase.com
  - Error on attempt 1: [Errno 8] nodename nor servname provided, or not known

[2026-06-17 06:09:01] PERMANENTLY FAILED: dev.app.hubsaasbase.com
  - Attempts: 1/2
  - Final Error: [Errno 8] nodename nor servname provided, or not known

[2026-06-17 06:09:01] Processing sreducatcareer.com
  - Error on attempt 1: [Errno 8] nodename nor servname provided, or not known

[2026-06-17 06:09:01] PERMANENTLY FAILED: sreducatcareer.com
  - Attempts: 1/2
  - Final Error: [Errno 8] nodename nor servname provided, or not known

[2026-06-17 06:09:01] Processing casahoje.sbs
  - Error on attempt 1: [Errno 8] nodename nor servname provided, or not known

[2026-06-17 06:09:01] PERMANENTLY FAILED: casahoje.sbs
  - Attempts: 1/2
  - Final Error: [Errno 8] nodename nor servname provided, or not known

[2026-06-17 06:09:01] Processing b000e7ae-58ce-4051-92a1-ecd3ca24915d.hotelsinprague.net
  - Error on attempt 1: Connection Timed Out

[2026-06-17 06:09:01] PERMANENTLY FAILED: b000e7ae-58ce-4051-92a1-ecd3ca24915d.hotelsinprague.net
  - Attempts: 1/2
  - Final Error: Connection Timed Out

[2026-06-17 06:09:01] Processing staging.dev.visual.almased.uk
  - Error on attempt 1: [Errno 8] nodename nor servname provided, or not known

[2026-06-17 06:09:01] PERMANENTLY FAILED: staging.dev.visual.almased.uk
  - Attempts: 1/2
  - Final Error: [Errno 8] nodename nor servname provided, or not known

[2026-06-17 06:09:01] Processing test.app.hopeofher.com
  - Error on attempt 1: [Errno 8] nodename nor servname provided, or not known

[2026-06-17 06:09:01] PERMANENTLY FAILED: test.app.hopeofher.com
  - Attempts: 1/2
  - Final Error: [Errno 8] nodename nor servname provided, or not known

[2026-06-17 06:09:02] Processing lsm99asia.fun
  - Error on attempt 1: [Errno 8] nodename nor servname provided, or not known

[2026-06-17 06:09:02] PERMANENTLY FAILED: lsm99asia.fun
  - Attempts: 1/2
  - Final Error: [Errno 8] nodename nor servname provided, or not known

[2026-06-17 06:09:02] Processing f4c3c6f85c5798c35cc9bbe1.keenetic.io
  - Error on attempt 1: [Errno 8] nodename nor servname provided, or not known

[2026-06-17 06:09:02] PERMANENTLY FAILED: f4c3c6f85c5798c35cc9bbe1.keenetic.io
  - Attempts: 1/2
  - Final Error: [Errno 8] nodename nor servname provided, or not known

[2026-06-17 06:09:02] Processing api.www.c.locationeab.site6.shishartech.com
  - Error on attempt 1: [Errno 8] nodename nor servname provided, or not known

[2026-06-17 06:09:02] PERMANENTLY FAILED: api.www.c.locationeab.site6.shishartech.com
  - Attempts: 1/2
  - Final Error: [Errno 8] nodename nor servname provided, or not known

[2026-06-17 06:09:02] Processing 35882987060a10a37a3d7943.keenetic.io
  - Error on attempt 1: [Errno 8] nodename nor servname provided, or not known

[2026-06-17 06:09:02] PERMANENTLY FAILED: 35882987060a10a37a3d7943.keenetic.io
  - Attempts: 1/2
  - Final Error: [Errno 8] nodename nor servname provided, or not known

[2026-06-17 06:09:02] Processing access.cpec.in
  - Error on attempt 1: [Errno 8] nodename nor servname provided, or not known

[2026-06-17 06:09:02] PERMANENTLY FAILED: access.cpec.in
  - Attempts: 1/2
  - Final Error: [Errno 8] nodename nor servname provided, or not known

[2026-06-17 06:09:02] Processing spendhoundanalytics.com
  - Error on attempt 1: [SSL: TLSV1_ALERT_INTERNAL_ERROR] tlsv1 alert internal error (_ssl.c:1006)

[2026-06-17 06:09:02] PERMANENTLY FAILED: spendhoundanalytics.com
  - Attempts: 1/2
  - Final Error: [SSL: TLSV1_ALERT_INTERNAL_ERROR] tlsv1 alert internal error (_ssl.c:1006)

[2026-06-17 06:09:02] Processing ra.relaxaaifofa.com
  - Error on attempt 1: Connection Timed Out

[2026-06-17 06:09:02] PERMANENTLY FAILED: ra.relaxaaifofa.com
  - Attempts: 1/2
  - Final Error: Connection Timed Out

[2026-06-17 06:09:02] Processing dev.v2.khanacademy.mom
  - Error on attempt 1: Connection Timed Out

[2026-06-17 06:09:02] PERMANENTLY FAILED: dev.v2.khanacademy.mom
  - Attempts: 1/2
  - Final Error: Connection Timed Out

[2026-06-17 06:09:03] Processing account.eclatdemuse.com
  - Error on attempt 1: [SSL: SSLV3_ALERT_HANDSHAKE_FAILURE] ssl/tls alert handshake failure (_ssl.c:1006)

[2026-06-17 06:09:03] PERMANENTLY FAILED: account.eclatdemuse.com
  - Attempts: 1/2
  - Final Error: [SSL: SSLV3_ALERT_HANDSHAKE_FAILURE] ssl/tls alert handshake failure (_ssl.c:1006)

[2026-06-17 06:09:03] Processing a-good-accident-lawyer.online
  - Error on attempt 1: [Errno 8] nodename nor servname provided, or not known

[2026-06-17 06:09:03] PERMANENTLY FAILED: a-good-accident-lawyer.online
  - Attempts: 1/2
  - Final Error: [Errno 8] nodename nor servname provided, or not known

[2026-06-17 06:09:03] Processing test.api.bannedhuman.com
  - Error on attempt 1: [Errno 8] nodename nor servname provided, or not known

[2026-06-17 06:09:03] PERMANENTLY FAILED: test.api.bannedhuman.com
  - Attempts: 1/2
  - Final Error: [Errno 8] nodename nor servname provided, or not known

[2026-06-17 06:09:03] Processing git.comgirls16.com
  - Error on attempt 1: [Errno 8] nodename nor servname provided, or not known

[2026-06-17 06:09:03] PERMANENTLY FAILED: git.comgirls16.com
  - Attempts: 1/2
  - Final Error: [Errno 8] nodename nor servname provided, or not known

[2026-06-17 06:09:03] Processing ww25.1m.abj.company
  - Error on attempt 1: [Errno 8] nodename nor servname provided, or not known

[2026-06-17 06:09:03] PERMANENTLY FAILED: ww25.1m.abj.company
  - Attempts: 1/2
  - Final Error: [Errno 8] nodename nor servname provided, or not known

[2026-06-17 06:09:03] Processing ourstoryshared.com
  - Error on attempt 1: [Errno 61] Connection refused

[2026-06-17 06:09:03] PERMANENTLY FAILED: ourstoryshared.com
  - Attempts: 1/2
  - Final Error: [Errno 61] Connection refused

[2026-06-17 06:09:04] Processing sitemaps.importcalculator.uk
  - Error on attempt 1: [Errno 8] nodename nor servname provided, or not known

[2026-06-17 06:09:04] PERMANENTLY FAILED: sitemaps.importcalculator.uk
  - Attempts: 1/2
  - Final Error: [Errno 8] nodename nor servname provided, or not known

[2026-06-17 06:09:04] Processing seed.pashko.com
  - Error on attempt 1: [Errno 8] nodename nor servname provided, or not known

[2026-06-17 06:09:04] PERMANENTLY FAILED: seed.pashko.com
  - Attempts: 1/2
  - Final Error: [Errno 8] nodename nor servname provided, or not known

[2026-06-17 06:09:04] Processing point-and-shoot.com
  - Error on attempt 1: Connection Timed Out

[2026-06-17 06:09:04] PERMANENTLY FAILED: point-and-shoot.com
  - Attempts: 1/2
  - Final Error: Connection Timed Out

[2026-06-17 06:09:04] Processing api.leonferrari.com
  - Error on attempt 1: Connection Timed Out

[2026-06-17 06:09:04] PERMANENTLY FAILED: api.leonferrari.com
  - Attempts: 1/2
  - Final Error: Connection Timed Out

[2026-06-17 06:09:04] Processing receiver.jesper.se
  - Error on attempt 1: [SSL: TLSV1_ALERT_INTERNAL_ERROR] tlsv1 alert internal error (_ssl.c:1006)

[2026-06-17 06:09:04] PERMANENTLY FAILED: receiver.jesper.se
  - Attempts: 1/2
  - Final Error: [SSL: TLSV1_ALERT_INTERNAL_ERROR] tlsv1 alert internal error (_ssl.c:1006)

[2026-06-17 06:09:05] Processing dev.vapeno5.com
  - Error on attempt 1: [Errno 8] nodename nor servname provided, or not known

[2026-06-17 06:09:05] PERMANENTLY FAILED: dev.vapeno5.com
  - Attempts: 1/2
  - Final Error: [Errno 8] nodename nor servname provided, or not known

[2026-06-17 06:09:05] Processing c2008.compute.dub1.edc.strln.net
  - Error on attempt 1: Connection Timed Out

[2026-06-17 06:09:05] PERMANENTLY FAILED: c2008.compute.dub1.edc.strln.net
  - Attempts: 1/2
  - Final Error: Connection Timed Out

[2026-06-17 06:09:06] Processing dev.app.homeproductsearch.click
  - Error on attempt 1: Connection Timed Out

[2026-06-17 06:09:06] PERMANENTLY FAILED: dev.app.homeproductsearch.click
  - Attempts: 1/2
  - Final Error: Connection Timed Out

[2026-06-17 06:09:07] Processing saintfrancisbeauty.com
  - Error on attempt 1: [Errno 8] nodename nor servname provided, or not known

[2026-06-17 06:09:07] PERMANENTLY FAILED: saintfrancisbeauty.com
  - Attempts: 1/2
  - Final Error: [Errno 8] nodename nor servname provided, or not known

[2026-06-17 06:09:07] Processing saosao.dpdns.org
  - Error on attempt 1: [Errno 8] nodename nor servname provided, or not known

[2026-06-17 06:09:07] PERMANENTLY FAILED: saosao.dpdns.org
  - Attempts: 1/2
  - Final Error: [Errno 8] nodename nor servname provided, or not known

[2026-06-17 06:09:07] Processing co.movimientodemocracia.net
  - Error on attempt 1: Connection Timed Out

[2026-06-17 06:09:07] PERMANENTLY FAILED: co.movimientodemocracia.net
  - Attempts: 1/2
  - Final Error: Connection Timed Out

[2026-06-17 06:09:07] Processing admin.app.hyperflowbase.com
  - Error on attempt 1: [Errno 8] nodename nor servname provided, or not known

[2026-06-17 06:09:07] PERMANENTLY FAILED: admin.app.hyperflowbase.com
  - Attempts: 1/2
  - Final Error: [Errno 8] nodename nor servname provided, or not known

[2026-06-17 06:09:07] Processing 78b65b81-79cd-47b3-bd35-37c0cf9fbefb.centralnacionalunimed.com
  - Error on attempt 1: Connection Timed Out

[2026-06-17 06:09:07] PERMANENTLY FAILED: 78b65b81-79cd-47b3-bd35-37c0cf9fbefb.centralnacionalunimed.com
  - Attempts: 1/2
  - Final Error: Connection Timed Out

[2026-06-17 06:09:08] Processing lectnhyz.fmu-global.jp
  - Error on attempt 1: Connection Timed Out

[2026-06-17 06:09:08] PERMANENTLY FAILED: lectnhyz.fmu-global.jp
  - Attempts: 1/2
  - Final Error: Connection Timed Out

[2026-06-17 06:09:08] Processing om.kazmin.com
  - Error on attempt 1: [Errno 8] nodename nor servname provided, or not known

[2026-06-17 06:09:08] PERMANENTLY FAILED: om.kazmin.com
  - Attempts: 1/2
  - Final Error: [Errno 8] nodename nor servname provided, or not known

[2026-06-17 06:09:08] Processing cc22783d-6fbd-4b44-ac38-a29445920ad4.ruddiman.co.uk
  - Error on attempt 1: Connection Timed Out

[2026-06-17 06:09:08] PERMANENTLY FAILED: cc22783d-6fbd-4b44-ac38-a29445920ad4.ruddiman.co.uk
  - Attempts: 1/2
  - Final Error: Connection Timed Out

[2026-06-17 06:09:08] Processing api.www.commercialproperty.network
  - Error on attempt 1: Connection Timed Out

[2026-06-17 06:09:08] PERMANENTLY FAILED: api.www.commercialproperty.network
  - Attempts: 1/2
  - Final Error: Connection Timed Out

[2026-06-17 06:09:09] Processing roswellguide.com
  - Error on attempt 1: [Errno 61] Connection refused

[2026-06-17 06:09:09] PERMANENTLY FAILED: roswellguide.com
  - Attempts: 1/2
  - Final Error: [Errno 61] Connection refused

[2026-06-17 06:09:09] Processing 88adx.mesh.mongodb.net
  - Error on attempt 1: [Errno 8] nodename nor servname provided, or not known

[2026-06-17 06:09:09] PERMANENTLY FAILED: 88adx.mesh.mongodb.net
  - Attempts: 1/2
  - Final Error: [Errno 8] nodename nor servname provided, or not known

[2026-06-17 06:09:09] Processing admin.kyzmctnu.uuuauaaayyayayayyayay.webredirect.org
  - Error on attempt 1: Connection Timed Out

[2026-06-17 06:09:09] PERMANENTLY FAILED: admin.kyzmctnu.uuuauaaayyayayayyayay.webredirect.org
  - Attempts: 1/2
  - Final Error: Connection Timed Out

[2026-06-17 06:09:09] Processing jojodreams.co.uk
  - Error on attempt 1: [Errno 8] nodename nor servname provided, or not known

[2026-06-17 06:09:09] PERMANENTLY FAILED: jojodreams.co.uk
  - Attempts: 1/2
  - Final Error: [Errno 8] nodename nor servname provided, or not known

[2026-06-17 06:09:09] Processing api.kxdjobga.uuuauaaayyayayayyayay.webredirect.org
  - Error on attempt 1: Connection Timed Out

[2026-06-17 06:09:09] PERMANENTLY FAILED: api.kxdjobga.uuuauaaayyayayayyayay.webredirect.org
  - Attempts: 1/2
  - Final Error: Connection Timed Out

[2026-06-17 06:09:10] Processing outlook.historicmotels.com
  - Error on attempt 1: Connection Timed Out

[2026-06-17 06:09:10] PERMANENTLY FAILED: outlook.historicmotels.com
  - Attempts: 1/2
  - Final Error: Connection Timed Out

[2026-06-17 06:09:10] Processing jwc.bestorcasinos.com
  - Error on attempt 1: Connection Timed Out

[2026-06-17 06:09:10] Processing staging.wwwcan.jobi.one
  - Error on attempt 1: Connection Timed Out

[2026-06-17 06:09:10] PERMANENTLY FAILED: jwc.bestorcasinos.com
  - Attempts: 1/2
  - Final Error: Connection Timed Out

[2026-06-17 06:09:10] PERMANENTLY FAILED: staging.wwwcan.jobi.one
  - Attempts: 1/2
  - Final Error: Connection Timed Out

[2026-06-17 06:09:10] Processing tricountycarting.com
  - Error on attempt 1: [Errno 61] Connection refused

[2026-06-17 06:09:10] PERMANENTLY FAILED: tricountycarting.com
  - Attempts: 1/2
  - Final Error: [Errno 61] Connection refused

[2026-06-17 06:09:10] Processing api.lgacdxpm.uuuauaaayyayayayyayay.webredirect.org
  - Error on attempt 1: Connection Timed Out

[2026-06-17 06:09:10] PERMANENTLY FAILED: api.lgacdxpm.uuuauaaayyayayayyayay.webredirect.org
  - Attempts: 1/2
  - Final Error: Connection Timed Out

[2026-06-17 06:09:11] Processing games.kuranty.com
  - Error on attempt 1: [Errno 8] nodename nor servname provided, or not known

[2026-06-17 06:09:11] PERMANENTLY FAILED: games.kuranty.com
  - Attempts: 1/2
  - Final Error: [Errno 8] nodename nor servname provided, or not known

[2026-06-17 06:09:11] Processing activecode.in
  - Error on attempt 1: Connection Timed Out

[2026-06-17 06:09:11] PERMANENTLY FAILED: activecode.in
  - Attempts: 1/2
  - Final Error: Connection Timed Out

[2026-06-17 06:09:11] Processing mx001.nixor.com
  - Error on attempt 1: [Errno 8] nodename nor servname provided, or not known

[2026-06-17 06:09:11] PERMANENTLY FAILED: mx001.nixor.com
  - Attempts: 1/2
  - Final Error: [Errno 8] nodename nor servname provided, or not known

[2026-06-17 06:09:11] Processing ww25.rp77739.com
  - Error on attempt 1: [Errno 8] nodename nor servname provided, or not known

[2026-06-17 06:09:11] PERMANENTLY FAILED: ww25.rp77739.com
  - Attempts: 1/2
  - Final Error: [Errno 8] nodename nor servname provided, or not known

[2026-06-17 06:09:11] Processing dev.delawarepublishing.com
  - Error on attempt 1: [Errno 8] nodename nor servname provided, or not known

[2026-06-17 06:09:11] PERMANENTLY FAILED: dev.delawarepublishing.com
  - Attempts: 1/2
  - Final Error: [Errno 8] nodename nor servname provided, or not known

[2026-06-17 06:09:11] Processing sslvpn2.comgirls16.com
  - Error on attempt 1: [Errno 8] nodename nor servname provided, or not known

[2026-06-17 06:09:11] PERMANENTLY FAILED: sslvpn2.comgirls16.com
  - Attempts: 1/2
  - Final Error: [Errno 8] nodename nor servname provided, or not known

[2026-06-17 06:09:11] Processing email.kjbm.adirondacknewcomers.com
  - Error on attempt 1: [Errno 8] nodename nor servname provided, or not known

[2026-06-17 06:09:11] PERMANENTLY FAILED: email.kjbm.adirondacknewcomers.com
  - Attempts: 1/2
  - Final Error: [Errno 8] nodename nor servname provided, or not known

[2026-06-17 06:09:11] Processing dev.kpegchti.uuuauaaayyayayayyayay.webredirect.org
  - Error on attempt 1: Connection Timed Out

[2026-06-17 06:09:11] PERMANENTLY FAILED: dev.kpegchti.uuuauaaayyayayayyayay.webredirect.org
  - Attempts: 1/2
  - Final Error: Connection Timed Out

[2026-06-17 06:09:11] Processing dev.wwwcomlab.www.www.docs.apihuman-machine.seedbox.fouilhe.fr
  - Error on attempt 1: [Errno 8] nodename nor servname provided, or not known

[2026-06-17 06:09:11] PERMANENTLY FAILED: dev.wwwcomlab.www.www.docs.apihuman-machine.seedbox.fouilhe.fr
  - Attempts: 1/2
  - Final Error: [Errno 8] nodename nor servname provided, or not known

[2026-06-17 06:09:11] Processing n8n.lhl.care
  - Error on attempt 1: Connection Timed Out

[2026-06-17 06:09:11] PERMANENTLY FAILED: n8n.lhl.care
  - Attempts: 1/2
  - Final Error: Connection Timed Out

[2026-06-17 06:09:11] Processing dev.sefpbaij.uuuauaaayyayayayyayay.webredirect.org
  - Error on attempt 1: Connection Timed Out

[2026-06-17 06:09:11] PERMANENTLY FAILED: dev.sefpbaij.uuuauaaayyayayayyayay.webredirect.org
  - Attempts: 1/2
  - Final Error: Connection Timed Out

[2026-06-17 06:09:12] Processing source-domain-1767886877064.na3.prod.hubspot-at-test.com
  - Error on attempt 1: [SSL: SSLV3_ALERT_HANDSHAKE_FAILURE] ssl/tls alert handshake failure (_ssl.c:1006)

[2026-06-17 06:09:12] PERMANENTLY FAILED: source-domain-1767886877064.na3.prod.hubspot-at-test.com
  - Attempts: 1/2
  - Final Error: [SSL: SSLV3_ALERT_HANDSHAKE_FAILURE] ssl/tls alert handshake failure (_ssl.c:1006)

[2026-06-17 06:09:12] Processing agency02-projects-vodafone.innovationcast.net
  - Error on attempt 1: [Errno 8] nodename nor servname provided, or not known

[2026-06-17 06:09:12] PERMANENTLY FAILED: agency02-projects-vodafone.innovationcast.net
  - Attempts: 1/2
  - Final Error: [Errno 8] nodename nor servname provided, or not known

[2026-06-17 06:09:12] Processing tun26.sbs
  - Error on attempt 1: [Errno 8] nodename nor servname provided, or not known

[2026-06-17 06:09:12] PERMANENTLY FAILED: tun26.sbs
  - Attempts: 1/2
  - Final Error: [Errno 8] nodename nor servname provided, or not known

[2026-06-17 06:09:12] Processing threepor.site
  - Error on attempt 1: [Errno 8] nodename nor servname provided, or not known

[2026-06-17 06:09:12] PERMANENTLY FAILED: threepor.site
  - Attempts: 1/2
  - Final Error: [Errno 8] nodename nor servname provided, or not known

[2026-06-17 06:09:12] Processing app.splitdecisionmma.info
  - Error on attempt 1: Connection Timed Out

[2026-06-17 06:09:12] PERMANENTLY FAILED: app.splitdecisionmma.info
  - Attempts: 1/2
  - Final Error: Connection Timed Out

[2026-06-17 06:09:12] Processing crossfit.help
  - Error on attempt 1: [Errno 8] nodename nor servname provided, or not known

[2026-06-17 06:09:12] PERMANENTLY FAILED: crossfit.help
  - Attempts: 1/2
  - Final Error: [Errno 8] nodename nor servname provided, or not known

[2026-06-17 06:09:12] Processing paintcorpslive.com
  - Error on attempt 1: [Errno 8] nodename nor servname provided, or not known

[2026-06-17 06:09:12] PERMANENTLY FAILED: paintcorpslive.com
  - Attempts: 1/2
  - Final Error: [Errno 8] nodename nor servname provided, or not known

[2026-06-17 06:09:12] Processing figtrii.online
  - Error on attempt 1: [Errno 8] nodename nor servname provided, or not known

[2026-06-17 06:09:12] PERMANENTLY FAILED: figtrii.online
  - Attempts: 1/2
  - Final Error: [Errno 8] nodename nor servname provided, or not known

[2026-06-17 06:09:12] Processing device-local-9d0f423a-0c08-4f86-8306-21d690bfdc07.remotewd.com
  - Error on attempt 1: Connection Timed Out

[2026-06-17 06:09:12] PERMANENTLY FAILED: device-local-9d0f423a-0c08-4f86-8306-21d690bfdc07.remotewd.com
  - Attempts: 1/2
  - Final Error: Connection Timed Out

[2026-06-17 06:09:13] Processing anywhere.ruddiman.co.uk
  - Error on attempt 1: Connection Timed Out

[2026-06-17 06:09:13] PERMANENTLY FAILED: anywhere.ruddiman.co.uk
  - Attempts: 1/2
  - Final Error: Connection Timed Out

[2026-06-17 06:09:13] Processing nocreditche.308183.free-press-release.com
  - Error on attempt 1: Connection Timed Out

[2026-06-17 06:09:13] PERMANENTLY FAILED: nocreditche.308183.free-press-release.com
  - Attempts: 1/2
  - Final Error: Connection Timed Out

[2026-06-17 06:09:13] Processing sherfick.net
  - Error on attempt 1: [Errno 8] nodename nor servname provided, or not known

[2026-06-17 06:09:13] PERMANENTLY FAILED: sherfick.net
  - Attempts: 1/2
  - Final Error: [Errno 8] nodename nor servname provided, or not known

[2026-06-17 06:09:13] Processing synology-reserve-cvh9bsnnt4026l.direct.quickconnect.to
  - Error on attempt 1: [Errno 8] nodename nor servname provided, or not known

[2026-06-17 06:09:13] PERMANENTLY FAILED: synology-reserve-cvh9bsnnt4026l.direct.quickconnect.to
  - Attempts: 1/2
  - Final Error: [Errno 8] nodename nor servname provided, or not known

[2026-06-17 06:09:13] Processing bonethewife.org
  - Error on attempt 1: Connection Timed Out

[2026-06-17 06:09:13] PERMANENTLY FAILED: bonethewife.org
  - Attempts: 1/2
  - Final Error: Connection Timed Out

[2026-06-17 06:09:13] Processing enterpriseenablement.sbs
  - Error on attempt 1: [Errno 8] nodename nor servname provided, or not known

[2026-06-17 06:09:13] PERMANENTLY FAILED: enterpriseenablement.sbs
  - Attempts: 1/2
  - Final Error: [Errno 8] nodename nor servname provided, or not known

[2026-06-17 06:09:13] Processing dev.api.banzou.sbs
  - Error on attempt 1: Connection Timed Out

[2026-06-17 06:09:13] PERMANENTLY FAILED: dev.api.banzou.sbs
  - Attempts: 1/2
  - Final Error: Connection Timed Out

[2026-06-17 06:09:13] Processing api.golden-china.com.tw
  - Error on attempt 1: Connection Timed Out

[2026-06-17 06:09:13] PERMANENTLY FAILED: api.golden-china.com.tw
  - Attempts: 1/2
  - Final Error: Connection Timed Out

[2026-06-17 06:09:13] Processing asa.ruddiman.co.uk
  - Error on attempt 1: Connection Timed Out

[2026-06-17 06:09:13] PERMANENTLY FAILED: asa.ruddiman.co.uk
  - Attempts: 1/2
  - Final Error: Connection Timed Out

[2026-06-17 06:09:14] Processing cactusskincare-v2.yeahbuddy.nz
  - Error on attempt 1: [Errno 8] nodename nor servname provided, or not known

[2026-06-17 06:09:14] PERMANENTLY FAILED: cactusskincare-v2.yeahbuddy.nz
  - Attempts: 1/2
  - Final Error: [Errno 8] nodename nor servname provided, or not known

[2026-06-17 06:09:14] Processing mta-sts.mc-devils.de
  - Error on attempt 1: [Errno 8] nodename nor servname provided, or not known

[2026-06-17 06:09:14] PERMANENTLY FAILED: mta-sts.mc-devils.de
  - Attempts: 1/2
  - Final Error: [Errno 8] nodename nor servname provided, or not known

[2026-06-17 06:09:14] Processing wo-39lwnnoefxymci9rzjmdidl6d.w.modal.host
  - Error on attempt 1: [Errno 8] nodename nor servname provided, or not known

[2026-06-17 06:09:14] PERMANENTLY FAILED: wo-39lwnnoefxymci9rzjmdidl6d.w.modal.host
  - Attempts: 1/2
  - Final Error: [Errno 8] nodename nor servname provided, or not known

[2026-06-17 06:09:14] Processing infra-analytics.alten-eichen.net
  - Error on attempt 1: Connection Timed Out

[2026-06-17 06:09:14] PERMANENTLY FAILED: infra-analytics.alten-eichen.net
  - Attempts: 1/2
  - Final Error: Connection Timed Out

[2026-06-17 06:09:14] Processing myvv.us.ci
  - Error on attempt 1: [Errno 8] nodename nor servname provided, or not known

[2026-06-17 06:09:14] PERMANENTLY FAILED: myvv.us.ci
  - Attempts: 1/2
  - Final Error: [Errno 8] nodename nor servname provided, or not known

[2026-06-17 06:09:14] Processing analytics.armardi.com
  - Error on attempt 1: Connection Timed Out

[2026-06-17 06:09:14] PERMANENTLY FAILED: analytics.armardi.com
  - Attempts: 1/2
  - Final Error: Connection Timed Out

[2026-06-17 06:09:14] Processing wap.chana.club
  - Error on attempt 1: Connection Timed Out

[2026-06-17 06:09:14] PERMANENTLY FAILED: wap.chana.club
  - Attempts: 1/2
  - Final Error: Connection Timed Out

[2026-06-17 06:09:15] Processing cart.centralnacionalunimed.com
  - Error on attempt 1: Connection Timed Out

[2026-06-17 06:09:15] PERMANENTLY FAILED: cart.centralnacionalunimed.com
  - Attempts: 1/2
  - Final Error: Connection Timed Out

[2026-06-17 06:09:15] Processing admin.dev.os-ios.almased.uk
  - Error on attempt 1: [Errno 8] nodename nor servname provided, or not known

[2026-06-17 06:09:15] PERMANENTLY FAILED: admin.dev.os-ios.almased.uk
  - Attempts: 1/2
  - Final Error: [Errno 8] nodename nor servname provided, or not known

[2026-06-17 06:09:15] Processing ngsolvpn1.ruddiman.co.uk
  - Error on attempt 1: Connection Timed Out

[2026-06-17 06:09:15] PERMANENTLY FAILED: ngsolvpn1.ruddiman.co.uk
  - Attempts: 1/2
  - Final Error: Connection Timed Out

[2026-06-17 06:09:15] Processing wo-13z3m6ic29drrn5ndo0e2bvet.w.modal.host
  - Error on attempt 1: [Errno 8] nodename nor servname provided, or not known

[2026-06-17 06:09:15] PERMANENTLY FAILED: wo-13z3m6ic29drrn5ndo0e2bvet.w.modal.host
  - Attempts: 1/2
  - Final Error: [Errno 8] nodename nor servname provided, or not known

[2026-06-17 06:09:15] Processing kxrghnjy.meltwaterproducts.com
  - Error on attempt 1: Connection Timed Out

[2026-06-17 06:09:15] PERMANENTLY FAILED: kxrghnjy.meltwaterproducts.com
  - Attempts: 1/2
  - Final Error: Connection Timed Out

[2026-06-17 06:09:15] Processing test.sampqutv.uuuauaaayyayayayyayay.webredirect.org
  - Error on attempt 1: Connection Timed Out

[2026-06-17 06:09:15] PERMANENTLY FAILED: test.sampqutv.uuuauaaayyayayayyayay.webredirect.org
  - Attempts: 1/2
  - Final Error: Connection Timed Out

[2026-06-17 06:09:15] Processing rachelmcwrites.com
  - Error on attempt 1: [Errno 8] nodename nor servname provided, or not known

[2026-06-17 06:09:15] PERMANENTLY FAILED: rachelmcwrites.com
  - Attempts: 1/2
  - Final Error: [Errno 8] nodename nor servname provided, or not known

[2026-06-17 06:09:15] Processing api.app.hooshrooms.com
  - Error on attempt 1: Connection Timed Out

[2026-06-17 06:09:15] PERMANENTLY FAILED: api.app.hooshrooms.com
  - Attempts: 1/2
  - Final Error: Connection Timed Out

[2026-06-17 06:09:15] Processing dev.app.eezy.money
  - Error on attempt 1: [Errno 8] nodename nor servname provided, or not known

[2026-06-17 06:09:15] PERMANENTLY FAILED: dev.app.eezy.money
  - Attempts: 1/2
  - Final Error: [Errno 8] nodename nor servname provided, or not known

[2026-06-17 06:09:15] Processing atvr4d.mesh.mongodb.net
  - Error on attempt 1: [Errno 8] nodename nor servname provided, or not known

[2026-06-17 06:09:15] PERMANENTLY FAILED: atvr4d.mesh.mongodb.net
  - Attempts: 1/2
  - Final Error: [Errno 8] nodename nor servname provided, or not known

[2026-06-17 06:09:15] Processing alba.dengting.com
  - Error on attempt 1: Connection Timed Out

[2026-06-17 06:09:15] PERMANENTLY FAILED: alba.dengting.com
  - Attempts: 1/2
  - Final Error: Connection Timed Out

[2026-06-17 06:09:16] Processing api.lendingmystorybiobook.com
  - Error on attempt 1: [Errno 8] nodename nor servname provided, or not known

[2026-06-17 06:09:16] PERMANENTLY FAILED: api.lendingmystorybiobook.com
  - Attempts: 1/2
  - Final Error: [Errno 8] nodename nor servname provided, or not known

[2026-06-17 06:09:16] Processing kanjees.com
  - Error on attempt 1: [Errno 8] nodename nor servname provided, or not known

[2026-06-17 06:09:16] PERMANENTLY FAILED: kanjees.com
  - Attempts: 1/2
  - Final Error: [Errno 8] nodename nor servname provided, or not known

[2026-06-17 06:09:16] Processing thryvxye.com
  - Error on attempt 1: [SSL: TLSV1_ALERT_INTERNAL_ERROR] tlsv1 alert internal error (_ssl.c:1006)

[2026-06-17 06:09:16] PERMANENTLY FAILED: thryvxye.com
  - Attempts: 1/2
  - Final Error: [SSL: TLSV1_ALERT_INTERNAL_ERROR] tlsv1 alert internal error (_ssl.c:1006)

[2026-06-17 06:09:16] Processing dev.www.cloudflaresarksommerha.shishartech.com
  - Error on attempt 1: [Errno 8] nodename nor servname provided, or not known

[2026-06-17 06:09:16] PERMANENTLY FAILED: dev.www.cloudflaresarksommerha.shishartech.com
  - Attempts: 1/2
  - Final Error: [Errno 8] nodename nor servname provided, or not known

[2026-06-17 06:09:16] Processing de.leitbild-training.de
  - Error on attempt 1: [Errno 8] nodename nor servname provided, or not known

[2026-06-17 06:09:16] PERMANENTLY FAILED: de.leitbild-training.de
  - Attempts: 1/2
  - Final Error: [Errno 8] nodename nor servname provided, or not known

[2026-06-17 06:09:16] Processing xapp.ruddiman.co.uk
  - Error on attempt 1: Connection Timed Out

[2026-06-17 06:09:16] PERMANENTLY FAILED: xapp.ruddiman.co.uk
  - Attempts: 1/2
  - Final Error: Connection Timed Out

[2026-06-17 06:09:17] Processing f7c7627a.sni.cloudflaressl.com
  - Error on attempt 1: [SSL: SSLV3_ALERT_HANDSHAKE_FAILURE] ssl/tls alert handshake failure (_ssl.c:1006)

[2026-06-17 06:09:17] PERMANENTLY FAILED: f7c7627a.sni.cloudflaressl.com
  - Attempts: 1/2
  - Final Error: [SSL: SSLV3_ALERT_HANDSHAKE_FAILURE] ssl/tls alert handshake failure (_ssl.c:1006)

[2026-06-17 06:09:17] Processing api.dev.cimec.almased.uk
  - Error on attempt 1: [Errno 8] nodename nor servname provided, or not known

[2026-06-17 06:09:17] PERMANENTLY FAILED: api.dev.cimec.almased.uk
  - Attempts: 1/2
  - Final Error: [Errno 8] nodename nor servname provided, or not known

[2026-06-17 06:09:17] Processing imeanbusinessinternational.com
  - Error on attempt 1: [Errno 8] nodename nor servname provided, or not known

[2026-06-17 06:09:17] PERMANENTLY FAILED: imeanbusinessinternational.com
  - Attempts: 1/2
  - Final Error: [Errno 8] nodename nor servname provided, or not known

[2026-06-17 06:09:17] Processing chalet-en-montagne.com
  - Error on attempt 1: Connection Timed Out

[2026-06-17 06:09:17] PERMANENTLY FAILED: chalet-en-montagne.com
  - Attempts: 1/2
  - Final Error: Connection Timed Out

[2026-06-17 06:09:17] Processing 6c63f8e9c0e4094d9bdd09cde18c0687e7934.id.ui.direct
  - Error on attempt 1: [Errno 8] nodename nor servname provided, or not known

[2026-06-17 06:09:17] PERMANENTLY FAILED: 6c63f8e9c0e4094d9bdd09cde18c0687e7934.id.ui.direct
  - Attempts: 1/2
  - Final Error: [Errno 8] nodename nor servname provided, or not known

[2026-06-17 06:09:17] Processing weightlossbeautyandlove.com
  - Error on attempt 1: [Errno 61] Connection refused

[2026-06-17 06:09:17] PERMANENTLY FAILED: weightlossbeautyandlove.com
  - Attempts: 1/2
  - Final Error: [Errno 61] Connection refused

[2026-06-17 06:09:17] Processing axelelie.direct.quickconnect.to
  - Error on attempt 1: [Errno 61] Connection refused

[2026-06-17 06:09:17] PERMANENTLY FAILED: axelelie.direct.quickconnect.to
  - Attempts: 1/2
  - Final Error: [Errno 61] Connection refused

[2026-06-17 06:09:17] Processing ra.nobrand.ch
  - Error on attempt 1: Connection Timed Out

[2026-06-17 06:09:17] PERMANENTLY FAILED: ra.nobrand.ch
  - Attempts: 1/2
  - Final Error: Connection Timed Out

[2026-06-17 06:09:17] Processing subshay.com
  - Error on attempt 1: [Errno 8] nodename nor servname provided, or not known

[2026-06-17 06:09:17] PERMANENTLY FAILED: subshay.com
  - Attempts: 1/2
  - Final Error: [Errno 8] nodename nor servname provided, or not known

[2026-06-17 06:09:18] Processing iki.eyemedvisioncard.com
  - Error on attempt 1: Connection Timed Out

[2026-06-17 06:09:18] PERMANENTLY FAILED: iki.eyemedvisioncard.com
  - Attempts: 1/2
  - Final Error: Connection Timed Out

[2026-06-17 06:09:18] Processing wo-a67jyin6l7yfd9i52mbtwfqpj.w.modal.host
  - Error on attempt 1: [Errno 8] nodename nor servname provided, or not known

[2026-06-17 06:09:18] PERMANENTLY FAILED: wo-a67jyin6l7yfd9i52mbtwfqpj.w.modal.host
  - Attempts: 1/2
  - Final Error: [Errno 8] nodename nor servname provided, or not known

[2026-06-17 06:09:18] Processing connect.mindpicture.com
  - Error on attempt 1: [SSL: TLSV1_UNRECOGNIZED_NAME] tlsv1 unrecognized name (_ssl.c:1006)

[2026-06-17 06:09:18] PERMANENTLY FAILED: connect.mindpicture.com
  - Attempts: 1/2
  - Final Error: [SSL: TLSV1_UNRECOGNIZED_NAME] tlsv1 unrecognized name (_ssl.c:1006)

[2026-06-17 06:09:18] Processing email.htmllink.de
  - Error on attempt 1: [Errno 8] nodename nor servname provided, or not known

[2026-06-17 06:09:18] PERMANENTLY FAILED: email.htmllink.de
  - Attempts: 1/2
  - Final Error: [Errno 8] nodename nor servname provided, or not known

[2026-06-17 06:09:18] Processing form.toplegalexpert.com
  - Error on attempt 1: [SSL: SSLV3_ALERT_HANDSHAKE_FAILURE] ssl/tls alert handshake failure (_ssl.c:1006)

[2026-06-17 06:09:18] PERMANENTLY FAILED: form.toplegalexpert.com
  - Attempts: 1/2
  - Final Error: [SSL: SSLV3_ALERT_HANDSHAKE_FAILURE] ssl/tls alert handshake failure (_ssl.c:1006)

[2026-06-17 06:09:18] Processing dev.app.gotscottrichardsconsulting.com
  - Error on attempt 1: [Errno 8] nodename nor servname provided, or not known

[2026-06-17 06:09:18] PERMANENTLY FAILED: dev.app.gotscottrichardsconsulting.com
  - Attempts: 1/2
  - Final Error: [Errno 8] nodename nor servname provided, or not known

[2026-06-17 06:09:19] Processing m.freecelebritysextapes.com
  - Error on attempt 1: [Errno 54] Connection reset by peer

[2026-06-17 06:09:19] PERMANENTLY FAILED: m.freecelebritysextapes.com
  - Attempts: 1/2
  - Final Error: [Errno 54] Connection reset by peer

[2026-06-17 06:09:19] Processing intranet.runningsnowshoes.com
  - Error on attempt 1: Connection Timed Out

[2026-06-17 06:09:19] PERMANENTLY FAILED: intranet.runningsnowshoes.com
  - Attempts: 1/2
  - Final Error: Connection Timed Out

[2026-06-17 06:09:19] Processing templumga.com
  - Error on attempt 1: [Errno 8] nodename nor servname provided, or not known

[2026-06-17 06:09:19] PERMANENTLY FAILED: templumga.com
  - Attempts: 1/2
  - Final Error: [Errno 8] nodename nor servname provided, or not known

[2026-06-17 06:09:19] Processing chart.russiehotel.com
  - Error on attempt 1: Connection Timed Out

[2026-06-17 06:09:19] PERMANENTLY FAILED: chart.russiehotel.com
  - Attempts: 1/2
  - Final Error: Connection Timed Out

[2026-06-17 06:09:19] Processing rd.pmif.com
  - Error on attempt 1: [SSL: TLSV1_UNRECOGNIZED_NAME] tlsv1 unrecognized name (_ssl.c:1006)

[2026-06-17 06:09:19] PERMANENTLY FAILED: rd.pmif.com
  - Attempts: 1/2
  - Final Error: [SSL: TLSV1_UNRECOGNIZED_NAME] tlsv1 unrecognized name (_ssl.c:1006)

[2026-06-17 06:09:19] Processing local.ruddiman.co.uk
  - Error on attempt 1: Connection Timed Out

[2026-06-17 06:09:19] PERMANENTLY FAILED: local.ruddiman.co.uk
  - Attempts: 1/2
  - Final Error: Connection Timed Out

[2026-06-17 06:09:19] Processing sassmachine.co.uk
  - Error on attempt 1: [SSL: UNEXPECTED_EOF_WHILE_READING] EOF occurred in violation of protocol (_ssl.c:1006)

[2026-06-17 06:09:19] PERMANENTLY FAILED: sassmachine.co.uk
  - Attempts: 1/2
  - Final Error: [SSL: UNEXPECTED_EOF_WHILE_READING] EOF occurred in violation of protocol (_ssl.c:1006)

[2026-06-17 06:09:20] Processing 1ne4j.theseasonofstories.com
  - Error on attempt 1: [Errno 8] nodename nor servname provided, or not known

[2026-06-17 06:09:20] PERMANENTLY FAILED: 1ne4j.theseasonofstories.com
  - Attempts: 1/2
  - Final Error: [Errno 8] nodename nor servname provided, or not known

[2026-06-17 06:09:20] Processing a1e328fe447f4e92a12947350fb1bed3.cc.arc.azure.net
  - Error on attempt 1: [Errno 8] nodename nor servname provided, or not known

[2026-06-17 06:09:20] PERMANENTLY FAILED: a1e328fe447f4e92a12947350fb1bed3.cc.arc.azure.net
  - Attempts: 1/2
  - Final Error: [Errno 8] nodename nor servname provided, or not known

[2026-06-17 06:09:20] Processing seo.finikeserver.click
  - Error on attempt 1: [SSL: UNEXPECTED_EOF_WHILE_READING] EOF occurred in violation of protocol (_ssl.c:1006)

[2026-06-17 06:09:20] PERMANENTLY FAILED: seo.finikeserver.click
  - Attempts: 1/2
  - Final Error: [SSL: UNEXPECTED_EOF_WHILE_READING] EOF occurred in violation of protocol (_ssl.c:1006)

[2026-06-17 06:09:20] Processing admin.www.blue.lynx.org
  - Error on attempt 1: [SSL: TLSV1_UNRECOGNIZED_NAME] tlsv1 unrecognized name (_ssl.c:1006)

[2026-06-17 06:09:20] PERMANENTLY FAILED: admin.www.blue.lynx.org
  - Attempts: 1/2
  - Final Error: [SSL: TLSV1_UNRECOGNIZED_NAME] tlsv1 unrecognized name (_ssl.c:1006)

[2026-06-17 06:09:21] Processing qeten.sbs
  - Error on attempt 1: [Errno 8] nodename nor servname provided, or not known

[2026-06-17 06:09:21] PERMANENTLY FAILED: qeten.sbs
  - Attempts: 1/2
  - Final Error: [Errno 8] nodename nor servname provided, or not known

[2026-06-17 06:09:21] Processing api.www.eddpptdhj1wgdlv61.135.148.27.57.nip.io
  - Error on attempt 1: [SSL: TLSV1_ALERT_INTERNAL_ERROR] tlsv1 alert internal error (_ssl.c:1006)

[2026-06-17 06:09:21] PERMANENTLY FAILED: api.www.eddpptdhj1wgdlv61.135.148.27.57.nip.io
  - Attempts: 1/2
  - Final Error: [SSL: TLSV1_ALERT_INTERNAL_ERROR] tlsv1 alert internal error (_ssl.c:1006)

[2026-06-17 06:09:21] Processing cny.com.brmdb.netww.22fd810e.nip.io
  - Error on attempt 1: Connection Timed Out

[2026-06-17 06:09:21] PERMANENTLY FAILED: cny.com.brmdb.netww.22fd810e.nip.io
  - Attempts: 1/2
  - Final Error: Connection Timed Out

[2026-06-17 06:09:21] Processing staging.sitemap.cancerkey.com
  - Error on attempt 1: [SSL: UNEXPECTED_EOF_WHILE_READING] EOF occurred in violation of protocol (_ssl.c:1006)

[2026-06-17 06:09:21] PERMANENTLY FAILED: staging.sitemap.cancerkey.com
  - Attempts: 1/2
  - Final Error: [SSL: UNEXPECTED_EOF_WHILE_READING] EOF occurred in violation of protocol (_ssl.c:1006)

[2026-06-17 06:09:21] Processing cool-ha-rpere-ag-le.workers.dev
  - Error on attempt 1: [Errno 8] nodename nor servname provided, or not known

[2026-06-17 06:09:21] PERMANENTLY FAILED: cool-ha-rpere-ag-le.workers.dev
  - Attempts: 1/2
  - Final Error: [Errno 8] nodename nor servname provided, or not known

[2026-06-17 06:09:22] Processing wo-bb4gr41xtaa8lfqo7awyg7uwk.w.modal.host
  - Error on attempt 1: [Errno 8] nodename nor servname provided, or not known

[2026-06-17 06:09:22] PERMANENTLY FAILED: wo-bb4gr41xtaa8lfqo7awyg7uwk.w.modal.host
  - Attempts: 1/2
  - Final Error: [Errno 8] nodename nor servname provided, or not known

[2026-06-17 06:09:22] Processing 3netidaho.com
  - Error on attempt 1: [Errno 8] nodename nor servname provided, or not known

[2026-06-17 06:09:22] PERMANENTLY FAILED: 3netidaho.com
  - Attempts: 1/2
  - Final Error: [Errno 8] nodename nor servname provided, or not known

[2026-06-17 06:09:22] Processing nfcdstudio.com
  - Error on attempt 1: [Errno 8] nodename nor servname provided, or not known

[2026-06-17 06:09:22] PERMANENTLY FAILED: nfcdstudio.com
  - Attempts: 1/2
  - Final Error: [Errno 8] nodename nor servname provided, or not known

[2026-06-17 06:09:22] Processing allstarfirm.com
  - Error on attempt 1: [Errno 61] Connection refused

[2026-06-17 06:09:22] PERMANENTLY FAILED: allstarfirm.com
  - Attempts: 1/2
  - Final Error: [Errno 61] Connection refused

[2026-06-17 06:09:22] Processing wwwapsmtps.innovationcast.net
  - Error on attempt 1: [Errno 8] nodename nor servname provided, or not known

[2026-06-17 06:09:22] PERMANENTLY FAILED: wwwapsmtps.innovationcast.net
  - Attempts: 1/2
  - Final Error: [Errno 8] nodename nor servname provided, or not known

[2026-06-17 06:09:22] Processing connect.centralnacionalunimed.com
  - Error on attempt 1: Connection Timed Out

[2026-06-17 06:09:22] PERMANENTLY FAILED: connect.centralnacionalunimed.com
  - Attempts: 1/2
  - Final Error: Connection Timed Out

[2026-06-17 06:09:23] Processing asediversity.com
  - Error on attempt 1: [Errno 8] nodename nor servname provided, or not known

[2026-06-17 06:09:23] PERMANENTLY FAILED: asediversity.com
  - Attempts: 1/2
  - Final Error: [Errno 8] nodename nor servname provided, or not known

[2026-06-17 06:09:23] Processing fdjflkjhcklfj.com
  - Error on attempt 1: [Errno 8] nodename nor servname provided, or not known

[2026-06-17 06:09:23] PERMANENTLY FAILED: fdjflkjhcklfj.com
  - Attempts: 1/2
  - Final Error: [Errno 8] nodename nor servname provided, or not known

[2026-06-17 06:09:23] Processing dev.chipublic.org
  - Error on attempt 1: [Errno 61] Connection refused

[2026-06-17 06:09:23] PERMANENTLY FAILED: dev.chipublic.org
  - Attempts: 1/2
  - Final Error: [Errno 61] Connection refused

[2026-06-17 06:09:24] Processing cpcontacts.ruddiman.co.uk
  - Error on attempt 1: Connection Timed Out

[2026-06-17 06:09:24] PERMANENTLY FAILED: cpcontacts.ruddiman.co.uk
  - Attempts: 1/2
  - Final Error: Connection Timed Out

[2026-06-17 06:09:24] Processing email.kjbm.profilmmakers.com
  - Error on attempt 1: [Errno 8] nodename nor servname provided, or not known

[2026-06-17 06:09:24] PERMANENTLY FAILED: email.kjbm.profilmmakers.com
  - Attempts: 1/2
  - Final Error: [Errno 8] nodename nor servname provided, or not known

[2026-06-17 06:09:24] Processing locations.ruddiman.co.uk
  - Error on attempt 1: Connection Timed Out

[2026-06-17 06:09:24] PERMANENTLY FAILED: locations.ruddiman.co.uk
  - Attempts: 1/2
  - Final Error: Connection Timed Out

[2026-06-17 06:09:24] Processing 77771ea576ac40a3b921960d0239cdfb.cc.arc.azure.net
  - Error on attempt 1: [Errno 8] nodename nor servname provided, or not known

[2026-06-17 06:09:24] PERMANENTLY FAILED: 77771ea576ac40a3b921960d0239cdfb.cc.arc.azure.net
  - Attempts: 1/2
  - Final Error: [Errno 8] nodename nor servname provided, or not known

[2026-06-17 06:09:24] Processing nordvarde.com
  - Error on attempt 1: [Errno 8] nodename nor servname provided, or not known

[2026-06-17 06:09:24] PERMANENTLY FAILED: nordvarde.com
  - Attempts: 1/2
  - Final Error: [Errno 8] nodename nor servname provided, or not known

[2026-06-17 06:09:24] Processing capcutproapk.net.br
  - Error on attempt 1: [Errno 8] nodename nor servname provided, or not known

[2026-06-17 06:09:24] PERMANENTLY FAILED: capcutproapk.net.br
  - Attempts: 1/2
  - Final Error: [Errno 8] nodename nor servname provided, or not known

[2026-06-17 06:09:25] Processing pngicentral.com
  - Error on attempt 1: [Errno 61] Connection refused

[2026-06-17 06:09:25] PERMANENTLY FAILED: pngicentral.com
  - Attempts: 1/2
  - Final Error: [Errno 61] Connection refused

[2026-06-17 06:09:25] Processing members.marcwalters.com
  - Error on attempt 1: [Errno 8] nodename nor servname provided, or not known

[2026-06-17 06:09:25] PERMANENTLY FAILED: members.marcwalters.com
  - Attempts: 1/2
  - Final Error: [Errno 8] nodename nor servname provided, or not known

[2026-06-17 06:09:25] Processing admin.www.commericalpermitsapprovalemails.co
  - Error on attempt 1: Connection Timed Out

[2026-06-17 06:09:25] PERMANENTLY FAILED: admin.www.commericalpermitsapprovalemails.co
  - Attempts: 1/2
  - Final Error: Connection Timed Out

[2026-06-17 06:09:25] Processing kino.kazmin.com
  - Error on attempt 1: [Errno 8] nodename nor servname provided, or not known

[2026-06-17 06:09:25] PERMANENTLY FAILED: kino.kazmin.com
  - Attempts: 1/2
  - Final Error: [Errno 8] nodename nor servname provided, or not known

[2026-06-17 06:09:25] Processing mobile.freeadblaster.com
  - Error on attempt 1: Connection Timed Out

[2026-06-17 06:09:25] PERMANENTLY FAILED: mobile.freeadblaster.com
  - Attempts: 1/2
  - Final Error: Connection Timed Out

[2026-06-17 06:09:25] Processing staging.shinodage.almased.uk
  - Error on attempt 1: [Errno 8] nodename nor servname provided, or not known

[2026-06-17 06:09:25] PERMANENTLY FAILED: staging.shinodage.almased.uk
  - Attempts: 1/2
  - Final Error: [Errno 8] nodename nor servname provided, or not known

[2026-06-17 06:09:25] Processing yqjgsg.jingtewang.net
  - Error on attempt 1: [Errno 8] nodename nor servname provided, or not known

[2026-06-17 06:09:25] PERMANENTLY FAILED: yqjgsg.jingtewang.net
  - Attempts: 1/2
  - Final Error: [Errno 8] nodename nor servname provided, or not known

[2026-06-17 06:09:25] Processing smokeping.kazmin.com
  - Error on attempt 1: [Errno 8] nodename nor servname provided, or not known

[2026-06-17 06:09:25] PERMANENTLY FAILED: smokeping.kazmin.com
  - Attempts: 1/2
  - Final Error: [Errno 8] nodename nor servname provided, or not known

[2026-06-17 06:09:25] Processing awvpn.steel.cl
  - Error on attempt 1: Connection Timed Out

[2026-06-17 06:09:25] PERMANENTLY FAILED: awvpn.steel.cl
  - Attempts: 1/2
  - Final Error: Connection Timed Out

[2026-06-17 06:09:25] Processing admin.adtghbin.uuuauaaayyayayayyayay.webredirect.org
  - Error on attempt 1: Connection Timed Out

[2026-06-17 06:09:25] PERMANENTLY FAILED: admin.adtghbin.uuuauaaayyayayayyayay.webredirect.org
  - Attempts: 1/2
  - Final Error: Connection Timed Out

[2026-06-17 06:09:25] Processing staging.dev.www.nything.jobi.one
  - Error on attempt 1: Connection Timed Out

[2026-06-17 06:09:25] PERMANENTLY FAILED: staging.dev.www.nything.jobi.one
  - Attempts: 1/2
  - Final Error: Connection Timed Out

[2026-06-17 06:09:25] Processing cursebustersound.net
  - Error on attempt 1: [Errno 51] Network is unreachable

[2026-06-17 06:09:25] PERMANENTLY FAILED: cursebustersound.net
  - Attempts: 1/2
  - Final Error: [Errno 51] Network is unreachable

[2026-06-17 06:09:25] Processing beauty.skypek.com
  - Error on attempt 1: [Errno 8] nodename nor servname provided, or not known

[2026-06-17 06:09:25] PERMANENTLY FAILED: beauty.skypek.com
  - Attempts: 1/2
  - Final Error: [Errno 8] nodename nor servname provided, or not known

[2026-06-17 06:09:26] Processing admin.cudetu.online
  - Error on attempt 1: [Errno 8] nodename nor servname provided, or not known

[2026-06-17 06:09:26] PERMANENTLY FAILED: admin.cudetu.online
  - Attempts: 1/2
  - Final Error: [Errno 8] nodename nor servname provided, or not known

[2026-06-17 06:09:26] Processing extranet.kazmin.com
  - Error on attempt 1: [Errno 8] nodename nor servname provided, or not known

[2026-06-17 06:09:26] PERMANENTLY FAILED: extranet.kazmin.com
  - Attempts: 1/2
  - Final Error: [Errno 8] nodename nor servname provided, or not known

[2026-06-17 06:09:26] Processing www7mstaging.dev.gandal.insightandsound.co.uk
  - Error on attempt 1: Connection Timed Out

[2026-06-17 06:09:26] PERMANENTLY FAILED: www7mstaging.dev.gandal.insightandsound.co.uk
  - Attempts: 1/2
  - Final Error: Connection Timed Out

[2026-06-17 06:09:26] Processing api.api.banyun.sbs
  - Error on attempt 1: Connection Timed Out

[2026-06-17 06:09:26] PERMANENTLY FAILED: api.api.banyun.sbs
  - Attempts: 1/2
  - Final Error: Connection Timed Out

[2026-06-17 06:09:26] Processing granolaparfait.com
  - Error on attempt 1: [Errno 8] nodename nor servname provided, or not known

[2026-06-17 06:09:26] PERMANENTLY FAILED: granolaparfait.com
  - Attempts: 1/2
  - Final Error: [Errno 8] nodename nor servname provided, or not known

[2026-06-17 06:09:26] Processing remctraffcp.cloud
  - Error on attempt 1: [Errno 8] nodename nor servname provided, or not known

[2026-06-17 06:09:26] PERMANENTLY FAILED: remctraffcp.cloud
  - Attempts: 1/2
  - Final Error: [Errno 8] nodename nor servname provided, or not known

[2026-06-17 06:09:27] Processing 5c8ac028-bc50-4ffe-b07f-712420d42ad4.dootee.com
  - Error on attempt 1: Connection Timed Out

[2026-06-17 06:09:27] PERMANENTLY FAILED: 5c8ac028-bc50-4ffe-b07f-712420d42ad4.dootee.com
  - Attempts: 1/2
  - Final Error: Connection Timed Out

[2026-06-17 06:09:27] Processing ww25.cpanel.g2ggrand.info
  - Error on attempt 1: [Errno 8] nodename nor servname provided, or not known

[2026-06-17 06:09:27] PERMANENTLY FAILED: ww25.cpanel.g2ggrand.info
  - Attempts: 1/2
  - Final Error: [Errno 8] nodename nor servname provided, or not known

[2026-06-17 06:09:27] Processing nnodnxiztchqw.innovationcast.net
  - Error on attempt 1: [Errno 8] nodename nor servname provided, or not known

[2026-06-17 06:09:27] PERMANENTLY FAILED: nnodnxiztchqw.innovationcast.net
  - Attempts: 1/2
  - Final Error: [Errno 8] nodename nor servname provided, or not known

[2026-06-17 06:09:27] Processing rtmenaaz.ddmysteries.com
  - Error on attempt 1: Connection Timed Out

[2026-06-17 06:09:27] PERMANENTLY FAILED: rtmenaaz.ddmysteries.com
  - Attempts: 1/2
  - Final Error: Connection Timed Out

[2026-06-17 06:09:27] Processing uat.cimo.it
  - Error on attempt 1: Connection Timed Out

[2026-06-17 06:09:27] PERMANENTLY FAILED: uat.cimo.it
  - Attempts: 1/2
  - Final Error: Connection Timed Out

[2026-06-17 06:09:28] Processing wo-rt6bs6ijqdh6351texh1bx41u.w.modal.host
  - Error on attempt 1: [Errno 8] nodename nor servname provided, or not known

[2026-06-17 06:09:28] PERMANENTLY FAILED: wo-rt6bs6ijqdh6351texh1bx41u.w.modal.host
  - Attempts: 1/2
  - Final Error: [Errno 8] nodename nor servname provided, or not known

[2026-06-17 06:09:28] Processing loveportolavalley.online
  - Error on attempt 1: [Errno 8] nodename nor servname provided, or not known

[2026-06-17 06:09:28] PERMANENTLY FAILED: loveportolavalley.online
  - Attempts: 1/2
  - Final Error: [Errno 8] nodename nor servname provided, or not known

[2026-06-17 06:09:28] Processing regencystreet.com
  - Error on attempt 1: [Errno 8] nodename nor servname provided, or not known

[2026-06-17 06:09:28] PERMANENTLY FAILED: regencystreet.com
  - Attempts: 1/2
  - Final Error: [Errno 8] nodename nor servname provided, or not known

[2026-06-17 06:09:29] Processing test.wwwclient.scramjt.jobi.one
  - Error on attempt 1: Connection Timed Out

[2026-06-17 06:09:29] PERMANENTLY FAILED: test.wwwclient.scramjt.jobi.one
  - Attempts: 1/2
  - Final Error: Connection Timed Out

[2026-06-17 06:09:29] Processing bot.harcourt.de
  - Error on attempt 1: Connection Timed Out

[2026-06-17 06:09:29] PERMANENTLY FAILED: bot.harcourt.de
  - Attempts: 1/2
  - Final Error: Connection Timed Out

[2026-06-17 06:09:29] Processing connect.harcourt.de
  - Error on attempt 1: Connection Timed Out

[2026-06-17 06:09:29] PERMANENTLY FAILED: connect.harcourt.de
  - Attempts: 1/2
  - Final Error: Connection Timed Out

[2026-06-17 06:09:31] Processing anywhere.medwayutc.co.uk
  - Error on attempt 1: Connection Timed Out

[2026-06-17 06:09:31] PERMANENTLY FAILED: anywhere.medwayutc.co.uk
  - Attempts: 1/2
  - Final Error: Connection Timed Out

[2026-06-17 06:09:32] Processing youaskedforitwegotit.com
  - Error on attempt 1: [Errno 61] Connection refused

[2026-06-17 06:09:32] PERMANENTLY FAILED: youaskedforitwegotit.com
  - Attempts: 1/2
  - Final Error: [Errno 61] Connection refused

[2026-06-17 06:09:32] Processing mail.wingalgeria.com
  - Error on attempt 1: [Errno 8] nodename nor servname provided, or not known

[2026-06-17 06:09:32] PERMANENTLY FAILED: mail.wingalgeria.com
  - Attempts: 1/2
  - Final Error: [Errno 8] nodename nor servname provided, or not known

[2026-06-17 06:09:33] Processing saas.hup.es
  - Error on attempt 1: Connection Timed Out

[2026-06-17 06:09:33] PERMANENTLY FAILED: saas.hup.es
  - Attempts: 1/2
  - Final Error: Connection Timed Out

[2026-06-17 06:09:33] Processing lsdaj.cn
  - Error on attempt 1: Connection Timed Out

[2026-06-17 06:09:33] PERMANENTLY FAILED: lsdaj.cn
  - Attempts: 1/2
  - Final Error: Connection Timed Out

[2026-06-17 06:09:34] Processing tdns.workers.dev
  - Error on attempt 1: [Errno 8] nodename nor servname provided, or not known

[2026-06-17 06:09:34] PERMANENTLY FAILED: tdns.workers.dev
  - Attempts: 1/2
  - Final Error: [Errno 8] nodename nor servname provided, or not known

[2026-06-17 06:09:34] Processing 192-168-2-28.t1cgzh7xsl2.ddns.manage.alta.inc
  - Error on attempt 1: Connection Timed Out

[2026-06-17 06:09:34] PERMANENTLY FAILED: 192-168-2-28.t1cgzh7xsl2.ddns.manage.alta.inc
  - Attempts: 1/2
  - Final Error: Connection Timed Out

[2026-06-17 06:09:34] Processing israelballet.com
  - Error on attempt 1: Connection Timed Out

[2026-06-17 06:09:34] PERMANENTLY FAILED: israelballet.com
  - Attempts: 1/2
  - Final Error: Connection Timed Out

[2026-06-17 06:09:35] Processing rmdgixct.meltwaterproducts.com
  - Error on attempt 1: Connection Timed Out

[2026-06-17 06:09:35] PERMANENTLY FAILED: rmdgixct.meltwaterproducts.com
  - Attempts: 1/2
  - Final Error: Connection Timed Out

[2026-06-17 06:09:35] Processing 46c46b40-3804-4a30-8a05-a3be067d5498.extraordinaryfloors.com
  - Error on attempt 1: Connection Timed Out

[2026-06-17 06:09:35] PERMANENTLY FAILED: 46c46b40-3804-4a30-8a05-a3be067d5498.extraordinaryfloors.com
  - Attempts: 1/2
  - Final Error: Connection Timed Out

[2026-06-17 06:09:35] Processing admin.dev.quzeqforum.jobi.one
  - Error on attempt 1: Connection Timed Out

[2026-06-17 06:09:35] PERMANENTLY FAILED: admin.dev.quzeqforum.jobi.one
  - Attempts: 1/2
  - Final Error: Connection Timed Out

[2026-06-17 06:09:36] Processing iiijfstores.rocketvoip.com
  - Error on attempt 1: Connection Timed Out

[2026-06-17 06:09:36] PERMANENTLY FAILED: iiijfstores.rocketvoip.com
  - Attempts: 1/2
  - Final Error: Connection Timed Out

[2026-06-17 06:09:36] Processing api.ddo.cn.com
  - Error on attempt 1: Connection Timed Out

[2026-06-17 06:09:36] PERMANENTLY FAILED: api.ddo.cn.com
  - Attempts: 1/2
  - Final Error: Connection Timed Out

[2026-06-17 06:09:36] Processing admin.app.hooshrooms.com
  - Error on attempt 1: Connection Timed Out

[2026-06-17 06:09:36] PERMANENTLY FAILED: admin.app.hooshrooms.com
  - Attempts: 1/2
  - Final Error: Connection Timed Out

[2026-06-17 06:09:37] Processing test.api.bacm.dev
  - Error on attempt 1: Connection Timed Out

[2026-06-17 06:09:37] PERMANENTLY FAILED: test.api.bacm.dev
  - Attempts: 1/2
  - Final Error: Connection Timed Out

[2026-06-17 06:09:37] Processing dev.meltwaterproducts.com
  - Error on attempt 1: Connection Timed Out

[2026-06-17 06:09:37] PERMANENTLY FAILED: dev.meltwaterproducts.com
  - Attempts: 1/2
  - Final Error: Connection Timed Out

[2026-06-17 06:09:41] Processing device-f6a53f03-5ba3-4408-9f30-2c7d49bb3592.remotewd.com
  - Error on attempt 1: Connection Timed Out

[2026-06-17 06:09:41] PERMANENTLY FAILED: device-f6a53f03-5ba3-4408-9f30-2c7d49bb3592.remotewd.com
  - Attempts: 1/2
  - Final Error: Connection Timed Out

[2026-06-17 06:09:41] Processing api.allainjules.jobi.one
  - Error on attempt 1: Connection Timed Out

[2026-06-17 06:09:41] PERMANENTLY FAILED: api.allainjules.jobi.one
  - Attempts: 1/2
  - Final Error: Connection Timed Out

[2026-06-17 06:09:42] Processing dodon.pesu.cn
  - Error on attempt 1: Connection Timed Out

[2026-06-17 06:09:42] PERMANENTLY FAILED: dodon.pesu.cn
  - Attempts: 1/2
  - Final Error: Connection Timed Out

[2026-06-17 06:09:43] Processing nanodot.shop
  - Error on attempt 1: Connection Timed Out

[2026-06-17 06:09:43] PERMANENTLY FAILED: nanodot.shop
  - Attempts: 1/2
  - Final Error: Connection Timed Out

